timestamp,a_cal,d_cal,c_cal,T_cal,J_final
2026-05-17 10:28:53.982952,1.2,0.1,0.9,0.863,10000
2026-05-17 10:28:54.991321,1.2,0.1,0.9,0.863,10000
2026-05-17 10:28:55.991724,1.2,0.1,0.9,0.863,10000
2026-05-17 10:28:56.991733,1.2,0.1,0.9,0.863,10000
2026-05-17 10:28:57.991733,1.2,0.1,0.9,0.863,10000
2026-05-17 10:28:58.991834,1.2,0.1,0.9,0.863,10000
2026-05-17 10:29:00.011292,1.2,0.1,0.9,0.863,10000
2026-05-17 10:29:01.011693,1.2,0.1,0.9,0.863,10000
2026-05-17 10:29:02.014117,1.2,0.1,0.9,0.863,10000
2026-05-17 10:29:03.014117,1.2,0.1,0.9,0.863,10000
2026-05-17 10:29:04.014117,1.2,0.1,0.9,0.863,10000
2026-05-17 10:29:05.014117,1.2,0.1,0.9,0.863,10000
2026-05-17 10:29:06.014119,1.2,0.1,0.9,0.863,10000
2026-05-17 10:29:07.014119,1.2,0.1,0.9,0.863,10000
2026-05-17 10:29:08.014119,1.2,0.1,0.9,0.863,10000
2026-05-17 10:29:09.014242,1.2,0.1,0.9,0.863,10000
2026-05-17 10:29:10.014242,1.2,0.1,0.9,0.863,10000
2026-05-17 10:29:11.016074,1.2,0.1,0.9,0.863,10000
2026-05-17 10:29:12.016822,1.2,0.1,0.9,0.863,10000
2026-05-17 10:29:13.016822,1.2,0.1,0.9,0.863,10000
2026-05-17 10:29:14.018834,1.2,0.1,0.9,0.863,10000
2026-05-17 10:29:15.018834,1.2,0.1,0.9,0.863,10000
2026-05-17 10:29:16.018834,1.2,0.1,0.9,0.863,10000
2026-05-17 10:29:17.018834,1.2,0.1,0.9,0.863,10000
2026-05-17 10:29:18.018834,1.2,0.1,0.9,0.863,10000
2026-05-17 10:29:19.018838,1.2,0.1,0.9,0.863,10000
2026-05-17 10:29:20.018838,1.2,0.1,0.9,0.863,10000
2026-05-17 10:29:21.019102,1.2,0.1,0.9,0.863,10000
2026-05-17 10:29:22.020378,1.2,0.1,0.9,0.863,10000
2026-05-17 10:29:23.020378,1.2,0.1,0.9,0.863,10000
2026-05-17 10:29:24.020424,1.2,0.1,0.9,0.863,10000
2026-05-17 10:29:25.020424,1.2,0.1,0.9,0.863,10000
2026-05-17 10:29:26.021624,1.2,0.1,0.9,0.863,10000
2026-05-17 10:29:27.023876,1.2,0.1,0.9,0.863,10000
2026-05-17 10:29:28.024241,1.2,0.1,0.9,0.863,10000
2026-05-17 10:29:29.024343,1.2,0.1,0.9,0.863,10000
2026-05-17 10:29:30.024343,1.2,0.1,0.9,0.863,10000
2026-05-17 10:29:31.024343,1.2,0.1,0.9,0.863,10000
2026-05-17 10:29:32.024343,1.2,0.1,0.9,0.863,10000
2026-05-17 10:29:33.027294,1.2,0.1,0.9,0.863,10000
2026-05-17 10:29:34.033869,1.2,0.1,0.9,0.863,10000
2026-05-17 10:29:35.033869,1.2,0.1,0.9,0.863,10000
2026-05-17 10:29:36.033869,1.2,0.1,0.9,0.863,10000
2026-05-17 10:29:37.033875,1.2,0.1,0.9,0.863,10000
2026-05-17 10:29:38.033875,1.2,0.1,0.9,0.863,10000
2026-05-17 10:29:39.033888,1.2,0.1,0.9,0.863,10000
2026-05-17 10:29:40.033888,1.2,0.1,0.9,0.863,10000
2026-05-17 10:29:41.033888,1.2,0.1,0.9,0.863,10000
2026-05-17 10:29:42.033888,1.2,0.1,0.9,0.863,10000
2026-05-17 10:29:43.033888,1.2,0.1,0.9,0.863,10000
2026-05-17 10:29:44.033888,1.2,0.1,0.9,0.863,10000
2026-05-17 10:29:45.033898,1.2,0.1,0.9,0.863,10000
2026-05-17 10:29:46.038064,1.2,0.1,0.9,0.863,10000
2026-05-17 10:29:47.038064,1.2,0.1,0.9,0.863,10000
2026-05-17 10:29:48.038158,1.2,0.1,0.9,0.863,10000
2026-05-17 10:29:49.038158,1.2,0.1,0.9,0.863,10000
2026-05-17 10:29:50.039731,1.2,0.1,0.9,0.863,10000
2026-05-17 10:29:51.039731,1.2,0.1,0.9,0.863,10000
2026-05-17 10:29:52.039731,1.2,0.1,0.9,0.863,10000
2026-05-17 10:29:53.047878,1.2,0.1,0.9,0.863,10000
2026-05-17 10:29:54.048773,1.2,0.1,0.9,0.863,10000
2026-05-17 10:29:55.049264,1.2,0.1,0.9,0.863,10000
2026-05-17 10:29:56.049865,1.2,0.1,0.9,0.863,10000
2026-05-17 10:29:57.049865,1.2,0.1,0.9,0.863,10000
2026-05-17 10:29:58.049865,1.2,0.1,0.9,0.863,10000
2026-05-17 10:29:59.049865,1.2,0.1,0.9,0.863,10000
2026-05-17 10:30:00.049865,1.2,0.1,0.9,0.863,10000
2026-05-17 10:30:01.049872,1.2,0.1,0.9,0.863,10000
2026-05-17 10:30:02.057458,1.2,0.1,0.9,0.863,10000
2026-05-17 10:30:03.057464,1.2,0.1,0.9,0.863,10000
2026-05-17 10:30:04.057607,1.2,0.1,0.9,0.863,10000
2026-05-17 10:30:05.057607,1.2,0.1,0.9,0.863,10000
2026-05-17 10:30:06.057607,1.2,0.1,0.9,0.863,10000
2026-05-17 10:30:07.060597,1.2,0.1,0.9,0.863,10000
2026-05-17 10:30:08.060597,1.2,0.1,0.9,0.863,10000
2026-05-17 10:30:09.061076,1.2,0.1,0.9,0.863,10000
2026-05-17 10:30:10.061370,1.2,0.1,0.9,0.863,10000
2026-05-17 10:30:11.061370,1.2,0.1,0.9,0.863,10000
2026-05-17 10:30:12.061370,1.2,0.1,0.9,0.863,10000
2026-05-17 10:30:13.065902,1.2,0.1,0.9,0.863,10000
2026-05-17 10:30:14.065902,1.2,0.1,0.9,0.863,10000
2026-05-17 10:30:15.072483,1.2,0.1,0.9,0.863,10000
2026-05-17 10:30:16.072483,1.2,0.1,0.9,0.863,10000
2026-05-17 10:30:17.072508,1.2,0.1,0.9,0.863,10000
2026-05-17 10:30:18.072999,1.2,0.1,0.9,0.863,10000
2026-05-17 10:30:19.072999,1.2,0.1,0.9,0.863,10000
2026-05-17 10:30:20.072999,1.2,0.1,0.9,0.863,10000
2026-05-17 10:30:21.072999,1.2,0.1,0.9,0.863,10000
2026-05-17 10:30:22.072999,1.2,0.1,0.9,0.863,10000
2026-05-17 10:30:23.072999,1.2,0.1,0.9,0.863,10000
2026-05-17 10:30:24.072999,1.2,0.1,0.9,0.863,10000
2026-05-17 10:30:25.072999,1.2,0.1,0.9,0.863,10000
2026-05-17 10:30:26.072999,1.2,0.1,0.9,0.863,10000
2026-05-17 10:30:27.072999,1.2,0.1,0.9,0.863,10000
2026-05-17 10:30:28.072999,1.2,0.1,0.9,0.863,10000
2026-05-17 10:30:29.073608,1.2,0.1,0.9,0.863,10000
2026-05-17 10:30:30.073608,1.2,0.1,0.9,0.863,10000
2026-05-17 10:30:31.073608,1.2,0.1,0.9,0.863,10000
2026-05-17 10:30:32.074213,1.2,0.1,0.9,0.863,10000
2026-05-17 10:30:33.074213,1.2,0.1,0.9,0.863,10000
2026-05-17 10:30:34.074229,1.2,0.1,0.9,0.863,10000
2026-05-17 10:30:35.074229,1.2,0.1,0.9,0.863,10000
2026-05-17 10:30:36.074229,1.2,0.1,0.9,0.863,10000
2026-05-17 10:30:37.074229,1.2,0.1,0.9,0.863,10000
2026-05-17 10:30:38.074229,1.2,0.1,0.9,0.863,10000
2026-05-17 10:30:39.075596,1.2,0.1,0.9,0.863,10000
2026-05-17 10:30:40.075677,1.2,0.1,0.9,0.863,10000
2026-05-17 10:30:41.075691,1.2,0.1,0.9,0.863,10000
2026-05-17 10:30:42.075701,1.2,0.1,0.9,0.863,10000
2026-05-17 10:30:43.075701,1.2,0.1,0.9,0.863,10000
2026-05-17 10:30:44.075701,1.2,0.1,0.9,0.863,10000
2026-05-17 10:30:45.088897,1.2,0.1,0.9,0.863,10000
2026-05-17 10:30:46.088897,1.2,0.1,0.9,0.863,10000
2026-05-17 10:30:47.088897,1.2,0.1,0.9,0.863,10000
2026-05-17 10:30:48.098004,1.2,0.1,0.9,0.863,10000
2026-05-17 10:30:49.098004,1.2,0.1,0.9,0.863,10000
2026-05-17 10:30:50.098004,1.2,0.1,0.9,0.863,10000
2026-05-17 10:30:51.098004,1.2,0.1,0.9,0.863,10000
2026-05-17 10:30:52.102270,1.2,0.1,0.9,0.863,10000
2026-05-17 10:30:53.102275,1.2,0.1,0.9,0.863,10000
2026-05-17 10:30:54.109089,1.2,0.1,0.9,0.863,10000
2026-05-17 10:30:55.109089,1.2,0.1,0.9,0.863,10000
2026-05-17 10:30:56.112925,1.2,0.1,0.9,0.863,10000
2026-05-17 10:30:57.112925,1.2,0.1,0.9,0.863,10000
2026-05-17 10:30:58.112925,1.2,0.1,0.9,0.863,10000
2026-05-17 10:30:59.114096,1.2,0.1,0.9,0.863,10000
2026-05-17 10:31:00.115311,1.2,0.1,0.9,0.863,10000
2026-05-17 10:31:01.115311,1.2,0.1,0.9,0.863,10000
2026-05-17 10:31:02.117814,1.2,0.1,0.9,0.863,10000
2026-05-17 10:31:03.117814,1.2,0.1,0.9,0.863,10000
2026-05-17 10:31:04.117814,1.2,0.1,0.9,0.863,10000
2026-05-17 10:31:05.117814,1.2,0.1,0.9,0.863,10000
2026-05-17 10:31:06.117840,1.2,0.1,0.9,0.863,10000
2026-05-17 10:31:07.140585,1.2,0.1,0.9,0.863,10000
2026-05-17 10:31:08.140585,1.2,0.1,0.9,0.863,10000
2026-05-17 10:31:09.148829,1.2,0.1,0.9,0.863,10000
2026-05-17 10:31:10.148834,1.2,0.1,0.9,0.863,10000
2026-05-17 10:31:11.148834,1.2,0.1,0.9,0.863,10000
2026-05-17 10:31:12.148834,1.2,0.1,0.9,0.863,10000
2026-05-17 10:31:13.148834,1.2,0.1,0.9,0.863,10000
2026-05-17 10:31:14.148834,1.2,0.1,0.9,0.863,10000
2026-05-17 10:31:15.149622,1.2,0.1,0.9,0.863,10000
2026-05-17 10:31:16.159571,1.2,0.1,0.9,0.863,10000
2026-05-17 10:31:17.159571,1.2,0.1,0.9,0.863,10000
2026-05-17 10:31:18.159571,1.2,0.1,0.9,0.863,10000
2026-05-17 10:31:19.159571,1.2,0.1,0.9,0.863,10000
2026-05-17 10:31:20.159571,1.2,0.1,0.9,0.863,10000
2026-05-17 10:31:21.159571,1.2,0.1,0.9,0.863,10000
2026-05-17 10:31:22.159623,1.2,0.1,0.9,0.863,10000
2026-05-17 10:31:23.159623,1.2,0.1,0.9,0.863,10000
2026-05-17 10:31:24.159623,1.2,0.1,0.9,0.863,10000
2026-05-17 10:31:25.159705,1.2,0.1,0.9,0.863,10000
2026-05-17 10:31:26.159705,1.2,0.1,0.9,0.863,10000
2026-05-17 10:31:27.159705,0.9686438634917541,0.086,0.83,1.5543880446335812,0.8310823666742752
2026-05-17 10:31:28.159898,0.9686438634917541,0.086,0.83,1.5543880446335812,0.8310823666742752
2026-05-17 10:31:29.164595,0.9686438634917541,0.086,0.83,1.5543880446335812,0.8310823666742752
2026-05-17 10:31:30.164595,0.9686438634917541,0.086,0.83,1.5543880446335812,0.8310823666742752
2026-05-17 10:31:31.164595,0.9686438634917541,0.086,0.83,1.5543880446335812,0.8310823666742752
2026-05-17 10:31:32.164595,0.9686438634917541,0.086,0.83,1.5543880446335812,0.8310823666742752
2026-05-17 10:31:33.164604,0.9686438634917541,0.086,0.83,1.5543880446335812,0.8310823666742752
2026-05-17 10:31:34.166943,0.9686438634917541,0.086,0.83,1.5543880446335812,0.8310823666742752
2026-05-17 10:31:35.198347,0.9686438634917541,0.086,0.83,1.5543880446335812,0.8310823666742752
2026-05-17 10:31:36.198347,0.9686438634917541,0.086,0.83,1.5543880446335812,0.8310823666742752
2026-05-17 10:31:37.198347,0.9686438634917541,0.086,0.83,1.5543880446335812,0.8310823666742752
2026-05-17 10:31:38.198347,0.6621508430784999,0.08179999999999998,0.8089999999999999,1.1768860122079827,0.337386912965199
2026-05-17 10:31:39.198347,0.6621508430784999,0.08179999999999998,0.8089999999999999,1.1768860122079827,0.337386912965199
2026-05-17 10:31:40.198358,0.6621508430784999,0.08179999999999998,0.8089999999999999,1.1768860122079827,0.337386912965199
2026-05-17 10:31:41.198358,0.6621508430784999,0.08179999999999998,0.8089999999999999,1.1768860122079827,0.337386912965199
2026-05-17 10:31:42.198358,0.6621508430784999,0.08179999999999998,0.8089999999999999,1.1768860122079827,0.337386912965199
2026-05-17 10:31:43.198362,0.6621508430784999,0.08179999999999998,0.8089999999999999,1.1768860122079827,0.337386912965199
2026-05-17 10:31:44.198362,0.6621508430784999,0.08179999999999998,0.8089999999999999,1.1768860122079827,0.337386912965199
2026-05-17 10:31:45.198362,0.6621508430784999,0.08179999999999998,0.8089999999999999,1.1768860122079827,0.337386912965199
2026-05-17 10:31:46.198362,0.6621508430784999,0.08179999999999998,0.8089999999999999,1.1768860122079827,0.337386912965199
2026-05-17 10:31:47.198362,0.6621508430784999,0.08179999999999998,0.8089999999999999,1.1768860122079827,0.337386912965199
2026-05-17 10:31:48.198362,0.6621508430784999,0.08179999999999998,0.8089999999999999,1.1768860122079827,0.337386912965199
2026-05-17 10:31:49.198362,0.5702029369545236,0.08053999999999999,0.8027,1.0636354024803032,0.337386912965199
2026-05-17 10:31:50.198362,0.5702029369545236,0.08053999999999999,0.8027,1.0636354024803032,0.337386912965199
2026-05-17 10:31:51.198362,0.5702029369545236,0.08053999999999999,0.8027,1.0636354024803032,0.337386912965199
2026-05-17 10:31:52.198362,0.5702029369545236,0.08053999999999999,0.8027,1.0636354024803032,0.337386912965199
2026-05-17 10:31:53.198366,0.5702029369545236,0.08053999999999999,0.8027,1.0636354024803032,0.337386912965199
2026-05-17 10:31:54.198518,0.5702029369545236,0.08053999999999999,0.8027,1.0636354024803032,0.337386912965199
2026-05-17 10:31:55.198518,0.5702029369545236,0.08053999999999999,0.8027,1.0636354024803032,0.337386912965199
2026-05-17 10:31:56.198518,0.5702029369545236,0.08053999999999999,0.8027,1.0636354024803032,0.337386912965199
2026-05-17 10:31:57.198525,0.5702029369545236,0.08053999999999999,0.8027,1.0636354024803032,0.337386912965199
2026-05-17 10:31:58.199552,0.5702029369545236,0.08053999999999999,0.8027,1.0636354024803032,0.337386912965199
2026-05-17 10:31:59.199629,0.5426185651173308,0.08016199999999998,0.8008099999999999,1.0296602195619993,0.337386912965199
2026-05-17 10:32:00.199884,0.5426185651173308,0.08016199999999998,0.8008099999999999,1.0296602195619993,0.337386912965199
2026-05-17 10:32:01.221432,0.5426185651173308,0.08016199999999998,0.8008099999999999,1.0296602195619993,0.337386912965199
2026-05-17 10:32:02.221432,0.5426185651173308,0.08016199999999998,0.8008099999999999,1.0296602195619993,0.337386912965199
2026-05-17 10:32:03.221432,0.5426185651173308,0.08016199999999998,0.8008099999999999,1.0296602195619993,0.337386912965199
2026-05-17 10:32:04.221432,0.5426185651173308,0.08016199999999998,0.8008099999999999,1.0296602195619993,0.337386912965199
2026-05-17 10:32:05.221432,0.5426185651173308,0.08016199999999998,0.8008099999999999,1.0296602195619993,0.337386912965199
2026-05-17 10:32:06.221432,0.5426185651173308,0.08016199999999998,0.8008099999999999,1.0296602195619993,0.337386912965199
2026-05-17 10:32:07.221432,0.5426185651173308,0.08016199999999998,0.8008099999999999,1.0296602195619993,0.337386912965199
2026-05-17 10:32:08.221432,0.5426185651173308,0.08016199999999998,0.8008099999999999,1.0296602195619993,0.337386912965199
2026-05-17 10:32:09.221897,0.5343432535661728,0.08004859999999998,0.8002429999999999,1.0194676646865082,0.337386912965199
2026-05-17 10:32:10.221897,0.5343432535661728,0.08004859999999998,0.8002429999999999,1.0194676646865082,0.337386912965199
2026-05-17 10:32:11.222118,0.5343432535661728,0.08004859999999998,0.8002429999999999,1.0194676646865082,0.337386912965199
2026-05-17 10:32:12.222118,0.5343432535661728,0.08004859999999998,0.8002429999999999,1.0194676646865082,0.337386912965199
2026-05-17 10:32:13.222118,0.5343432535661728,0.08004859999999998,0.8002429999999999,1.0194676646865082,0.337386912965199
2026-05-17 10:32:14.222118,0.5343432535661728,0.08004859999999998,0.8002429999999999,1.0194676646865082,0.337386912965199
2026-05-17 10:32:15.222118,0.5343432535661728,0.08004859999999998,0.8002429999999999,1.0194676646865082,0.337386912965199
2026-05-17 10:32:16.222118,0.5343432535661728,0.08004859999999998,0.8002429999999999,1.0194676646865082,0.337386912965199
2026-05-17 10:32:17.222118,0.5343432535661728,0.08004859999999998,0.8002429999999999,1.0194676646865082,0.337386912965199
2026-05-17 10:32:18.222121,0.5343432535661728,0.08004859999999998,0.8002429999999999,1.0194676646865082,0.337386912965199
2026-05-17 10:32:19.222123,0.5343432535661728,0.08004859999999998,0.8002429999999999,1.0194676646865082,0.337386912965199
2026-05-17 10:32:20.222634,0.5318606601008254,0.08001457999999999,0.8000729,1.0164098982238607,0.337386912965199
2026-05-17 10:32:21.224507,0.5318606601008254,0.08001457999999999,0.8000729,1.0164098982238607,0.337386912965199
2026-05-17 10:32:22.224507,0.5318606601008254,0.08001457999999999,0.8000729,1.0164098982238607,0.337386912965199
2026-05-17 10:32:23.224507,0.5318606601008254,0.08001457999999999,0.8000729,1.0164098982238607,0.337386912965199
2026-05-17 10:32:24.229422,0.5318606601008254,0.08001457999999999,0.8000729,1.0164098982238607,0.337386912965199
2026-05-17 10:32:25.229422,0.5318606601008254,0.08001457999999999,0.8000729,1.0164098982238607,0.337386912965199
2026-05-17 10:32:26.229422,0.5318606601008254,0.08001457999999999,0.8000729,1.0164098982238607,0.337386912965199
2026-05-17 10:32:27.229438,0.5318606601008254,0.08001457999999999,0.8000729,1.0164098982238607,0.337386912965199
2026-05-17 10:32:28.229438,0.5318606601008254,0.08001457999999999,0.8000729,1.0164098982238607,0.337386912965199
2026-05-17 10:32:29.229438,0.5318606601008254,0.08001457999999999,0.8000729,1.0164098982238607,0.337386912965199
2026-05-17 10:32:30.229794,0.5318606601008254,0.08001457999999999,0.8000729,1.0164098982238607,0.337386912965199
2026-05-17 10:32:31.229794,0.5311158820612212,0.08000437399999999,0.8000218699999999,1.0154925682850666,0.337386912965199
2026-05-17 10:32:32.229794,0.5311158820612212,0.08000437399999999,0.8000218699999999,1.0154925682850666,0.337386912965199
2026-05-17 10:32:33.235735,0.5311158820612212,0.08000437399999999,0.8000218699999999,1.0154925682850666,0.337386912965199
2026-05-17 10:32:34.238668,0.5311158820612212,0.08000437399999999,0.8000218699999999,1.0154925682850666,0.337386912965199
2026-05-17 10:32:35.239375,0.5311158820612212,0.08000437399999999,0.8000218699999999,1.0154925682850666,0.337386912965199
2026-05-17 10:32:36.239535,0.5311158820612212,0.08000437399999999,0.8000218699999999,1.0154925682850666,0.337386912965199
2026-05-17 10:32:37.239961,0.5311158820612212,0.08000437399999999,0.8000218699999999,1.0154925682850666,0.337386912965199
2026-05-17 10:32:38.239961,0.5311158820612212,0.08000437399999999,0.8000218699999999,1.0154925682850666,0.337386912965199
2026-05-17 10:32:39.239961,0.5311158820612212,0.08000437399999999,0.8000218699999999,1.0154925682850666,0.337386912965199
2026-05-17 10:32:40.239961,0.5311158820612212,0.08000437399999999,0.8000218699999999,1.0154925682850666,0.337386912965199
2026-05-17 10:32:41.267611,0.5308924486493399,0.0800013122,0.8000065609999999,1.0152173693034283,0.337386912965199
2026-05-17 10:32:42.268009,0.5308924486493399,0.0800013122,0.8000065609999999,1.0152173693034283,0.337386912965199
2026-05-17 10:32:43.268009,0.5308924486493399,0.0800013122,0.8000065609999999,1.0152173693034283,0.337386912965199
2026-05-17 10:32:44.268009,0.5308924486493399,0.0800013122,0.8000065609999999,1.0152173693034283,0.337386912965199
2026-05-17 10:32:45.268023,0.5308924486493399,0.0800013122,0.8000065609999999,1.0152173693034283,0.337386912965199
2026-05-17 10:32:46.268023,0.5308924486493399,0.0800013122,0.8000065609999999,1.0152173693034283,0.337386912965199
2026-05-17 10:32:47.268023,0.5308924486493399,0.0800013122,0.8000065609999999,1.0152173693034283,0.337386912965199
2026-05-17 10:32:48.268023,0.5308924486493399,0.0800013122,0.8000065609999999,1.0152173693034283,0.337386912965199
2026-05-17 10:32:49.268569,0.5308924486493399,0.0800013122,0.8000065609999999,1.0152173693034283,0.337386912965199
2026-05-17 10:32:50.268575,0.5308924486493399,0.0800013122,0.8000065609999999,1.0152173693034283,0.337386912965199
2026-05-17 10:32:51.268575,0.5308924486493399,0.0800013122,0.8000065609999999,1.0152173693034283,0.337386912965199
2026-05-17 10:32:52.268575,0.5308254186257756,0.08000039365999999,0.8000019682999999,1.015134809608937,0.337386912965199
2026-05-17 10:32:53.268575,0.5308254186257756,0.08000039365999999,0.8000019682999999,1.015134809608937,0.337386912965199
2026-05-17 10:32:54.268576,0.5308254186257756,0.08000039365999999,0.8000019682999999,1.015134809608937,0.337386912965199
2026-05-17 10:32:55.268576,0.5308254186257756,0.08000039365999999,0.8000019682999999,1.015134809608937,0.337386912965199
2026-05-17 10:32:56.274249,0.5308254186257756,0.08000039365999999,0.8000019682999999,1.015134809608937,0.337386912965199
2026-05-17 10:32:57.278830,0.5308254186257756,0.08000039365999999,0.8000019682999999,1.015134809608937,0.337386912965199
2026-05-17 10:32:58.278830,0.5308254186257756,0.08000039365999999,0.8000019682999999,1.015134809608937,0.337386912965199
2026-05-17 10:32:59.278830,0.5308254186257756,0.08000039365999999,0.8000019682999999,1.015134809608937,0.337386912965199
2026-05-17 10:33:00.278830,0.5308254186257756,0.08000039365999999,0.8000019682999999,1.015134809608937,0.337386912965199
2026-05-17 10:33:01.278830,0.5308254186257756,0.08000039365999999,0.8000019682999999,1.015134809608937,0.337386912965199
2026-05-17 10:33:02.280436,0.5308053096187063,0.08000011809799999,0.8000005904899999,1.0151100417005894,0.337386912965199
2026-05-17 10:33:03.296456,0.5308053096187063,0.08000011809799999,0.8000005904899999,1.0151100417005894,0.337386912965199
2026-05-17 10:33:04.296456,0.5308053096187063,0.08000011809799999,0.8000005904899999,1.0151100417005894,0.337386912965199
2026-05-17 10:33:05.298581,0.5308053096187063,0.08000011809799999,0.8000005904899999,1.0151100417005894,0.337386912965199
2026-05-17 10:33:06.298581,0.5308053096187063,0.08000011809799999,0.8000005904899999,1.0151100417005894,0.337386912965199
2026-05-17 10:33:07.300567,0.5308053096187063,0.08000011809799999,0.8000005904899999,1.0151100417005894,0.337386912965199
2026-05-17 10:33:08.300694,0.5308053096187063,0.08000011809799999,0.8000005904899999,1.0151100417005894,0.337386912965199
2026-05-17 10:33:09.300755,0.5308053096187063,0.08000011809799999,0.8000005904899999,1.0151100417005894,0.337386912965199
2026-05-17 10:33:10.300755,0.5308053096187063,0.08000011809799999,0.8000005904899999,1.0151100417005894,0.337386912965199
2026-05-17 10:33:11.300755,0.5308053096187063,0.08000011809799999,0.8000005904899999,1.0151100417005894,0.337386912965199
2026-05-17 10:33:12.302933,0.5307992769165855,0.08000003542939998,0.8000001771469999,1.0151026113280852,0.337386912965199
2026-05-17 10:33:13.302933,0.5307992769165855,0.08000003542939998,0.8000001771469999,1.0151026113280852,0.337386912965199
2026-05-17 10:33:14.302933,0.5307992769165855,0.08000003542939998,0.8000001771469999,1.0151026113280852,0.337386912965199
2026-05-17 10:33:15.302933,0.5307992769165855,0.08000003542939998,0.8000001771469999,1.0151026113280852,0.337386912965199
2026-05-17 10:33:16.303075,0.5307992769165855,0.08000003542939998,0.8000001771469999,1.0151026113280852,0.337386912965199
2026-05-17 10:33:17.303075,0.5307992769165855,0.08000003542939998,0.8000001771469999,1.0151026113280852,0.337386912965199
2026-05-17 10:33:18.303075,0.5307992769165855,0.08000003542939998,0.8000001771469999,1.0151026113280852,0.337386912965199
2026-05-17 10:33:19.307644,0.5307992769165855,0.08000003542939998,0.8000001771469999,1.0151026113280852,0.337386912965199
2026-05-17 10:33:20.307645,0.5307992769165855,0.08000003542939998,0.8000001771469999,1.0151026113280852,0.337386912965199
2026-05-17 10:33:21.313434,0.5307992769165855,0.08000003542939998,0.8000001771469999,1.0151026113280852,0.337386912965199
2026-05-17 10:33:22.313434,0.5307992769165855,0.08000003542939998,0.8000001771469999,1.0151026113280852,0.337386912965199
2026-05-17 10:33:23.344377,0.5307974671059492,0.08000001062881999,0.8000000531440998,1.015100382216334,0.337386912965199
2026-05-17 10:33:24.344385,0.5307974671059492,0.08000001062881999,0.8000000531440998,1.015100382216334,0.337386912965199
2026-05-17 10:33:25.344399,0.5307974671059492,0.08000001062881999,0.8000000531440998,1.015100382216334,0.337386912965199
2026-05-17 10:33:26.344780,0.5307974671059492,0.08000001062881999,0.8000000531440998,1.015100382216334,0.337386912965199
2026-05-17 10:33:27.344780,0.5307974671059492,0.08000001062881999,0.8000000531440998,1.015100382216334,0.337386912965199
2026-05-17 10:33:28.344780,0.5307974671059492,0.08000001062881999,0.8000000531440998,1.015100382216334,0.337386912965199
2026-05-17 10:33:29.344780,0.5307974671059492,0.08000001062881999,0.8000000531440998,1.015100382216334,0.337386912965199
2026-05-17 10:33:30.344780,0.5307974671059492,0.08000001062881999,0.8000000531440998,1.015100382216334,0.337386912965199
2026-05-17 10:33:31.344780,0.5307974671059492,0.08000001062881999,0.8000000531440998,1.015100382216334,0.337386912965199
2026-05-17 10:33:32.344780,0.5307974671059492,0.08000001062881999,0.8000000531440998,1.015100382216334,0.337386912965199
2026-05-17 10:33:33.344780,0.5307974671059492,0.08000001062881999,0.8000000531440998,1.015100382216334,0.337386912965199
2026-05-17 10:33:34.344789,0.5307969241627584,0.08000000318864599,0.8000000159432299,1.0150997134828086,0.337386912965199
2026-05-17 10:33:35.344789,0.5307969241627584,0.08000000318864599,0.8000000159432299,1.0150997134828086,0.337386912965199
2026-05-17 10:33:36.345989,0.5307969241627584,0.08000000318864599,0.8000000159432299,1.0150997134828086,0.337386912965199
2026-05-17 10:51:15.804579,1.2,0.1,0.9,0.863,10000
2026-05-17 10:51:16.804580,1.2,0.1,0.9,0.863,10000
2026-05-17 10:51:17.804580,1.2,0.1,0.9,0.863,10000
2026-05-17 10:51:18.804580,1.2,0.1,0.9,0.863,10000
2026-05-17 10:51:19.804620,1.2,0.1,0.9,0.863,10000
2026-05-17 10:51:20.804620,1.2,0.1,0.9,0.863,10000
2026-05-17 10:51:21.804620,1.2,0.1,0.9,0.863,10000
2026-05-17 10:51:22.804620,1.2,0.1,0.9,0.863,10000
2026-05-17 10:51:23.804620,1.2,0.1,0.9,0.863,10000
2026-05-17 10:51:24.804620,0.7315576840309737,0.086,0.83,0.9694695988179083,0.337386912965199
2026-05-17 10:51:25.804620,0.7315576840309737,0.086,0.83,0.9694695988179083,0.337386912965199
2026-05-17 10:51:26.804620,0.7315576840309737,0.086,0.83,0.9694695988179083,0.337386912965199
2026-05-17 10:51:27.804620,0.7315576840309737,0.086,0.83,0.9694695988179083,0.337386912965199
2026-05-17 10:51:28.804620,0.7315576840309737,0.086,0.83,0.9694695988179083,0.337386912965199
2026-05-17 10:51:29.804620,0.7315576840309737,0.086,0.83,0.9694695988179083,0.337386912965199
2026-05-17 10:51:30.804620,0.7315576840309737,0.086,0.83,0.9694695988179083,0.337386912965199
2026-05-17 10:51:31.804620,0.7315576840309737,0.086,0.83,0.9694695988179083,0.337386912965199
2026-05-17 10:51:32.804620,0.7315576840309737,0.086,0.83,0.9694695988179083,0.337386912965199
2026-05-17 10:51:33.804657,0.7315576840309737,0.086,0.83,0.9694695988179083,0.337386912965199
2026-05-17 10:51:34.804657,0.5910249892402657,0.08179999999999998,0.8089999999999999,1.001410478463281,0.337386912965199
2026-05-17 10:51:35.804657,0.5910249892402657,0.08179999999999998,0.8089999999999999,1.001410478463281,0.337386912965199
2026-05-17 10:51:36.805348,0.5910249892402657,0.08179999999999998,0.8089999999999999,1.001410478463281,0.337386912965199
2026-05-17 10:51:37.805348,0.5910249892402657,0.08179999999999998,0.8089999999999999,1.001410478463281,0.337386912965199
2026-05-17 10:51:38.805348,0.5910249892402657,0.08179999999999998,0.8089999999999999,1.001410478463281,0.337386912965199
2026-05-17 10:51:39.805417,0.5910249892402657,0.08179999999999998,0.8089999999999999,1.001410478463281,0.337386912965199
2026-05-17 10:51:40.805428,0.5910249892402657,0.08179999999999998,0.8089999999999999,1.001410478463281,0.337386912965199
2026-05-17 10:51:41.805428,0.5910249892402657,0.08179999999999998,0.8089999999999999,1.001410478463281,0.337386912965199
2026-05-17 10:51:42.809098,0.5910249892402657,0.08179999999999998,0.8089999999999999,1.001410478463281,0.337386912965199
2026-05-17 10:51:43.809104,0.5910249892402657,0.08179999999999998,0.8089999999999999,1.001410478463281,0.337386912965199
2026-05-17 10:51:44.809104,0.5488651808030534,0.08053999999999999,0.8027,1.0109927423568927,0.337386912965199
2026-05-17 10:51:45.809105,0.5488651808030534,0.08053999999999999,0.8027,1.0109927423568927,0.337386912965199
2026-05-17 10:51:46.810101,0.5488651808030534,0.08053999999999999,0.8027,1.0109927423568927,0.337386912965199
2026-05-17 10:51:47.810101,0.5488651808030534,0.08053999999999999,0.8027,1.0109927423568927,0.337386912965199
2026-05-17 10:51:48.810101,0.5488651808030534,0.08053999999999999,0.8027,1.0109927423568927,0.337386912965199
2026-05-17 10:51:49.810110,0.5488651808030534,0.08053999999999999,0.8027,1.0109927423568927,0.337386912965199
2026-05-17 10:51:50.810116,0.5488651808030534,0.08053999999999999,0.8027,1.0109927423568927,0.337386912965199
2026-05-17 10:51:51.810116,0.5488651808030534,0.08053999999999999,0.8027,1.0109927423568927,0.337386912965199
2026-05-17 10:51:52.810116,0.5488651808030534,0.08053999999999999,0.8027,1.0109927423568927,0.337386912965199
2026-05-17 10:51:53.810116,0.5488651808030534,0.08053999999999999,0.8027,1.0109927423568927,0.337386912965199
2026-05-17 10:51:54.810116,0.5362172382718896,0.08016199999999998,0.8008099999999999,1.013867421524976,0.337386912965199
2026-05-17 10:51:55.810124,0.5362172382718896,0.08016199999999998,0.8008099999999999,1.013867421524976,0.337386912965199
2026-05-17 10:51:56.810124,0.5362172382718896,0.08016199999999998,0.8008099999999999,1.013867421524976,0.337386912965199
2026-05-17 10:51:57.810124,0.5362172382718896,0.08016199999999998,0.8008099999999999,1.013867421524976,0.337386912965199
2026-05-17 10:51:58.810124,0.5362172382718896,0.08016199999999998,0.8008099999999999,1.013867421524976,0.337386912965199
2026-05-17 10:51:59.810124,0.5362172382718896,0.08016199999999998,0.8008099999999999,1.013867421524976,0.337386912965199
2026-05-17 10:52:00.810124,0.5362172382718896,0.08016199999999998,0.8008099999999999,1.013867421524976,0.337386912965199
2026-05-17 10:52:01.810429,0.5362172382718896,0.08016199999999998,0.8008099999999999,1.013867421524976,0.337386912965199
2026-05-17 10:52:02.810429,0.5362172382718896,0.08016199999999998,0.8008099999999999,1.013867421524976,0.337386912965199
2026-05-17 10:52:03.810429,0.5362172382718896,0.08016199999999998,0.8008099999999999,1.013867421524976,0.337386912965199
2026-05-17 10:52:04.810429,0.5324228555125405,0.08004859999999998,0.8002429999999999,1.0147298252754011,0.337386912965199
2026-05-17 10:52:05.810429,0.5324228555125405,0.08004859999999998,0.8002429999999999,1.0147298252754011,0.337386912965199
2026-05-17 10:52:06.822320,0.5324228555125405,0.08004859999999998,0.8002429999999999,1.0147298252754011,0.337386912965199
2026-05-17 10:52:07.822354,0.5324228555125405,0.08004859999999998,0.8002429999999999,1.0147298252754011,0.337386912965199
2026-05-17 10:52:08.822354,0.5324228555125405,0.08004859999999998,0.8002429999999999,1.0147298252754011,0.337386912965199
2026-05-17 10:52:09.822354,0.5324228555125405,0.08004859999999998,0.8002429999999999,1.0147298252754011,0.337386912965199
2026-05-17 10:52:10.822354,0.5324228555125405,0.08004859999999998,0.8002429999999999,1.0147298252754011,0.337386912965199
2026-05-17 10:52:11.822354,0.5324228555125405,0.08004859999999998,0.8002429999999999,1.0147298252754011,0.337386912965199
2026-05-17 10:52:12.822359,0.5324228555125405,0.08004859999999998,0.8002429999999999,1.0147298252754011,0.337386912965199
2026-05-17 10:52:13.822901,0.5324228555125405,0.08004859999999998,0.8002429999999999,1.0147298252754011,0.337386912965199
2026-05-17 10:52:14.822901,0.5312845406847357,0.08001457999999999,0.8000729,1.0149885464005286,0.337386912965199
2026-05-17 10:52:15.822901,0.5312845406847357,0.08001457999999999,0.8000729,1.0149885464005286,0.337386912965199
2026-05-17 10:52:16.822901,0.5312845406847357,0.08001457999999999,0.8000729,1.0149885464005286,0.337386912965199
2026-05-17 10:52:17.822922,0.5312845406847357,0.08001457999999999,0.8000729,1.0149885464005286,0.337386912965199
2026-05-17 10:52:18.823756,0.5312845406847357,0.08001457999999999,0.8000729,1.0149885464005286,0.337386912965199
2026-05-17 10:52:19.823757,0.5312845406847357,0.08001457999999999,0.8000729,1.0149885464005286,0.337386912965199
2026-05-17 10:52:20.823757,0.5312845406847357,0.08001457999999999,0.8000729,1.0149885464005286,0.337386912965199
2026-05-17 10:52:21.823858,0.5312845406847357,0.08001457999999999,0.8000729,1.0149885464005286,0.337386912965199
2026-05-17 10:52:22.823858,0.5312845406847357,0.08001457999999999,0.8000729,1.0149885464005286,0.337386912965199
2026-05-17 10:52:23.825007,0.5312845406847357,0.08001457999999999,0.8000729,1.0149885464005286,0.337386912965199
2026-05-17 10:56:24.375492,1.2,0.1,0.9,0.863,10000
2026-05-17 10:56:25.375492,1.2,0.1,0.9,0.863,10000
2026-05-17 10:56:26.375492,1.2,0.1,0.9,0.863,10000
2026-05-17 10:56:27.375492,1.2,0.1,0.9,0.863,10000
2026-05-17 10:56:28.375493,1.2,0.1,0.9,0.863,10000
2026-05-17 10:56:29.375493,1.2,0.1,0.9,0.863,10000
2026-05-17 10:56:30.375493,1.2,0.1,0.9,0.863,10000
2026-05-17 10:56:31.375493,1.2,0.1,0.9,0.863,10000
2026-05-17 10:56:32.375493,1.2,0.1,0.9,0.863,10000
2026-05-17 10:56:33.375493,0.7315576840309737,0.086,0.83,0.9694695988179083,0.337386912965199
2026-05-17 10:56:34.375493,0.7315576840309737,0.086,0.83,0.9694695988179083,0.337386912965199
2026-05-17 10:56:35.380430,0.7315576840309737,0.086,0.83,0.9694695988179083,0.337386912965199
2026-05-17 10:56:36.380430,0.7315576840309737,0.086,0.83,0.9694695988179083,0.337386912965199
2026-05-17 10:56:37.380430,0.7315576840309737,0.086,0.83,0.9694695988179083,0.337386912965199
2026-05-17 10:56:38.380430,0.7315576840309737,0.086,0.83,0.9694695988179083,0.337386912965199
2026-05-17 10:56:39.380471,0.7315576840309737,0.086,0.83,0.9694695988179083,0.337386912965199
2026-05-17 10:56:40.380471,0.7315576840309737,0.086,0.83,0.9694695988179083,0.337386912965199
2026-05-17 10:56:41.380471,0.7315576840309737,0.086,0.83,0.9694695988179083,0.337386912965199
2026-05-17 10:56:42.381528,0.7315576840309737,0.086,0.83,0.9694695988179083,0.337386912965199
2026-05-17 10:56:43.381528,0.5910249892402657,0.08179999999999998,0.8089999999999999,1.001410478463281,0.337386912965199
2026-05-17 10:56:44.384614,0.5910249892402657,0.08179999999999998,0.8089999999999999,1.001410478463281,0.337386912965199
2026-05-17 10:56:45.386349,0.5910249892402657,0.08179999999999998,0.8089999999999999,1.001410478463281,0.337386912965199
2026-05-17 10:56:46.387973,0.5910249892402657,0.08179999999999998,0.8089999999999999,1.001410478463281,0.337386912965199
2026-05-17 10:56:47.387973,0.5910249892402657,0.08179999999999998,0.8089999999999999,1.001410478463281,0.337386912965199
2026-05-17 10:56:48.387973,0.5910249892402657,0.08179999999999998,0.8089999999999999,1.001410478463281,0.337386912965199
2026-05-17 10:56:49.387973,0.5910249892402657,0.08179999999999998,0.8089999999999999,1.001410478463281,0.337386912965199
2026-05-17 10:56:50.387973,0.5910249892402657,0.08179999999999998,0.8089999999999999,1.001410478463281,0.337386912965199
2026-05-17 10:56:51.391573,0.5910249892402657,0.08179999999999998,0.8089999999999999,1.001410478463281,0.337386912965199
2026-05-17 10:56:52.391573,0.5910249892402657,0.08179999999999998,0.8089999999999999,1.001410478463281,0.337386912965199
2026-05-17 10:56:53.391608,0.5488651808030534,0.08053999999999999,0.8027,1.0109927423568927,0.337386912965199
2026-05-17 10:56:54.391608,0.5488651808030534,0.08053999999999999,0.8027,1.0109927423568927,0.337386912965199
2026-05-17 10:56:55.391608,0.5488651808030534,0.08053999999999999,0.8027,1.0109927423568927,0.337386912965199
2026-05-17 10:56:56.402661,0.5488651808030534,0.08053999999999999,0.8027,1.0109927423568927,0.337386912965199
2026-05-17 10:56:57.402661,0.5488651808030534,0.08053999999999999,0.8027,1.0109927423568927,0.337386912965199
2026-05-17 10:56:58.402698,0.5488651808030534,0.08053999999999999,0.8027,1.0109927423568927,0.337386912965199
2026-05-17 10:56:59.402698,0.5488651808030534,0.08053999999999999,0.8027,1.0109927423568927,0.337386912965199
2026-05-17 10:57:00.402698,0.5488651808030534,0.08053999999999999,0.8027,1.0109927423568927,0.337386912965199
2026-05-17 10:57:01.417332,0.5488651808030534,0.08053999999999999,0.8027,1.0109927423568927,0.337386912965199
2026-05-17 10:57:02.419297,0.5488651808030534,0.08053999999999999,0.8027,1.0109927423568927,0.337386912965199
2026-05-17 10:57:03.419297,0.5362172382718896,0.08016199999999998,0.8008099999999999,1.013867421524976,0.337386912965199
2026-05-17 10:57:04.419297,0.5362172382718896,0.08016199999999998,0.8008099999999999,1.013867421524976,0.337386912965199
2026-05-17 10:57:05.419297,0.5362172382718896,0.08016199999999998,0.8008099999999999,1.013867421524976,0.337386912965199
2026-05-17 10:57:06.419542,0.5362172382718896,0.08016199999999998,0.8008099999999999,1.013867421524976,0.337386912965199
2026-05-17 10:57:07.419542,0.5362172382718896,0.08016199999999998,0.8008099999999999,1.013867421524976,0.337386912965199
2026-05-17 10:57:08.419542,0.5362172382718896,0.08016199999999998,0.8008099999999999,1.013867421524976,0.337386912965199
2026-05-17 10:57:09.419596,0.5362172382718896,0.08016199999999998,0.8008099999999999,1.013867421524976,0.337386912965199
2026-05-17 10:57:10.419596,0.5362172382718896,0.08016199999999998,0.8008099999999999,1.013867421524976,0.337386912965199
2026-05-17 10:57:11.419596,0.5362172382718896,0.08016199999999998,0.8008099999999999,1.013867421524976,0.337386912965199
2026-05-17 10:57:12.419596,0.5362172382718896,0.08016199999999998,0.8008099999999999,1.013867421524976,0.337386912965199
2026-05-17 10:57:13.419602,0.5324228555125405,0.08004859999999998,0.8002429999999999,1.0147298252754011,0.337386912965199
2026-05-17 10:59:19.179292,1.2,0.1,0.9,0.863,10000
2026-05-17 10:59:20.179292,1.2,0.1,0.9,0.863,10000
2026-05-17 10:59:21.179295,1.2,0.1,0.9,0.863,10000
2026-05-17 10:59:22.179295,1.2,0.1,0.9,0.863,10000
2026-05-17 10:59:23.181661,1.2,0.1,0.9,0.863,10000
2026-05-17 10:59:24.186201,1.2,0.1,0.9,0.863,10000
2026-05-17 10:59:25.186249,1.2,0.1,0.9,0.863,10000
2026-05-17 10:59:26.186457,1.2,0.1,0.9,0.863,10000
2026-05-17 10:59:27.186457,1.2,0.1,0.9,0.863,10000
2026-05-17 10:59:28.196055,0.7315576840309737,0.086,0.83,0.9694695988179083,0.337386912965199
2026-05-17 10:59:29.196209,0.7315576840309737,0.086,0.83,0.9694695988179083,0.337386912965199
2026-05-17 10:59:30.196209,0.7315576840309737,0.086,0.83,0.9694695988179083,0.337386912965199
2026-05-17 10:59:31.196209,0.7315576840309737,0.086,0.83,0.9694695988179083,0.337386912965199
2026-05-17 10:59:32.196209,0.7315576840309737,0.086,0.83,0.9694695988179083,0.337386912965199
2026-05-17 10:59:33.196211,0.7315576840309737,0.086,0.83,0.9694695988179083,0.337386912965199
2026-05-17 10:59:34.204290,0.7315576840309737,0.086,0.83,0.9694695988179083,0.337386912965199
2026-05-17 10:59:35.204290,0.7315576840309737,0.086,0.83,0.9694695988179083,0.337386912965199
2026-05-17 10:59:36.204290,0.7315576840309737,0.086,0.83,0.9694695988179083,0.337386912965199
2026-05-17 10:59:37.204303,0.7315576840309737,0.086,0.83,0.9694695988179083,0.337386912965199
2026-05-17 10:59:38.204329,0.7315576840309737,0.086,0.83,0.9694695988179083,0.337386912965199
2026-05-17 10:59:39.204329,0.5910249892402657,0.08179999999999998,0.8089999999999999,1.001410478463281,0.337386912965199
2026-05-17 10:59:40.204329,0.5910249892402657,0.08179999999999998,0.8089999999999999,1.001410478463281,0.337386912965199
2026-05-17 10:59:41.204331,0.5910249892402657,0.08179999999999998,0.8089999999999999,1.001410478463281,0.337386912965199
2026-05-17 10:59:42.204340,0.5910249892402657,0.08179999999999998,0.8089999999999999,1.001410478463281,0.337386912965199
2026-05-17 10:59:43.204340,0.5910249892402657,0.08179999999999998,0.8089999999999999,1.001410478463281,0.337386912965199
2026-05-17 10:59:44.204355,0.5910249892402657,0.08179999999999998,0.8089999999999999,1.001410478463281,0.337386912965199
2026-05-17 10:59:45.204355,0.5910249892402657,0.08179999999999998,0.8089999999999999,1.001410478463281,0.337386912965199
2026-05-17 10:59:46.204356,0.5910249892402657,0.08179999999999998,0.8089999999999999,1.001410478463281,0.337386912965199
2026-05-17 10:59:47.204356,0.5910249892402657,0.08179999999999998,0.8089999999999999,1.001410478463281,0.337386912965199
2026-05-17 10:59:48.204357,0.5910249892402657,0.08179999999999998,0.8089999999999999,1.001410478463281,0.337386912965199
2026-05-17 10:59:49.204357,0.5910249892402657,0.08179999999999998,0.8089999999999999,1.001410478463281,0.337386912965199
2026-05-17 10:59:50.204357,0.5488651808030534,0.08053999999999999,0.8027,1.0109927423568927,0.337386912965199
2026-05-17 10:59:51.204357,0.5488651808030534,0.08053999999999999,0.8027,1.0109927423568927,0.337386912965199
2026-05-17 10:59:52.204357,0.5488651808030534,0.08053999999999999,0.8027,1.0109927423568927,0.337386912965199
2026-05-17 10:59:53.205106,0.5488651808030534,0.08053999999999999,0.8027,1.0109927423568927,0.337386912965199
2026-05-17 10:59:54.205106,0.5488651808030534,0.08053999999999999,0.8027,1.0109927423568927,0.337386912965199
2026-05-17 10:59:55.205898,0.5488651808030534,0.08053999999999999,0.8027,1.0109927423568927,0.337386912965199
2026-05-17 10:59:56.205898,0.5488651808030534,0.08053999999999999,0.8027,1.0109927423568927,0.337386912965199
2026-05-17 10:59:57.206539,0.5488651808030534,0.08053999999999999,0.8027,1.0109927423568927,0.337386912965199
2026-05-17 10:59:58.206539,0.5488651808030534,0.08053999999999999,0.8027,1.0109927423568927,0.337386912965199
2026-05-17 10:59:59.206539,0.5488651808030534,0.08053999999999999,0.8027,1.0109927423568927,0.337386912965199
2026-05-17 11:00:00.210320,0.5362172382718896,0.08016199999999998,0.8008099999999999,1.013867421524976,0.337386912965199
2026-05-17 11:00:01.212040,0.5362172382718896,0.08016199999999998,0.8008099999999999,1.013867421524976,0.337386912965199
2026-05-17 11:00:02.212040,0.5362172382718896,0.08016199999999998,0.8008099999999999,1.013867421524976,0.337386912965199
2026-05-17 11:00:03.212040,0.5362172382718896,0.08016199999999998,0.8008099999999999,1.013867421524976,0.337386912965199
2026-05-17 11:00:04.212040,0.5362172382718896,0.08016199999999998,0.8008099999999999,1.013867421524976,0.337386912965199
2026-05-17 11:00:05.212040,0.5362172382718896,0.08016199999999998,0.8008099999999999,1.013867421524976,0.337386912965199
2026-05-17 11:00:06.212040,0.5362172382718896,0.08016199999999998,0.8008099999999999,1.013867421524976,0.337386912965199
2026-05-17 11:00:07.212082,0.5362172382718896,0.08016199999999998,0.8008099999999999,1.013867421524976,0.337386912965199
2026-05-17 11:00:08.212082,0.5362172382718896,0.08016199999999998,0.8008099999999999,1.013867421524976,0.337386912965199
2026-05-17 11:00:09.212082,0.5362172382718896,0.08016199999999998,0.8008099999999999,1.013867421524976,0.337386912965199
2026-05-17 11:00:10.212082,0.5324228555125405,0.08004859999999998,0.8002429999999999,1.0147298252754011,0.337386912965199
2026-05-17 11:00:11.212372,0.5324228555125405,0.08004859999999998,0.8002429999999999,1.0147298252754011,0.337386912965199
2026-05-17 11:00:12.212379,0.5324228555125405,0.08004859999999998,0.8002429999999999,1.0147298252754011,0.337386912965199
2026-05-17 11:00:13.212732,0.5324228555125405,0.08004859999999998,0.8002429999999999,1.0147298252754011,0.337386912965199
2026-05-17 11:00:14.213956,0.5324228555125405,0.08004859999999998,0.8002429999999999,1.0147298252754011,0.337386912965199
2026-05-17 11:00:15.213960,0.5324228555125405,0.08004859999999998,0.8002429999999999,1.0147298252754011,0.337386912965199
2026-05-17 11:00:16.214069,0.5324228555125405,0.08004859999999998,0.8002429999999999,1.0147298252754011,0.337386912965199
2026-05-17 11:00:17.214152,0.5324228555125405,0.08004859999999998,0.8002429999999999,1.0147298252754011,0.337386912965199
2026-05-17 11:00:18.214152,0.5324228555125405,0.08004859999999998,0.8002429999999999,1.0147298252754011,0.337386912965199
2026-05-17 11:00:19.214152,0.5324228555125405,0.08004859999999998,0.8002429999999999,1.0147298252754011,0.337386912965199
2026-05-17 11:00:20.214152,0.5324228555125405,0.08004859999999998,0.8002429999999999,1.0147298252754011,0.337386912965199
2026-05-17 11:00:21.214152,0.5312845406847357,0.08001457999999999,0.8000729,1.0149885464005286,0.337386912965199
2026-05-17 11:00:22.214152,0.5312845406847357,0.08001457999999999,0.8000729,1.0149885464005286,0.337386912965199
2026-05-17 11:00:23.214152,0.5312845406847357,0.08001457999999999,0.8000729,1.0149885464005286,0.337386912965199
2026-05-17 11:00:24.214152,0.5312845406847357,0.08001457999999999,0.8000729,1.0149885464005286,0.337386912965199
2026-05-17 11:00:25.214152,0.5312845406847357,0.08001457999999999,0.8000729,1.0149885464005286,0.337386912965199
2026-05-17 11:00:26.214152,0.5312845406847357,0.08001457999999999,0.8000729,1.0149885464005286,0.337386912965199
2026-05-17 11:00:27.214152,0.5312845406847357,0.08001457999999999,0.8000729,1.0149885464005286,0.337386912965199
2026-05-17 11:00:28.214152,0.5312845406847357,0.08001457999999999,0.8000729,1.0149885464005286,0.337386912965199
2026-05-17 11:00:29.214152,0.5312845406847357,0.08001457999999999,0.8000729,1.0149885464005286,0.337386912965199
2026-05-17 11:00:30.214152,0.5312845406847357,0.08001457999999999,0.8000729,1.0149885464005286,0.337386912965199
2026-05-17 11:00:31.214152,0.5312845406847357,0.08001457999999999,0.8000729,1.0149885464005286,0.337386912965199
2026-05-17 11:00:32.214152,0.5309430462363943,0.08000437399999999,0.8000218699999999,1.015066162738067,0.337386912965199
2026-05-17 11:00:33.214269,0.5309430462363943,0.08000437399999999,0.8000218699999999,1.015066162738067,0.337386912965199
2026-05-17 11:00:34.214269,0.5309430462363943,0.08000437399999999,0.8000218699999999,1.015066162738067,0.337386912965199
2026-05-17 11:00:35.214269,0.5309430462363943,0.08000437399999999,0.8000218699999999,1.015066162738067,0.337386912965199
2026-05-17 11:00:36.214269,0.5309430462363943,0.08000437399999999,0.8000218699999999,1.015066162738067,0.337386912965199
2026-05-17 11:00:37.214597,0.5309430462363943,0.08000437399999999,0.8000218699999999,1.015066162738067,0.337386912965199
2026-05-17 11:00:38.216954,0.5309430462363943,0.08000437399999999,0.8000218699999999,1.015066162738067,0.337386912965199
2026-05-17 11:00:39.216954,0.5309430462363943,0.08000437399999999,0.8000218699999999,1.015066162738067,0.337386912965199
2026-05-17 11:00:40.218314,0.5309430462363943,0.08000437399999999,0.8000218699999999,1.015066162738067,0.337386912965199
2026-05-17 11:00:41.218341,0.5309430462363943,0.08000437399999999,0.8000218699999999,1.015066162738067,0.337386912965199
2026-05-17 11:00:42.218341,0.5308405979018919,0.0800013122,0.8000065609999999,1.0150894476393284,0.337386912965199
2026-05-17 11:00:43.218500,0.5308405979018919,0.0800013122,0.8000065609999999,1.0150894476393284,0.337386912965199
2026-05-17 11:00:44.218635,0.5308405979018919,0.0800013122,0.8000065609999999,1.0150894476393284,0.337386912965199
2026-05-17 11:00:45.218635,0.5308405979018919,0.0800013122,0.8000065609999999,1.0150894476393284,0.337386912965199
2026-05-17 11:00:46.221705,0.5308405979018919,0.0800013122,0.8000065609999999,1.0150894476393284,0.337386912965199
2026-05-17 11:00:47.221741,0.5308405979018919,0.0800013122,0.8000065609999999,1.0150894476393284,0.337386912965199
2026-05-17 11:00:48.227268,0.5308405979018919,0.0800013122,0.8000065609999999,1.0150894476393284,0.337386912965199
2026-05-17 11:00:49.227268,0.5308405979018919,0.0800013122,0.8000065609999999,1.0150894476393284,0.337386912965199
2026-05-17 11:00:50.229685,0.5308405979018919,0.0800013122,0.8000065609999999,1.0150894476393284,0.337386912965199
2026-05-17 11:00:51.229685,0.5308405979018919,0.0800013122,0.8000065609999999,1.0150894476393284,0.337386912965199
2026-05-17 11:00:52.229685,0.5308098634015411,0.08000039365999999,0.8000019682999999,1.015096433109707,0.337386912965199
2026-05-17 11:00:53.229685,0.5308098634015411,0.08000039365999999,0.8000019682999999,1.015096433109707,0.337386912965199
2026-05-17 11:00:54.229749,0.5308098634015411,0.08000039365999999,0.8000019682999999,1.015096433109707,0.337386912965199
2026-05-17 11:00:55.229800,0.5308098634015411,0.08000039365999999,0.8000019682999999,1.015096433109707,0.337386912965199
2026-05-17 11:00:56.229800,0.5308098634015411,0.08000039365999999,0.8000019682999999,1.015096433109707,0.337386912965199
2026-05-17 11:00:57.230745,0.5308098634015411,0.08000039365999999,0.8000019682999999,1.015096433109707,0.337386912965199
2026-05-17 11:00:58.230982,0.5308098634015411,0.08000039365999999,0.8000019682999999,1.015096433109707,0.337386912965199
2026-05-17 11:00:59.230982,0.5308098634015411,0.08000039365999999,0.8000019682999999,1.015096433109707,0.337386912965199
2026-05-17 11:01:00.230982,0.5308098634015411,0.08000039365999999,0.8000019682999999,1.015096433109707,0.337386912965199
2026-05-17 11:01:01.230982,0.5308098634015411,0.08000039365999999,0.8000019682999999,1.015096433109707,0.337386912965199
2026-05-17 11:01:02.241985,0.5308006430514359,0.08000011809799999,0.8000005904899999,1.0150985287508205,0.337386912965199
2026-05-17 11:01:03.241987,0.5308006430514359,0.08000011809799999,0.8000005904899999,1.0150985287508205,0.337386912965199
2026-05-17 11:01:04.241989,0.5308006430514359,0.08000011809799999,0.8000005904899999,1.0150985287508205,0.337386912965199
2026-05-17 11:01:05.241989,0.5308006430514359,0.08000011809799999,0.8000005904899999,1.0150985287508205,0.337386912965199
2026-05-17 11:01:06.241989,0.5308006430514359,0.08000011809799999,0.8000005904899999,1.0150985287508205,0.337386912965199
2026-05-17 11:01:07.249100,0.5308006430514359,0.08000011809799999,0.8000005904899999,1.0150985287508205,0.337386912965199
2026-05-17 11:01:08.249101,0.5308006430514359,0.08000011809799999,0.8000005904899999,1.0150985287508205,0.337386912965199
2026-05-17 11:01:09.249101,0.5308006430514359,0.08000011809799999,0.8000005904899999,1.0150985287508205,0.337386912965199
2026-05-17 11:01:10.249935,0.5308006430514359,0.08000011809799999,0.8000005904899999,1.0150985287508205,0.337386912965199
2026-05-17 11:01:11.249954,0.5308006430514359,0.08000011809799999,0.8000005904899999,1.0150985287508205,0.337386912965199
2026-05-17 11:01:12.249956,0.5307978769464043,0.08000003542939998,0.8000001771469999,1.0150991574431545,0.337386912965199
2026-05-17 11:01:13.249956,0.5307978769464043,0.08000003542939998,0.8000001771469999,1.0150991574431545,0.337386912965199
2026-05-17 11:01:14.249956,0.5307978769464043,0.08000003542939998,0.8000001771469999,1.0150991574431545,0.337386912965199
2026-05-17 11:01:15.249956,0.5307978769464043,0.08000003542939998,0.8000001771469999,1.0150991574431545,0.337386912965199
2026-05-17 11:01:16.249956,0.5307978769464043,0.08000003542939998,0.8000001771469999,1.0150991574431545,0.337386912965199
2026-05-17 11:01:17.249956,0.5307978769464043,0.08000003542939998,0.8000001771469999,1.0150991574431545,0.337386912965199
2026-05-17 11:01:18.249959,0.5307978769464043,0.08000003542939998,0.8000001771469999,1.0150991574431545,0.337386912965199
2026-05-17 11:01:19.249977,0.5307978769464043,0.08000003542939998,0.8000001771469999,1.0150991574431545,0.337386912965199
2026-05-17 11:01:20.249977,0.5307978769464043,0.08000003542939998,0.8000001771469999,1.0150991574431545,0.337386912965199
2026-05-17 11:01:21.249977,0.5307978769464043,0.08000003542939998,0.8000001771469999,1.0150991574431545,0.337386912965199
2026-05-17 11:01:22.249977,0.5307978769464043,0.08000003542939998,0.8000001771469999,1.0150991574431545,0.337386912965199
2026-05-17 11:01:23.249977,0.530797047114895,0.08000001062881999,0.8000000531440998,1.0150993460508548,0.337386912965199
2026-05-17 11:01:24.249977,0.530797047114895,0.08000001062881999,0.8000000531440998,1.0150993460508548,0.337386912965199
2026-05-17 11:01:25.251910,0.530797047114895,0.08000001062881999,0.8000000531440998,1.0150993460508548,0.337386912965199
2026-05-17 11:01:26.251919,0.530797047114895,0.08000001062881999,0.8000000531440998,1.0150993460508548,0.337386912965199
2026-05-17 11:01:27.268316,0.530797047114895,0.08000001062881999,0.8000000531440998,1.0150993460508548,0.337386912965199
2026-05-17 11:01:28.269026,0.530797047114895,0.08000001062881999,0.8000000531440998,1.0150993460508548,0.337386912965199
2026-05-17 11:01:29.274544,0.530797047114895,0.08000001062881999,0.8000000531440998,1.0150993460508548,0.337386912965199
2026-05-17 11:01:30.274544,0.530797047114895,0.08000001062881999,0.8000000531440998,1.0150993460508548,0.337386912965199
2026-05-17 11:01:31.274544,0.530797047114895,0.08000001062881999,0.8000000531440998,1.0150993460508548,0.337386912965199
2026-05-17 11:01:32.275546,0.530797047114895,0.08000001062881999,0.8000000531440998,1.0150993460508548,0.337386912965199
2026-05-17 11:01:33.275546,0.5307967981654421,0.08000000318864599,0.8000000159432299,1.0150994026331648,0.337386912965199
2026-05-17 11:01:34.275546,0.5307967981654421,0.08000000318864599,0.8000000159432299,1.0150994026331648,0.337386912965199
2026-05-17 11:01:35.275653,0.5307967981654421,0.08000000318864599,0.8000000159432299,1.0150994026331648,0.337386912965199
2026-05-17 11:01:36.275653,0.5307967981654421,0.08000000318864599,0.8000000159432299,1.0150994026331648,0.337386912965199
2026-05-17 11:01:37.287195,0.5307967981654421,0.08000000318864599,0.8000000159432299,1.0150994026331648,0.337386912965199
2026-05-17 11:01:38.287195,0.5307967981654421,0.08000000318864599,0.8000000159432299,1.0150994026331648,0.337386912965199
2026-05-17 11:01:39.287216,0.5307967981654421,0.08000000318864599,0.8000000159432299,1.0150994026331648,0.337386912965199
2026-05-17 11:01:40.287340,0.5307967981654421,0.08000000318864599,0.8000000159432299,1.0150994026331648,0.337386912965199
2026-05-17 11:01:41.289128,0.5307967981654421,0.08000000318864599,0.8000000159432299,1.0150994026331648,0.337386912965199
2026-05-17 11:01:42.289128,0.5307967981654421,0.08000000318864599,0.8000000159432299,1.0150994026331648,0.337386912965199
2026-05-17 11:01:43.289128,0.5307967234806062,0.08000000095659379,0.800000004782969,1.0150994196078578,0.337386912965199
2026-05-17 11:01:44.295969,0.5307967234806062,0.08000000095659379,0.800000004782969,1.0150994196078578,0.337386912965199
2026-05-17 11:01:45.297997,0.5307967234806062,0.08000000095659379,0.800000004782969,1.0150994196078578,0.337386912965199
2026-05-17 11:01:46.297997,0.5307967234806062,0.08000000095659379,0.800000004782969,1.0150994196078578,0.337386912965199
2026-05-17 11:01:47.297997,0.5307967234806062,0.08000000095659379,0.800000004782969,1.0150994196078578,0.337386912965199
2026-05-17 11:01:48.297997,0.5307967234806062,0.08000000095659379,0.800000004782969,1.0150994196078578,0.337386912965199
2026-05-17 11:01:49.297997,0.5307967234806062,0.08000000095659379,0.800000004782969,1.0150994196078578,0.337386912965199
2026-05-17 11:01:50.297997,0.5307967234806062,0.08000000095659379,0.800000004782969,1.0150994196078578,0.337386912965199
2026-05-17 11:01:51.297997,0.5307967234806062,0.08000000095659379,0.800000004782969,1.0150994196078578,0.337386912965199
2026-05-17 11:01:52.297997,0.5307967234806062,0.08000000095659379,0.800000004782969,1.0150994196078578,0.337386912965199
2026-05-17 11:01:53.297997,0.5307967010751555,0.08000000028697812,0.8000000014348906,1.0150994247002658,0.337386912965199
2026-05-17 11:01:54.298035,0.5307967010751555,0.08000000028697812,0.8000000014348906,1.0150994247002658,0.337386912965199
2026-05-17 11:01:55.298035,0.5307967010751555,0.08000000028697812,0.8000000014348906,1.0150994247002658,0.337386912965199
2026-05-17 11:01:56.298035,0.5307967010751555,0.08000000028697812,0.8000000014348906,1.0150994247002658,0.337386912965199
2026-05-17 11:01:57.298035,0.5307967010751555,0.08000000028697812,0.8000000014348906,1.0150994247002658,0.337386912965199
2026-05-17 11:01:58.298038,0.5307967010751555,0.08000000028697812,0.8000000014348906,1.0150994247002658,0.337386912965199
2026-05-17 11:01:59.298041,0.5307967010751555,0.08000000028697812,0.8000000014348906,1.0150994247002658,0.337386912965199
2026-05-17 11:02:00.298089,0.5307967010751555,0.08000000028697812,0.8000000014348906,1.0150994247002658,0.337386912965199
2026-05-17 11:02:01.298089,0.5307967010751555,0.08000000028697812,0.8000000014348906,1.0150994247002658,0.337386912965199
2026-05-17 11:02:02.298089,0.5307967010751555,0.08000000028697812,0.8000000014348906,1.0150994247002658,0.337386912965199
2026-05-17 11:02:03.298089,0.5307967010751555,0.08000000028697812,0.8000000014348906,1.0150994247002658,0.337386912965199
2026-05-17 11:02:04.298102,0.43923901032254664,0.08000000008609343,0.800000000430467,0.6545298274100797,3.8942215547260357
2026-05-17 11:02:05.298104,0.43923901032254664,0.08000000008609343,0.800000000430467,0.6545298274100797,3.8942215547260357
2026-05-17 11:02:06.298504,0.43923901032254664,0.08000000008609343,0.800000000430467,0.6545298274100797,3.8942215547260357
2026-05-17 11:02:07.298564,0.43923901032254664,0.08000000008609343,0.800000000430467,0.6545298274100797,3.8942215547260357
2026-05-17 11:02:08.370948,0.43923901032254664,0.08000000008609343,0.800000000430467,0.6545298274100797,3.8942215547260357
2026-05-17 11:02:09.370948,0.43923901032254664,0.08000000008609343,0.800000000430467,0.6545298274100797,3.8942215547260357
2026-05-17 11:02:10.370948,0.43923901032254664,0.08000000008609343,0.800000000430467,0.6545298274100797,3.8942215547260357
2026-05-17 11:02:11.370948,0.43923901032254664,0.08000000008609343,0.800000000430467,0.6545298274100797,3.8942215547260357
2026-05-17 11:02:12.370948,0.43923901032254664,0.08000000008609343,0.800000000430467,0.6545298274100797,3.8942215547260357
2026-05-17 11:02:13.370948,0.43923901032254664,0.08000000008609343,0.800000000430467,0.6545298274100797,3.8942215547260357
2026-05-17 11:02:14.370948,0.4117717030967639,0.08000000002582802,0.8000000001291401,0.5463589482230239,3.7559899184421384
2026-05-17 11:02:15.370948,0.4117717030967639,0.08000000002582802,0.8000000001291401,0.5463589482230239,3.7559899184421384
2026-05-17 11:02:16.370948,0.4117717030967639,0.08000000002582802,0.8000000001291401,0.5463589482230239,3.7559899184421384
2026-05-17 11:02:17.370960,0.4117717030967639,0.08000000002582802,0.8000000001291401,0.5463589482230239,3.7559899184421384
2026-05-17 11:02:18.370977,0.4117717030967639,0.08000000002582802,0.8000000001291401,0.5463589482230239,3.7559899184421384
2026-05-17 11:02:19.379768,0.4117717030967639,0.08000000002582802,0.8000000001291401,0.5463589482230239,3.7559899184421384
2026-05-17 11:02:20.387539,0.4117717030967639,0.08000000002582802,0.8000000001291401,0.5463589482230239,3.7559899184421384
2026-05-17 11:02:21.387539,0.4117717030967639,0.08000000002582802,0.8000000001291401,0.5463589482230239,3.7559899184421384
2026-05-17 11:02:22.396972,0.4117717030967639,0.08000000002582802,0.8000000001291401,0.5463589482230239,3.7559899184421384
2026-05-17 11:02:23.414404,0.4117717030967639,0.08000000002582802,0.8000000001291401,0.5463589482230239,3.7559899184421384
2026-05-17 11:02:24.417067,0.40353151092902917,0.0800000000077484,0.8000000000387419,0.5139076844669072,3.7559899184421384
2026-05-17 11:02:25.417067,0.40353151092902917,0.0800000000077484,0.8000000000387419,0.5139076844669072,3.7559899184421384
2026-05-17 11:02:26.420191,0.40353151092902917,0.0800000000077484,0.8000000000387419,0.5139076844669072,3.7559899184421384
2026-05-17 11:02:27.429887,0.40353151092902917,0.0800000000077484,0.8000000000387419,0.5139076844669072,3.7559899184421384
2026-05-17 11:02:28.429919,0.40353151092902917,0.0800000000077484,0.8000000000387419,0.5139076844669072,3.7559899184421384
2026-05-17 11:02:29.429948,0.40353151092902917,0.0800000000077484,0.8000000000387419,0.5139076844669072,3.7559899184421384
2026-05-17 11:02:30.438177,0.40353151092902917,0.0800000000077484,0.8000000000387419,0.5139076844669072,3.7559899184421384
2026-05-17 11:02:31.438193,0.40353151092902917,0.0800000000077484,0.8000000000387419,0.5139076844669072,3.7559899184421384
2026-05-17 11:02:32.438193,0.40353151092902917,0.0800000000077484,0.8000000000387419,0.5139076844669072,3.7559899184421384
2026-05-17 11:02:33.438419,0.40353151092902917,0.0800000000077484,0.8000000000387419,0.5139076844669072,3.7559899184421384
2026-05-17 11:02:34.438419,0.40105945327870873,0.08000000000232452,0.8000000000116225,0.5041723053400722,3.7559899184421384
2026-05-17 11:02:35.438419,0.40105945327870873,0.08000000000232452,0.8000000000116225,0.5041723053400722,3.7559899184421384
2026-05-17 11:02:36.447930,0.40105945327870873,0.08000000000232452,0.8000000000116225,0.5041723053400722,3.7559899184421384
2026-05-17 11:02:37.457179,0.40105945327870873,0.08000000000232452,0.8000000000116225,0.5041723053400722,3.7559899184421384
2026-05-17 11:02:38.457179,0.40105945327870873,0.08000000000232452,0.8000000000116225,0.5041723053400722,3.7559899184421384
2026-05-17 11:02:39.457179,0.40105945327870873,0.08000000000232452,0.8000000000116225,0.5041723053400722,3.7559899184421384
2026-05-17 11:02:40.457179,0.40105945327870873,0.08000000000232452,0.8000000000116225,0.5041723053400722,3.7559899184421384
2026-05-17 11:02:41.457180,0.40105945327870873,0.08000000000232452,0.8000000000116225,0.5041723053400722,3.7559899184421384
2026-05-17 11:02:42.457180,0.40105945327870873,0.08000000000232452,0.8000000000116225,0.5041723053400722,3.7559899184421384
2026-05-17 11:02:43.457183,0.40105945327870873,0.08000000000232452,0.8000000000116225,0.5041723053400722,3.7559899184421384
2026-05-17 11:02:44.457183,0.4003178359836126,0.08000000000069735,0.8000000000034867,0.5012516916020217,3.7559899184421384
2026-05-17 11:02:45.464228,0.4003178359836126,0.08000000000069735,0.8000000000034867,0.5012516916020217,3.7559899184421384
2026-05-17 11:02:46.464228,0.4003178359836126,0.08000000000069735,0.8000000000034867,0.5012516916020217,3.7559899184421384
2026-05-17 11:02:47.464229,0.4003178359836126,0.08000000000069735,0.8000000000034867,0.5012516916020217,3.7559899184421384
2026-05-17 11:02:48.481303,0.4003178359836126,0.08000000000069735,0.8000000000034867,0.5012516916020217,3.7559899184421384
2026-05-17 11:02:49.491466,0.4003178359836126,0.08000000000069735,0.8000000000034867,0.5012516916020217,3.7559899184421384
2026-05-17 11:02:50.496163,0.4003178359836126,0.08000000000069735,0.8000000000034867,0.5012516916020217,3.7559899184421384
2026-05-17 11:02:51.496163,0.4003178359836126,0.08000000000069735,0.8000000000034867,0.5012516916020217,3.7559899184421384
2026-05-17 11:02:52.496174,0.4003178359836126,0.08000000000069735,0.8000000000034867,0.5012516916020217,3.7559899184421384
2026-05-17 11:02:53.496193,0.4003178359836126,0.08000000000069735,0.8000000000034867,0.5012516916020217,3.7559899184421384
2026-05-17 11:02:54.504424,0.40009535079508374,0.0800000000002092,0.8000000000010459,0.5003755074806064,3.7559899184421384
2026-05-17 11:02:55.504424,0.40009535079508374,0.0800000000002092,0.8000000000010459,0.5003755074806064,3.7559899184421384
2026-05-17 11:02:56.504424,0.40009535079508374,0.0800000000002092,0.8000000000010459,0.5003755074806064,3.7559899184421384
2026-05-17 11:02:57.505083,0.40009535079508374,0.0800000000002092,0.8000000000010459,0.5003755074806064,3.7559899184421384
2026-05-17 11:02:58.505083,0.40009535079508374,0.0800000000002092,0.8000000000010459,0.5003755074806064,3.7559899184421384
2026-05-17 11:02:59.505083,0.40009535079508374,0.0800000000002092,0.8000000000010459,0.5003755074806064,3.7559899184421384
2026-05-17 11:03:00.505083,0.40009535079508374,0.0800000000002092,0.8000000000010459,0.5003755074806064,3.7559899184421384
2026-05-17 11:03:01.507765,0.40009535079508374,0.0800000000002092,0.8000000000010459,0.5003755074806064,3.7559899184421384
2026-05-17 11:03:02.507765,0.40009535079508374,0.0800000000002092,0.8000000000010459,0.5003755074806064,3.7559899184421384
2026-05-17 11:03:03.507765,0.40009535079508374,0.0800000000002092,0.8000000000010459,0.5003755074806064,3.7559899184421384
2026-05-17 11:03:04.507765,0.40002860523852507,0.08000000000006276,0.8000000000003137,0.5001126522441819,3.7559899184421384
2026-05-17 11:03:05.507767,0.40002860523852507,0.08000000000006276,0.8000000000003137,0.5001126522441819,3.7559899184421384
2026-05-17 11:03:06.515340,0.40002860523852507,0.08000000000006276,0.8000000000003137,0.5001126522441819,3.7559899184421384
2026-05-17 11:03:07.515340,0.40002860523852507,0.08000000000006276,0.8000000000003137,0.5001126522441819,3.7559899184421384
2026-05-17 11:03:08.515340,0.40002860523852507,0.08000000000006276,0.8000000000003137,0.5001126522441819,3.7559899184421384
2026-05-17 11:03:09.515367,0.40002860523852507,0.08000000000006276,0.8000000000003137,0.5001126522441819,3.7559899184421384
2026-05-17 11:03:10.515367,0.40002860523852507,0.08000000000006276,0.8000000000003137,0.5001126522441819,3.7559899184421384
2026-05-17 11:03:11.515369,0.40002860523852507,0.08000000000006276,0.8000000000003137,0.5001126522441819,3.7559899184421384
2026-05-17 11:03:12.515369,0.40002860523852507,0.08000000000006276,0.8000000000003137,0.5001126522441819,3.7559899184421384
2026-05-17 11:03:13.515369,0.40002860523852507,0.08000000000006276,0.8000000000003137,0.5001126522441819,3.7559899184421384
2026-05-17 11:03:14.515405,0.40002860523852507,0.08000000000006276,0.8000000000003137,0.5001126522441819,3.7559899184421384
2026-05-17 11:03:15.522196,0.4000085815715575,0.08000000000001882,0.800000000000094,0.5000337956732546,3.7559899184421384
2026-05-17 11:03:16.522196,0.4000085815715575,0.08000000000001882,0.800000000000094,0.5000337956732546,3.7559899184421384
2026-05-17 11:03:17.522198,0.4000085815715575,0.08000000000001882,0.800000000000094,0.5000337956732546,3.7559899184421384
2026-05-17 11:03:18.523518,0.4000085815715575,0.08000000000001882,0.800000000000094,0.5000337956732546,3.7559899184421384
2026-05-17 11:03:19.523587,0.4000085815715575,0.08000000000001882,0.800000000000094,0.5000337956732546,3.7559899184421384
2026-05-17 11:03:20.523587,0.4000085815715575,0.08000000000001882,0.800000000000094,0.5000337956732546,3.7559899184421384
2026-05-17 11:03:21.527019,0.4000085815715575,0.08000000000001882,0.800000000000094,0.5000337956732546,3.7559899184421384
2026-05-17 11:03:22.527019,0.4000085815715575,0.08000000000001882,0.800000000000094,0.5000337956732546,3.7559899184421384
2026-05-17 11:03:23.527020,0.4000085815715575,0.08000000000001882,0.800000000000094,0.5000337956732546,3.7559899184421384
2026-05-17 11:03:24.527584,0.4000085815715575,0.08000000000001882,0.800000000000094,0.5000337956732546,3.7559899184421384
2026-05-17 11:03:25.528219,0.4000085815715575,0.08000000000001882,0.800000000000094,0.5000337956732546,3.7559899184421384
2026-05-17 11:03:26.535063,0.4000025744714672,0.08000000000000564,0.8000000000000281,0.5000101387019763,3.7559899184421384
2026-05-17 11:03:27.535090,0.4000025744714672,0.08000000000000564,0.8000000000000281,0.5000101387019763,3.7559899184421384
2026-05-17 11:03:28.544854,0.4000025744714672,0.08000000000000564,0.8000000000000281,0.5000101387019763,3.7559899184421384
2026-05-17 11:03:29.544854,0.4000025744714672,0.08000000000000564,0.8000000000000281,0.5000101387019763,3.7559899184421384
2026-05-17 11:03:30.544854,0.4000025744714672,0.08000000000000564,0.8000000000000281,0.5000101387019763,3.7559899184421384
2026-05-17 11:03:31.544854,0.4000025744714672,0.08000000000000564,0.8000000000000281,0.5000101387019763,3.7559899184421384
2026-05-17 11:03:32.544860,0.4000025744714672,0.08000000000000564,0.8000000000000281,0.5000101387019763,3.7559899184421384
2026-05-17 11:03:33.548344,0.4000025744714672,0.08000000000000564,0.8000000000000281,0.5000101387019763,3.7559899184421384
2026-05-17 11:03:34.548389,0.4000025744714672,0.08000000000000564,0.8000000000000281,0.5000101387019763,3.7559899184421384
2026-05-17 11:03:35.548540,0.4000025744714672,0.08000000000000564,0.8000000000000281,0.5000101387019763,3.7559899184421384
2026-05-17 11:03:36.548540,0.40000077234144016,0.08000000000000168,0.8000000000000084,0.5000030416105928,3.7559899184421384
2026-05-17 11:03:37.548542,0.40000077234144016,0.08000000000000168,0.8000000000000084,0.5000030416105928,3.7559899184421384
2026-05-17 11:03:38.548542,0.40000077234144016,0.08000000000000168,0.8000000000000084,0.5000030416105928,3.7559899184421384
2026-05-17 11:03:39.552049,0.40000077234144016,0.08000000000000168,0.8000000000000084,0.5000030416105928,3.7559899184421384
2026-05-17 11:03:40.552049,0.40000077234144016,0.08000000000000168,0.8000000000000084,0.5000030416105928,3.7559899184421384
2026-05-17 11:03:41.554677,0.40000077234144016,0.08000000000000168,0.8000000000000084,0.5000030416105928,3.7559899184421384
2026-05-17 11:03:42.554682,0.40000077234144016,0.08000000000000168,0.8000000000000084,0.5000030416105928,3.7559899184421384
2026-05-17 11:03:43.554698,0.40000077234144016,0.08000000000000168,0.8000000000000084,0.5000030416105928,3.7559899184421384
2026-05-17 11:03:44.557431,0.40000077234144016,0.08000000000000168,0.8000000000000084,0.5000030416105928,3.7559899184421384
2026-05-17 11:03:45.570584,0.40000077234144016,0.08000000000000168,0.8000000000000084,0.5000030416105928,3.7559899184421384
2026-05-17 11:03:46.570634,0.40000023170243204,0.0800000000000005,0.8000000000000025,0.5000009124831778,3.7559899184421384
2026-05-17 11:03:47.570634,0.40000023170243204,0.0800000000000005,0.8000000000000025,0.5000009124831778,3.7559899184421384
2026-05-17 11:03:48.570634,0.40000023170243204,0.0800000000000005,0.8000000000000025,0.5000009124831778,3.7559899184421384
2026-05-17 11:03:49.570634,0.40000023170243204,0.0800000000000005,0.8000000000000025,0.5000009124831778,3.7559899184421384
2026-05-17 11:03:50.570634,0.40000023170243204,0.0800000000000005,0.8000000000000025,0.5000009124831778,3.7559899184421384
2026-05-17 11:03:51.570655,0.40000023170243204,0.0800000000000005,0.8000000000000025,0.5000009124831778,3.7559899184421384
2026-05-17 11:03:52.570655,0.40000023170243204,0.0800000000000005,0.8000000000000025,0.5000009124831778,3.7559899184421384
2026-05-17 11:03:53.570672,0.40000023170243204,0.0800000000000005,0.8000000000000025,0.5000009124831778,3.7559899184421384
2026-05-17 11:03:54.570672,0.40000023170243204,0.0800000000000005,0.8000000000000025,0.5000009124831778,3.7559899184421384
2026-05-17 11:03:55.576978,0.40000023170243204,0.0800000000000005,0.8000000000000025,0.5000009124831778,3.7559899184421384
2026-05-17 11:03:56.577051,0.4000000695107296,0.08000000000000014,0.8000000000000007,0.5000002737449534,3.7559899184421384
2026-05-17 11:03:57.577051,0.4000000695107296,0.08000000000000014,0.8000000000000007,0.5000002737449534,3.7559899184421384
2026-05-17 11:03:58.577491,0.4000000695107296,0.08000000000000014,0.8000000000000007,0.5000002737449534,3.7559899184421384
2026-05-17 11:03:59.577491,0.4000000695107296,0.08000000000000014,0.8000000000000007,0.5000002737449534,3.7559899184421384
2026-05-17 11:04:00.577498,0.4000000695107296,0.08000000000000014,0.8000000000000007,0.5000002737449534,3.7559899184421384
2026-05-17 11:04:01.578297,0.4000000695107296,0.08000000000000014,0.8000000000000007,0.5000002737449534,3.7559899184421384
2026-05-17 11:04:02.578297,0.4000000695107296,0.08000000000000014,0.8000000000000007,0.5000002737449534,3.7559899184421384
2026-05-17 11:04:03.578297,0.4000000695107296,0.08000000000000014,0.8000000000000007,0.5000002737449534,3.7559899184421384
2026-05-17 11:04:04.578297,0.4000000695107296,0.08000000000000014,0.8000000000000007,0.5000002737449534,3.7559899184421384
2026-05-17 11:04:05.578297,0.4000000695107296,0.08000000000000014,0.8000000000000007,0.5000002737449534,3.7559899184421384
2026-05-17 11:04:06.578298,0.40000002085321884,0.08000000000000004,0.8000000000000002,0.500000082123486,3.7559899184421384
2026-05-17 11:04:07.610141,0.40000002085321884,0.08000000000000004,0.8000000000000002,0.500000082123486,3.7559899184421384
2026-05-17 11:04:08.613324,0.40000002085321884,0.08000000000000004,0.8000000000000002,0.500000082123486,3.7559899184421384
2026-05-17 11:04:09.613324,0.40000002085321884,0.08000000000000004,0.8000000000000002,0.500000082123486,3.7559899184421384
2026-05-17 11:04:10.613324,0.40000002085321884,0.08000000000000004,0.8000000000000002,0.500000082123486,3.7559899184421384
2026-05-17 11:04:11.614079,0.40000002085321884,0.08000000000000004,0.8000000000000002,0.500000082123486,3.7559899184421384
2026-05-17 11:04:12.614079,0.40000002085321884,0.08000000000000004,0.8000000000000002,0.500000082123486,3.7559899184421384
2026-05-17 11:04:13.628243,0.40000002085321884,0.08000000000000004,0.8000000000000002,0.500000082123486,3.7559899184421384
2026-05-17 11:04:14.628243,0.40000002085321884,0.08000000000000004,0.8000000000000002,0.500000082123486,3.7559899184421384
2026-05-17 11:04:15.628243,0.40000002085321884,0.08000000000000004,0.8000000000000002,0.500000082123486,3.7559899184421384
2026-05-17 11:04:16.629502,0.4000000062559656,0.08,0.8,0.5000000246370457,3.7559899184421384
2026-05-17 11:04:17.629502,0.4000000062559656,0.08,0.8,0.5000000246370457,3.7559899184421384
2026-05-17 11:04:18.629502,0.4000000062559656,0.08,0.8,0.5000000246370457,3.7559899184421384
2026-05-17 11:04:19.629502,0.4000000062559656,0.08,0.8,0.5000000246370457,3.7559899184421384
2026-05-17 11:04:20.629502,0.4000000062559656,0.08,0.8,0.5000000246370457,3.7559899184421384
2026-05-17 11:04:21.629502,0.4000000062559656,0.08,0.8,0.5000000246370457,3.7559899184421384
2026-05-17 11:04:22.630442,0.4000000062559656,0.08,0.8,0.5000000246370457,3.7559899184421384
2026-05-17 11:04:23.635223,0.4000000062559656,0.08,0.8,0.5000000246370457,3.7559899184421384
2026-05-17 11:04:24.635223,0.4000000062559656,0.08,0.8,0.5000000246370457,3.7559899184421384
2026-05-17 11:04:25.642790,0.4000000062559656,0.08,0.8,0.5000000246370457,3.7559899184421384
2026-05-17 11:04:26.642790,0.4000000062559656,0.08,0.8,0.5000000246370457,3.7559899184421384
2026-05-17 11:04:27.642859,0.40000000187678963,0.07999999999999999,0.7999999999999999,0.5000000073911137,3.7559899184421384
2026-05-17 11:04:28.642859,0.40000000187678963,0.07999999999999999,0.7999999999999999,0.5000000073911137,3.7559899184421384
2026-05-17 11:04:29.642859,0.40000000187678963,0.07999999999999999,0.7999999999999999,0.5000000073911137,3.7559899184421384
2026-05-17 11:04:30.642859,0.40000000187678963,0.07999999999999999,0.7999999999999999,0.5000000073911137,3.7559899184421384
2026-05-17 11:04:31.642859,0.40000000187678963,0.07999999999999999,0.7999999999999999,0.5000000073911137,3.7559899184421384
2026-05-17 11:04:32.646881,0.40000000187678963,0.07999999999999999,0.7999999999999999,0.5000000073911137,3.7559899184421384
2026-05-17 11:04:33.646921,0.40000000187678963,0.07999999999999999,0.7999999999999999,0.5000000073911137,3.7559899184421384
2026-05-17 11:04:34.646921,0.40000000187678963,0.07999999999999999,0.7999999999999999,0.5000000073911137,3.7559899184421384
2026-05-17 11:04:35.647328,0.40000000187678963,0.07999999999999999,0.7999999999999999,0.5000000073911137,3.7559899184421384
2026-05-17 11:04:36.647403,0.40000000187678963,0.07999999999999999,0.7999999999999999,0.5000000073911137,3.7559899184421384
2026-05-17 11:04:37.647403,0.40000000187678963,0.07999999999999999,0.7999999999999999,0.5000000073911137,3.7559899184421384
2026-05-17 11:04:38.647403,0.40000000056303686,0.07999999999999999,0.7999999999999999,0.5000000022173341,3.7559899184421384
2026-05-17 11:04:39.647403,0.40000000056303686,0.07999999999999999,0.7999999999999999,0.5000000022173341,3.7559899184421384
2026-05-17 11:04:40.647403,0.40000000056303686,0.07999999999999999,0.7999999999999999,0.5000000022173341,3.7559899184421384
2026-05-17 11:04:41.647403,0.40000000056303686,0.07999999999999999,0.7999999999999999,0.5000000022173341,3.7559899184421384
2026-05-17 11:04:42.647403,0.40000000056303686,0.07999999999999999,0.7999999999999999,0.5000000022173341,3.7559899184421384
2026-05-17 11:04:43.647403,0.40000000056303686,0.07999999999999999,0.7999999999999999,0.5000000022173341,3.7559899184421384
2026-05-17 11:04:44.647403,0.40000000056303686,0.07999999999999999,0.7999999999999999,0.5000000022173341,3.7559899184421384
2026-05-17 11:04:45.647403,0.40000000056303686,0.07999999999999999,0.7999999999999999,0.5000000022173341,3.7559899184421384
2026-05-17 11:04:46.647637,0.40000000056303686,0.07999999999999999,0.7999999999999999,0.5000000022173341,3.7559899184421384
2026-05-17 11:04:47.647735,0.40000000056303686,0.07999999999999999,0.7999999999999999,0.5000000022173341,3.7559899184421384
2026-05-17 11:04:48.647735,0.400000000168911,0.07999999999999999,0.7999999999999999,0.5000000006652002,3.7559899184421384
2026-05-17 11:04:49.649268,0.400000000168911,0.07999999999999999,0.7999999999999999,0.5000000006652002,3.7559899184421384
2026-05-17 11:04:50.649271,0.400000000168911,0.07999999999999999,0.7999999999999999,0.5000000006652002,3.7559899184421384
2026-05-17 11:04:51.649273,0.400000000168911,0.07999999999999999,0.7999999999999999,0.5000000006652002,3.7559899184421384
2026-05-17 11:04:52.649440,0.400000000168911,0.07999999999999999,0.7999999999999999,0.5000000006652002,3.7559899184421384
2026-05-17 11:04:53.650439,0.400000000168911,0.07999999999999999,0.7999999999999999,0.5000000006652002,3.7559899184421384
2026-05-17 11:04:54.650439,0.400000000168911,0.07999999999999999,0.7999999999999999,0.5000000006652002,3.7559899184421384
2026-05-17 11:04:55.650574,0.400000000168911,0.07999999999999999,0.7999999999999999,0.5000000006652002,3.7559899184421384
2026-05-17 11:04:56.650576,0.400000000168911,0.07999999999999999,0.7999999999999999,0.5000000006652002,3.7559899184421384
2026-05-17 11:04:57.650576,0.400000000168911,0.07999999999999999,0.7999999999999999,0.5000000006652002,3.7559899184421384
2026-05-17 11:04:58.657494,0.40000000005067327,0.07999999999999999,0.7999999999999999,0.50000000019956,3.7559899184421384
2026-05-17 11:04:59.659782,0.40000000005067327,0.07999999999999999,0.7999999999999999,0.50000000019956,3.7559899184421384
2026-05-17 11:05:00.659840,0.40000000005067327,0.07999999999999999,0.7999999999999999,0.50000000019956,3.7559899184421384
2026-05-17 11:05:01.659865,0.40000000005067327,0.07999999999999999,0.7999999999999999,0.50000000019956,3.7559899184421384
2026-05-17 11:05:02.659877,0.40000000005067327,0.07999999999999999,0.7999999999999999,0.50000000019956,3.7559899184421384
2026-05-17 11:05:03.659948,0.40000000005067327,0.07999999999999999,0.7999999999999999,0.50000000019956,3.7559899184421384
2026-05-17 11:05:04.659948,0.40000000005067327,0.07999999999999999,0.7999999999999999,0.50000000019956,3.7559899184421384
2026-05-17 11:05:05.659951,0.40000000005067327,0.07999999999999999,0.7999999999999999,0.50000000019956,3.7559899184421384
2026-05-17 11:05:06.661379,0.40000000005067327,0.07999999999999999,0.7999999999999999,0.50000000019956,3.7559899184421384
2026-05-17 11:05:07.662611,0.40000000005067327,0.07999999999999999,0.7999999999999999,0.50000000019956,3.7559899184421384
2026-05-17 11:05:08.662611,0.400000000015202,0.07999999999999999,0.7999999999999999,0.500000000059868,3.7559899184421384
2026-05-17 11:05:09.662629,0.400000000015202,0.07999999999999999,0.7999999999999999,0.500000000059868,3.7559899184421384
2026-05-17 11:05:10.662629,0.400000000015202,0.07999999999999999,0.7999999999999999,0.500000000059868,3.7559899184421384
2026-05-17 11:05:11.674407,0.400000000015202,0.07999999999999999,0.7999999999999999,0.500000000059868,3.7559899184421384
2026-05-17 11:05:12.682325,0.400000000015202,0.07999999999999999,0.7999999999999999,0.500000000059868,3.7559899184421384
2026-05-17 11:05:13.683338,0.400000000015202,0.07999999999999999,0.7999999999999999,0.500000000059868,3.7559899184421384
2026-05-17 11:05:14.684334,0.400000000015202,0.07999999999999999,0.7999999999999999,0.500000000059868,3.7559899184421384
2026-05-17 11:05:15.699058,0.400000000015202,0.07999999999999999,0.7999999999999999,0.500000000059868,3.7559899184421384
2026-05-17 11:05:16.699060,0.400000000015202,0.07999999999999999,0.7999999999999999,0.500000000059868,3.7559899184421384
2026-05-17 11:05:17.699060,0.400000000015202,0.07999999999999999,0.7999999999999999,0.500000000059868,3.7559899184421384
2026-05-17 11:05:18.699507,0.400000000015202,0.07999999999999999,0.7999999999999999,0.500000000059868,3.7559899184421384
2026-05-17 11:05:19.699507,0.40000000000456054,0.07999999999999999,0.7999999999999999,0.5000000000179604,3.7559899184421384
2026-05-17 11:05:20.699507,0.40000000000456054,0.07999999999999999,0.7999999999999999,0.5000000000179604,3.7559899184421384
2026-05-17 11:05:21.699615,0.40000000000456054,0.07999999999999999,0.7999999999999999,0.5000000000179604,3.7559899184421384
2026-05-17 11:05:22.699615,0.40000000000456054,0.07999999999999999,0.7999999999999999,0.5000000000179604,3.7559899184421384
2026-05-17 11:06:17.699627,0.40000000000136815,0.07999999999999999,0.7999999999999999,0.5000000000053881,3.7559899184421384
2026-05-17 11:06:18.699627,0.40000000000136815,0.07999999999999999,0.7999999999999999,0.5000000000053881,3.7559899184421384
2026-05-17 11:06:19.706800,0.40000000000136815,0.07999999999999999,0.7999999999999999,0.5000000000053881,3.7559899184421384
2026-05-17 11:06:20.706800,0.40000000000136815,0.07999999999999999,0.7999999999999999,0.5000000000053881,3.7559899184421384
2026-05-17 11:06:21.706800,0.40000000000136815,0.07999999999999999,0.7999999999999999,0.5000000000053881,3.7559899184421384
2026-05-17 11:06:22.706800,0.40000000000136815,0.07999999999999999,0.7999999999999999,0.5000000000053881,3.7559899184421384
2026-05-17 11:06:23.706800,0.40000000000136815,0.07999999999999999,0.7999999999999999,0.5000000000053881,3.7559899184421384
2026-05-17 11:06:24.706993,0.40000000000136815,0.07999999999999999,0.7999999999999999,0.5000000000053881,3.7559899184421384
2026-05-17 11:06:25.706993,0.40000000000136815,0.07999999999999999,0.7999999999999999,0.5000000000053881,3.7559899184421384
2026-05-17 11:06:26.706993,0.40000000000136815,0.07999999999999999,0.7999999999999999,0.5000000000053881,3.7559899184421384
2026-05-17 11:06:27.707749,0.4000000000004104,0.07999999999999999,0.7999999999999999,0.5000000000016164,3.7559899184421384
2026-05-17 11:06:28.707749,0.4000000000004104,0.07999999999999999,0.7999999999999999,0.5000000000016164,3.7559899184421384
2026-05-17 11:06:29.707750,0.4000000000004104,0.07999999999999999,0.7999999999999999,0.5000000000016164,3.7559899184421384
2026-05-17 11:06:30.707750,0.4000000000004104,0.07999999999999999,0.7999999999999999,0.5000000000016164,3.7559899184421384
2026-05-17 11:06:31.707750,0.4000000000004104,0.07999999999999999,0.7999999999999999,0.5000000000016164,3.7559899184421384
2026-05-17 11:06:32.707750,0.4000000000004104,0.07999999999999999,0.7999999999999999,0.5000000000016164,3.7559899184421384
2026-05-17 11:06:33.707750,0.4000000000004104,0.07999999999999999,0.7999999999999999,0.5000000000016164,3.7559899184421384
2026-05-17 11:06:34.710216,0.4000000000004104,0.07999999999999999,0.7999999999999999,0.5000000000016164,3.7559899184421384
2026-05-17 11:06:35.710218,0.4000000000004104,0.07999999999999999,0.7999999999999999,0.5000000000016164,3.7559899184421384
2026-05-17 11:06:36.714392,0.4000000000004104,0.07999999999999999,0.7999999999999999,0.5000000000016164,3.7559899184421384
2026-05-17 11:06:37.714392,0.4000000000004104,0.07999999999999999,0.7999999999999999,0.5000000000016164,3.7559899184421384
2026-05-17 11:06:38.714392,0.4000000000001231,0.07999999999999999,0.7999999999999999,0.500000000000485,3.4196509332233735
2026-05-17 11:06:39.714392,0.4000000000001231,0.07999999999999999,0.7999999999999999,0.500000000000485,3.4196509332233735
2026-05-17 11:06:40.714395,0.4000000000001231,0.07999999999999999,0.7999999999999999,0.500000000000485,3.4196509332233735
2026-05-17 11:06:41.714395,0.4000000000001231,0.07999999999999999,0.7999999999999999,0.500000000000485,3.4196509332233735
2026-05-17 11:06:42.714395,0.4000000000001231,0.07999999999999999,0.7999999999999999,0.500000000000485,3.4196509332233735
2026-05-17 11:06:43.714395,0.4000000000001231,0.07999999999999999,0.7999999999999999,0.500000000000485,3.4196509332233735
2026-05-17 11:06:44.714395,0.4000000000001231,0.07999999999999999,0.7999999999999999,0.500000000000485,3.4196509332233735
2026-05-17 11:06:45.714395,0.4000000000001231,0.07999999999999999,0.7999999999999999,0.500000000000485,3.4196509332233735
2026-05-17 11:06:46.714404,0.4000000000001231,0.07999999999999999,0.7999999999999999,0.500000000000485,3.4196509332233735
2026-05-17 11:06:47.714404,0.4000000000001231,0.07999999999999999,0.7999999999999999,0.500000000000485,3.4196509332233735
2026-05-17 11:06:48.714404,0.4000000000000369,0.07999999999999999,0.7999999999999999,0.5000000000001454,2.394356108598197
2026-05-17 11:06:49.714404,0.4000000000000369,0.07999999999999999,0.7999999999999999,0.5000000000001454,2.394356108598197
2026-05-17 11:06:50.714411,0.4000000000000369,0.07999999999999999,0.7999999999999999,0.5000000000001454,2.394356108598197
2026-05-17 11:06:51.714470,0.4000000000000369,0.07999999999999999,0.7999999999999999,0.5000000000001454,2.394356108598197
2026-05-17 11:06:52.714470,0.4000000000000369,0.07999999999999999,0.7999999999999999,0.5000000000001454,2.394356108598197
2026-05-17 11:06:53.714470,0.4000000000000369,0.07999999999999999,0.7999999999999999,0.5000000000001454,2.394356108598197
2026-05-17 11:06:54.714470,0.4000000000000369,0.07999999999999999,0.7999999999999999,0.5000000000001454,2.394356108598197
2026-05-17 11:06:55.714562,0.4000000000000369,0.07999999999999999,0.7999999999999999,0.5000000000001454,2.394356108598197
2026-05-17 11:06:56.714566,0.4000000000000369,0.07999999999999999,0.7999999999999999,0.5000000000001454,2.394356108598197
2026-05-17 11:06:57.714566,0.4000000000000369,0.07999999999999999,0.7999999999999999,0.5000000000001454,2.394356108598197
2026-05-17 11:06:58.714567,0.4000000000000369,0.07999999999999999,0.7999999999999999,0.5000000000001454,2.394356108598197
2026-05-17 11:06:59.714567,0.400000000000011,0.07999999999999999,0.7999999999999999,0.5000000000000436,2.265211476942195
2026-05-17 11:07:00.714567,0.400000000000011,0.07999999999999999,0.7999999999999999,0.5000000000000436,2.265211476942195
2026-05-17 11:07:01.714567,0.400000000000011,0.07999999999999999,0.7999999999999999,0.5000000000000436,2.265211476942195
2026-05-17 11:07:02.714567,0.400000000000011,0.07999999999999999,0.7999999999999999,0.5000000000000436,2.265211476942195
2026-05-17 11:07:03.728395,0.400000000000011,0.07999999999999999,0.7999999999999999,0.5000000000000436,2.265211476942195
2026-05-17 11:07:04.728450,0.400000000000011,0.07999999999999999,0.7999999999999999,0.5000000000000436,2.265211476942195
2026-05-17 11:07:05.728458,0.400000000000011,0.07999999999999999,0.7999999999999999,0.5000000000000436,2.265211476942195
2026-05-17 11:07:06.728458,0.400000000000011,0.07999999999999999,0.7999999999999999,0.5000000000000436,2.265211476942195
2026-05-17 11:07:07.728458,0.400000000000011,0.07999999999999999,0.7999999999999999,0.5000000000000436,2.265211476942195
2026-05-17 11:07:08.728463,0.400000000000011,0.07999999999999999,0.7999999999999999,0.5000000000000436,2.265211476942195
2026-05-17 11:07:09.728463,0.400000000000011,0.07999999999999999,0.7999999999999999,0.5000000000000436,2.265211476942195
2026-05-17 11:07:10.728463,0.40000000000000324,0.07999999999999999,0.7999999999999999,0.5000000000000131,2.265211476942195
2026-05-17 11:07:11.728463,0.40000000000000324,0.07999999999999999,0.7999999999999999,0.5000000000000131,2.265211476942195
2026-05-17 11:07:12.728463,0.40000000000000324,0.07999999999999999,0.7999999999999999,0.5000000000000131,2.265211476942195
2026-05-17 11:07:13.728464,0.40000000000000324,0.07999999999999999,0.7999999999999999,0.5000000000000131,2.265211476942195
2026-05-17 11:07:14.728464,0.40000000000000324,0.07999999999999999,0.7999999999999999,0.5000000000000131,2.265211476942195
2026-05-17 11:07:15.728464,0.40000000000000324,0.07999999999999999,0.7999999999999999,0.5000000000000131,2.265211476942195
2026-05-17 11:07:16.728464,0.40000000000000324,0.07999999999999999,0.7999999999999999,0.5000000000000131,2.265211476942195
2026-05-17 11:07:17.738871,0.40000000000000324,0.07999999999999999,0.7999999999999999,0.5000000000000131,2.265211476942195
2026-05-17 11:07:18.738871,0.40000000000000324,0.07999999999999999,0.7999999999999999,0.5000000000000131,2.265211476942195
2026-05-17 11:07:19.738871,0.40000000000000324,0.07999999999999999,0.7999999999999999,0.5000000000000131,2.265211476942195
2026-05-17 11:07:20.738871,0.4000000000000009,0.07999999999999999,0.7999999999999999,0.5000000000000039,2.265211476942195
2026-05-17 11:07:21.739046,0.4000000000000009,0.07999999999999999,0.7999999999999999,0.5000000000000039,2.265211476942195
2026-05-17 11:07:22.739428,0.4000000000000009,0.07999999999999999,0.7999999999999999,0.5000000000000039,2.265211476942195
2026-05-17 11:07:23.739428,0.4000000000000009,0.07999999999999999,0.7999999999999999,0.5000000000000039,2.265211476942195
2026-05-17 11:07:24.739428,0.4000000000000009,0.07999999999999999,0.7999999999999999,0.5000000000000039,2.265211476942195
2026-05-17 11:07:25.739428,0.4000000000000009,0.07999999999999999,0.7999999999999999,0.5000000000000039,2.265211476942195
2026-05-17 11:07:26.739428,0.4000000000000009,0.07999999999999999,0.7999999999999999,0.5000000000000039,2.265211476942195
2026-05-17 11:07:27.746323,0.4000000000000009,0.07999999999999999,0.7999999999999999,0.5000000000000039,2.265211476942195
2026-05-17 11:07:28.746323,0.4000000000000009,0.07999999999999999,0.7999999999999999,0.5000000000000039,2.265211476942195
2026-05-17 11:07:29.746325,0.4000000000000009,0.07999999999999999,0.7999999999999999,0.5000000000000039,2.265211476942195
2026-05-17 11:07:30.746325,0.4000000000000009,0.07999999999999999,0.7999999999999999,0.5000000000000039,2.265211476942195
2026-05-17 11:07:31.746340,0.40000000000000024,0.07999999999999999,0.7999999999999999,0.5000000000000011,2.265211476942195
2026-05-17 11:07:32.746342,0.40000000000000024,0.07999999999999999,0.7999999999999999,0.5000000000000011,2.265211476942195
2026-05-17 11:07:33.746344,0.40000000000000024,0.07999999999999999,0.7999999999999999,0.5000000000000011,2.265211476942195
2026-05-17 11:07:34.746344,0.40000000000000024,0.07999999999999999,0.7999999999999999,0.5000000000000011,2.265211476942195
2026-05-17 11:07:35.746344,0.40000000000000024,0.07999999999999999,0.7999999999999999,0.5000000000000011,2.265211476942195
2026-05-17 11:07:36.749673,0.40000000000000024,0.07999999999999999,0.7999999999999999,0.5000000000000011,2.265211476942195
2026-05-17 11:07:37.796730,0.40000000000000024,0.07999999999999999,0.7999999999999999,0.5000000000000011,2.265211476942195
2026-05-17 11:07:38.796731,0.40000000000000024,0.07999999999999999,0.7999999999999999,0.5000000000000011,2.265211476942195
2026-05-17 11:07:39.796731,0.40000000000000024,0.07999999999999999,0.7999999999999999,0.5000000000000011,2.265211476942195
2026-05-17 11:07:40.796731,0.40000000000000024,0.07999999999999999,0.7999999999999999,0.5000000000000011,2.265211476942195
2026-05-17 11:07:41.796731,0.40000000000000024,0.07999999999999999,0.7999999999999999,0.5000000000000011,2.265211476942195
2026-05-17 11:07:42.796736,0.4,0.07999999999999999,0.7999999999999999,0.5000000000000003,2.265211476942195
2026-05-17 11:07:43.796744,0.4,0.07999999999999999,0.7999999999999999,0.5000000000000003,2.265211476942195
2026-05-17 11:07:44.796744,0.4,0.07999999999999999,0.7999999999999999,0.5000000000000003,2.265211476942195
2026-05-17 11:07:45.796745,0.4,0.07999999999999999,0.7999999999999999,0.5000000000000003,2.265211476942195
2026-05-17 11:07:46.796745,0.4,0.07999999999999999,0.7999999999999999,0.5000000000000003,2.265211476942195
2026-05-17 11:07:47.796759,0.4,0.07999999999999999,0.7999999999999999,0.5000000000000003,2.265211476942195
2026-05-17 11:07:48.797171,0.4,0.07999999999999999,0.7999999999999999,0.5000000000000003,2.265211476942195
2026-05-17 11:07:49.797171,0.4,0.07999999999999999,0.7999999999999999,0.5000000000000003,2.265211476942195
2026-05-17 11:07:50.797472,0.4,0.07999999999999999,0.7999999999999999,0.5000000000000003,2.265211476942195
2026-05-17 11:07:51.797503,0.4,0.07999999999999999,0.7999999999999999,0.5000000000000003,2.265211476942195
2026-05-17 11:07:52.797927,0.39999999999999997,0.07999999999999999,0.7999999999999999,0.5000000000000001,2.265211476942195
2026-05-17 11:07:53.804906,0.39999999999999997,0.07999999999999999,0.7999999999999999,0.5000000000000001,2.265211476942195
2026-05-17 11:07:54.804906,0.39999999999999997,0.07999999999999999,0.7999999999999999,0.5000000000000001,2.265211476942195
2026-05-17 11:07:55.805104,0.39999999999999997,0.07999999999999999,0.7999999999999999,0.5000000000000001,2.265211476942195
2026-05-17 11:07:56.805273,0.39999999999999997,0.07999999999999999,0.7999999999999999,0.5000000000000001,2.265211476942195
2026-05-17 11:07:57.808800,0.39999999999999997,0.07999999999999999,0.7999999999999999,0.5000000000000001,2.265211476942195
2026-05-17 11:07:58.808800,0.39999999999999997,0.07999999999999999,0.7999999999999999,0.5000000000000001,2.265211476942195
2026-05-17 11:07:59.808800,0.39999999999999997,0.07999999999999999,0.7999999999999999,0.5000000000000001,2.265211476942195
2026-05-17 11:08:00.808800,0.39999999999999997,0.07999999999999999,0.7999999999999999,0.5000000000000001,2.265211476942195
2026-05-17 11:08:01.808809,0.39999999999999997,0.07999999999999999,0.7999999999999999,0.5000000000000001,2.265211476942195
2026-05-17 11:08:02.808809,0.39999999999999997,0.07999999999999999,0.7999999999999999,0.5,2.265211476942195
2026-05-17 11:08:03.808809,0.39999999999999997,0.07999999999999999,0.7999999999999999,0.5,2.265211476942195
2026-05-17 11:08:04.808809,0.39999999999999997,0.07999999999999999,0.7999999999999999,0.5,2.265211476942195
2026-05-17 11:08:05.808809,0.39999999999999997,0.07999999999999999,0.7999999999999999,0.5,2.265211476942195
2026-05-17 11:08:06.808809,0.39999999999999997,0.07999999999999999,0.7999999999999999,0.5,2.265211476942195
2026-05-17 11:08:07.808809,0.39999999999999997,0.07999999999999999,0.7999999999999999,0.5,2.265211476942195
2026-05-17 11:08:08.817380,0.39999999999999997,0.07999999999999999,0.7999999999999999,0.5,2.265211476942195
2026-05-17 11:08:09.817409,0.39999999999999997,0.07999999999999999,0.7999999999999999,0.5,2.265211476942195
2026-05-17 11:08:10.817438,0.39999999999999997,0.07999999999999999,0.7999999999999999,0.5,2.265211476942195
2026-05-17 11:08:11.817438,0.39999999999999997,0.07999999999999999,0.7999999999999999,0.5,2.265211476942195
2026-05-17 11:08:12.817438,0.39999999999999997,0.07999999999999999,0.7999999999999999,0.5,2.265211476942195
2026-05-17 11:08:13.817438,0.39999999999999997,0.07999999999999999,0.7999999999999999,0.5,2.265211476942195
2026-05-17 11:08:14.817438,0.39999999999999997,0.07999999999999999,0.7999999999999999,0.5,2.265211476942195
2026-05-17 11:08:15.817438,0.39999999999999997,0.07999999999999999,0.7999999999999999,0.5,2.265211476942195
2026-05-17 11:08:16.817438,0.39999999999999997,0.07999999999999999,0.7999999999999999,0.5,2.265211476942195
2026-05-17 11:08:17.818556,0.39999999999999997,0.07999999999999999,0.7999999999999999,0.5,2.265211476942195
2026-05-17 11:08:18.818556,0.39999999999999997,0.07999999999999999,0.7999999999999999,0.5,2.265211476942195
2026-05-17 11:08:19.818612,0.39999999999999997,0.07999999999999999,0.7999999999999999,0.5,2.265211476942195
2026-05-17 11:08:20.818612,0.39999999999999997,0.07999999999999999,0.7999999999999999,0.5,2.265211476942195
2026-05-17 11:08:21.818732,0.39999999999999997,0.07999999999999999,0.7999999999999999,0.5,2.265211476942195
2026-05-17 11:08:22.818732,0.39999999999999997,0.07999999999999999,0.7999999999999999,0.5,2.265211476942195
2026-05-17 11:08:23.818732,0.39999999999999997,0.07999999999999999,0.7999999999999999,0.5,2.265211476942195
2026-05-17 11:08:24.821215,0.39999999999999997,0.07999999999999999,0.7999999999999999,0.5,2.265211476942195
2026-05-17 11:08:25.821215,0.39999999999999997,0.07999999999999999,0.7999999999999999,0.5,2.265211476942195
2026-05-17 11:08:26.821215,0.39999999999999997,0.07999999999999999,0.7999999999999999,0.5,2.265211476942195
2026-05-17 11:08:27.870628,0.39999999999999997,0.07999999999999999,0.7999999999999999,0.5,2.265211476942195
2026-05-17 11:08:28.870721,0.39999999999999997,0.07999999999999999,0.7999999999999999,0.5,2.265211476942195
2026-05-17 11:08:29.870721,0.39999999999999997,0.07999999999999999,0.7999999999999999,0.5,2.265211476942195
2026-05-17 11:08:30.870721,0.39999999999999997,0.07999999999999999,0.7999999999999999,0.5,2.265211476942195
2026-05-17 11:08:31.885244,0.39999999999999997,0.07999999999999999,0.7999999999999999,0.5,2.265211476942195
2026-05-17 11:08:32.885244,0.39999999999999997,0.07999999999999999,0.7999999999999999,0.5,2.265211476942195
2026-05-17 11:08:33.885758,0.39999999999999997,0.07999999999999999,0.7999999999999999,0.5,2.265211476942195
2026-05-17 11:08:34.885758,0.39999999999999997,0.07999999999999999,0.7999999999999999,0.5,2.265211476942195
2026-05-17 11:08:35.892479,0.39999999999999997,0.07999999999999999,0.7999999999999999,0.5,2.265211476942195
2026-05-17 11:08:36.893605,0.39999999999999997,0.07999999999999999,0.7999999999999999,0.5,2.265211476942195
2026-05-17 11:08:37.926462,0.39999999999999997,0.07999999999999999,0.7999999999999999,0.5,2.265211476942195
2026-05-17 11:08:38.926463,0.39999999999999997,0.07999999999999999,0.7999999999999999,0.5,2.265211476942195
2026-05-17 11:08:39.926463,0.39999999999999997,0.07999999999999999,0.7999999999999999,0.5,2.265211476942195
2026-05-17 11:08:40.926463,0.39999999999999997,0.07999999999999999,0.7999999999999999,0.5,2.265211476942195
2026-05-17 11:08:41.926463,0.39999999999999997,0.07999999999999999,0.7999999999999999,0.5,2.265211476942195
2026-05-17 11:08:42.926463,0.39999999999999997,0.07999999999999999,0.7999999999999999,0.5,5.399250087666792
2026-05-17 11:08:43.936506,0.39999999999999997,0.07999999999999999,0.7999999999999999,0.5,5.399250087666792
2026-05-17 11:08:44.936506,0.39999999999999997,0.07999999999999999,0.7999999999999999,0.5,5.399250087666792
2026-05-17 11:08:45.937114,0.39999999999999997,0.07999999999999999,0.7999999999999999,0.5,5.399250087666792
2026-05-17 11:08:46.937114,0.39999999999999997,0.07999999999999999,0.7999999999999999,0.5,5.399250087666792
2026-05-17 11:08:47.937114,0.39999999999999997,0.07999999999999999,0.7999999999999999,0.5,5.399250087666792
2026-05-17 11:08:48.937114,0.39999999999999997,0.07999999999999999,0.7999999999999999,0.5,5.399250087666792
2026-05-17 11:08:49.937114,0.39999999999999997,0.07999999999999999,0.7999999999999999,0.5,5.399250087666792
2026-05-17 11:08:50.937114,0.39999999999999997,0.07999999999999999,0.7999999999999999,0.5,5.399250087666792
2026-05-17 11:08:51.938476,0.39999999999999997,0.07999999999999999,0.7999999999999999,0.5,5.399250087666792
2026-05-17 11:08:52.938476,0.39999999999999997,0.07999999999999999,0.7999999999999999,0.5,4.290990277761328
2026-05-17 11:08:53.938477,0.39999999999999997,0.07999999999999999,0.7999999999999999,0.5,4.290990277761328
2026-05-17 11:08:54.938479,0.39999999999999997,0.07999999999999999,0.7999999999999999,0.5,4.290990277761328
2026-05-17 11:08:55.938509,0.39999999999999997,0.07999999999999999,0.7999999999999999,0.5,4.290990277761328
2026-05-17 11:08:56.938509,0.39999999999999997,0.07999999999999999,0.7999999999999999,0.5,4.290990277761328
2026-05-17 11:08:57.938509,0.39999999999999997,0.07999999999999999,0.7999999999999999,0.5,4.290990277761328
2026-05-17 11:08:58.938514,0.39999999999999997,0.07999999999999999,0.7999999999999999,0.5,4.290990277761328
2026-05-17 11:08:59.938514,0.39999999999999997,0.07999999999999999,0.7999999999999999,0.5,4.290990277761328
2026-05-17 11:09:00.940079,0.39999999999999997,0.07999999999999999,0.7999999999999999,0.5,4.290990277761328
2026-05-17 11:09:01.940143,0.39999999999999997,0.07999999999999999,0.7999999999999999,0.5,4.290990277761328
2026-05-17 11:09:02.940617,0.39999999999999997,0.07999999999999999,0.7999999999999999,0.5,3.9881991884174197
2026-05-17 11:09:03.948843,0.39999999999999997,0.07999999999999999,0.7999999999999999,0.5,3.9881991884174197
2026-05-17 11:09:04.949376,0.39999999999999997,0.07999999999999999,0.7999999999999999,0.5,3.9881991884174197
2026-05-17 11:09:05.949376,0.39999999999999997,0.07999999999999999,0.7999999999999999,0.5,3.9881991884174197
2026-05-17 11:09:06.949376,0.39999999999999997,0.07999999999999999,0.7999999999999999,0.5,3.9881991884174197
2026-05-17 11:09:07.949376,0.39999999999999997,0.07999999999999999,0.7999999999999999,0.5,3.9881991884174197
2026-05-17 11:09:08.949376,0.39999999999999997,0.07999999999999999,0.7999999999999999,0.5,3.9881991884174197
2026-05-17 11:09:09.949376,0.39999999999999997,0.07999999999999999,0.7999999999999999,0.5,3.9881991884174197
2026-05-17 11:09:10.951748,0.39999999999999997,0.07999999999999999,0.7999999999999999,0.5,3.9881991884174197
2026-05-17 11:09:11.959622,0.39999999999999997,0.07999999999999999,0.7999999999999999,0.5,3.9881991884174197
2026-05-17 11:09:12.959622,0.39999999999999997,0.07999999999999999,0.7999999999999999,0.5,3.9881991884174197
2026-05-17 11:09:13.959622,0.39999999999999997,0.07999999999999999,0.7999999999999999,0.5,3.9881991884174197
2026-05-17 11:09:14.959622,0.39999999999999997,0.07999999999999999,0.7999999999999999,0.5,3.9881991884174197
2026-05-17 11:09:15.960153,0.39999999999999997,0.07999999999999999,0.7999999999999999,0.5,3.9881991884174197
2026-05-17 11:09:16.960153,0.39999999999999997,0.07999999999999999,0.7999999999999999,0.5,3.9881991884174197
2026-05-17 11:09:17.960153,0.39999999999999997,0.07999999999999999,0.7999999999999999,0.5,3.9881991884174197
2026-05-17 11:09:18.960159,0.39999999999999997,0.07999999999999999,0.7999999999999999,0.5,3.9881991884174197
2026-05-17 11:09:19.964746,0.39999999999999997,0.07999999999999999,0.7999999999999999,0.5,3.9881991884174197
2026-05-17 11:09:20.964751,0.39999999999999997,0.07999999999999999,0.7999999999999999,0.5,3.9881991884174197
2026-05-17 11:09:21.964898,0.39999999999999997,0.07999999999999999,0.7999999999999999,0.5,3.9881991884174197
2026-05-17 11:09:22.964898,0.39999999999999997,0.07999999999999999,0.7999999999999999,0.5,3.9881991884174197
2026-05-17 11:09:23.964898,0.39999999999999997,0.07999999999999999,0.7999999999999999,0.5,4.143240666930599
2026-05-17 11:09:24.964898,0.39999999999999997,0.07999999999999999,0.7999999999999999,0.5,4.143240666930599
2026-05-17 11:09:25.964915,0.39999999999999997,0.07999999999999999,0.7999999999999999,0.5,4.143240666930599
2026-05-17 11:09:26.964915,0.39999999999999997,0.07999999999999999,0.7999999999999999,0.5,4.143240666930599
2026-05-17 11:09:27.966804,0.39999999999999997,0.07999999999999999,0.7999999999999999,0.5,4.143240666930599
2026-05-17 11:09:28.966807,0.39999999999999997,0.07999999999999999,0.7999999999999999,0.5,4.143240666930599
2026-05-17 11:09:29.967232,0.39999999999999997,0.07999999999999999,0.7999999999999999,0.5,4.143240666930599
2026-05-17 11:09:30.967232,0.39999999999999997,0.07999999999999999,0.7999999999999999,0.5,4.143240666930599
2026-05-17 11:09:31.967368,0.39999999999999997,0.07999999999999999,0.7999999999999999,0.5,4.143240666930599
2026-05-17 11:09:32.967370,0.39999999999999997,0.07999999999999999,0.7999999999999999,0.5,4.143240666930599
2026-05-17 11:09:33.967370,0.39999999999999997,0.07999999999999999,0.7999999999999999,0.5,3.499081233392931
2026-05-17 11:09:34.967371,0.39999999999999997,0.07999999999999999,0.7999999999999999,0.5,3.499081233392931
2026-05-17 11:09:35.967371,0.39999999999999997,0.07999999999999999,0.7999999999999999,0.5,3.499081233392931
2026-05-17 11:09:36.967371,0.39999999999999997,0.07999999999999999,0.7999999999999999,0.5,3.499081233392931
2026-05-17 11:09:37.968138,0.39999999999999997,0.07999999999999999,0.7999999999999999,0.5,3.499081233392931
2026-05-17 11:09:38.969242,0.39999999999999997,0.07999999999999999,0.7999999999999999,0.5,3.499081233392931
2026-05-17 11:09:39.969244,0.39999999999999997,0.07999999999999999,0.7999999999999999,0.5,3.499081233392931
2026-05-17 11:09:40.972648,0.39999999999999997,0.07999999999999999,0.7999999999999999,0.5,3.499081233392931
2026-05-17 11:09:41.973310,0.39999999999999997,0.07999999999999999,0.7999999999999999,0.5,3.499081233392931
2026-05-17 11:09:42.973328,0.39999999999999997,0.07999999999999999,0.7999999999999999,0.5,3.499081233392931
2026-05-17 11:09:43.975092,0.39999999999999997,0.07999999999999999,0.7999999999999999,0.5,3.499081233392931
2026-05-17 11:09:44.989780,0.39999999999999997,0.07999999999999999,0.7999999999999999,0.5,3.4446470934867985
2026-05-17 11:09:45.989780,0.39999999999999997,0.07999999999999999,0.7999999999999999,0.5,3.4446470934867985
2026-05-17 11:09:46.989780,0.39999999999999997,0.07999999999999999,0.7999999999999999,0.5,3.4446470934867985
2026-05-17 11:09:47.989780,0.39999999999999997,0.07999999999999999,0.7999999999999999,0.5,3.4446470934867985
2026-05-17 11:09:48.989780,0.39999999999999997,0.07999999999999999,0.7999999999999999,0.5,3.4446470934867985
2026-05-17 11:09:49.990017,0.39999999999999997,0.07999999999999999,0.7999999999999999,0.5,3.4446470934867985
2026-05-17 11:09:50.990017,0.39999999999999997,0.07999999999999999,0.7999999999999999,0.5,3.4446470934867985
2026-05-17 11:09:51.990017,0.39999999999999997,0.07999999999999999,0.7999999999999999,0.5,3.4446470934867985
2026-05-17 11:09:52.990017,0.39999999999999997,0.07999999999999999,0.7999999999999999,0.5,3.4446470934867985
2026-05-17 11:09:53.990585,0.39999999999999997,0.07999999999999999,0.7999999999999999,0.5,3.4446470934867985
2026-05-17 11:09:54.990585,0.39999999999999997,0.07999999999999999,0.7999999999999999,0.5,3.7291008413207805
2026-05-17 11:09:55.990585,0.39999999999999997,0.07999999999999999,0.7999999999999999,0.5,3.7291008413207805
2026-05-17 11:09:56.990585,0.39999999999999997,0.07999999999999999,0.7999999999999999,0.5,3.7291008413207805
2026-05-17 11:09:57.999273,0.39999999999999997,0.07999999999999999,0.7999999999999999,0.5,3.7291008413207805
2026-05-17 11:09:58.999374,0.39999999999999997,0.07999999999999999,0.7999999999999999,0.5,3.7291008413207805
2026-05-17 11:10:00.006328,0.39999999999999997,0.07999999999999999,0.7999999999999999,0.5,3.7291008413207805
2026-05-17 11:10:01.008577,0.39999999999999997,0.07999999999999999,0.7999999999999999,0.5,3.7291008413207805
2026-05-17 11:10:02.008577,0.39999999999999997,0.07999999999999999,0.7999999999999999,0.5,3.7291008413207805
2026-05-17 11:10:03.008587,0.39999999999999997,0.07999999999999999,0.7999999999999999,0.5,3.7291008413207805
2026-05-17 11:10:04.008587,0.39999999999999997,0.07999999999999999,0.7999999999999999,0.5,3.7291008413207805
2026-05-17 11:10:05.008587,0.39999999999999997,0.07999999999999999,0.7999999999999999,0.5,3.7291008413207805
2026-05-17 11:10:06.008587,0.39999999999999997,0.07999999999999999,0.7999999999999999,0.5,3.7291008413207805
2026-05-17 11:10:07.008587,0.39999999999999997,0.07999999999999999,0.7999999999999999,0.5,3.7291008413207805
2026-05-17 11:10:08.008587,0.39999999999999997,0.07999999999999999,0.7999999999999999,0.5,3.7291008413207805
2026-05-17 11:10:09.008619,0.39999999999999997,0.07999999999999999,0.7999999999999999,0.5,3.7291008413207805
2026-05-17 11:10:10.008636,0.39999999999999997,0.07999999999999999,0.7999999999999999,0.5,3.7291008413207805
2026-05-17 11:10:11.041631,0.39999999999999997,0.07999999999999999,0.7999999999999999,0.5,3.7291008413207805
2026-05-17 11:10:12.042533,0.39999999999999997,0.07999999999999999,0.7999999999999999,0.5,3.7291008413207805
2026-05-17 11:10:13.045837,0.39999999999999997,0.07999999999999999,0.7999999999999999,0.5,3.7291008413207805
2026-05-17 11:10:14.045837,0.39999999999999997,0.07999999999999999,0.7999999999999999,0.5,3.7291008413207805
2026-05-17 11:10:15.045837,0.39999999999999997,0.07999999999999999,0.7999999999999999,0.5,3.7291008413207805
2026-05-17 11:10:16.046885,0.39999999999999997,0.07999999999999999,0.7999999999999999,0.5,3.7291008413207805
2026-05-17 11:10:17.047903,0.39999999999999997,0.07999999999999999,0.7999999999999999,0.5,3.7291008413207805
2026-05-17 11:10:18.047903,0.39999999999999997,0.07999999999999999,0.7999999999999999,0.5,3.7291008413207805
2026-05-17 11:10:19.047903,0.39999999999999997,0.07999999999999999,0.7999999999999999,0.5,3.7291008413207805
2026-05-17 11:10:20.047905,0.39999999999999997,0.07999999999999999,0.7999999999999999,0.5,3.7291008413207805
2026-05-17 11:10:21.047905,0.39999999999999997,0.07999999999999999,0.7999999999999999,0.5,3.7291008413207805
2026-05-17 11:10:22.047905,0.39999999999999997,0.07999999999999999,0.7999999999999999,0.5,3.7291008413207805
2026-05-17 11:10:23.047905,0.39999999999999997,0.07999999999999999,0.7999999999999999,0.5,3.7291008413207805
2026-05-17 11:10:24.047905,0.39999999999999997,0.07999999999999999,0.7999999999999999,0.5,3.7291008413207805
2026-05-17 11:10:25.047905,0.39999999999999997,0.07999999999999999,0.7999999999999999,0.5,3.7291008413207805
2026-05-17 11:10:26.048295,0.39999999999999997,0.07999999999999999,0.7999999999999999,0.5,3.7291008413207805
2026-05-17 11:10:27.054965,0.39999999999999997,0.07999999999999999,0.7999999999999999,0.5,3.7291008413207805
2026-05-17 11:10:28.054965,0.39999999999999997,0.07999999999999999,0.7999999999999999,0.5,3.7291008413207805
2026-05-17 11:10:29.054965,0.39999999999999997,0.07999999999999999,0.7999999999999999,0.5,3.7291008413207805
2026-05-17 11:10:30.054965,0.39999999999999997,0.07999999999999999,0.7999999999999999,0.5,3.7291008413207805
2026-05-17 11:10:31.057149,0.39999999999999997,0.07999999999999999,0.7999999999999999,0.5,3.7291008413207805
2026-05-17 11:10:32.057149,0.39999999999999997,0.07999999999999999,0.7999999999999999,0.5,3.7291008413207805
2026-05-17 11:10:33.061451,0.39999999999999997,0.07999999999999999,0.7999999999999999,0.5,3.7291008413207805
2026-05-17 11:10:34.064085,0.39999999999999997,0.07999999999999999,0.7999999999999999,0.5,3.7291008413207805
2026-05-17 11:10:35.064085,0.39999999999999997,0.07999999999999999,0.7999999999999999,0.5,3.7291008413207805
2026-05-17 11:10:36.064085,0.39999999999999997,0.07999999999999999,0.7999999999999999,0.5,3.7291008413207805
2026-05-17 11:10:37.065565,0.39999999999999997,0.07999999999999999,0.7999999999999999,0.5,3.7291008413207805
2026-05-17 11:10:38.065567,0.39999999999999997,0.07999999999999999,0.7999999999999999,0.5,3.7291008413207805
2026-05-17 11:10:39.067399,0.39999999999999997,0.07999999999999999,0.7999999999999999,0.5,3.7291008413207805
2026-05-17 11:10:40.067399,0.39999999999999997,0.07999999999999999,0.7999999999999999,0.5,3.7291008413207805
2026-05-17 11:10:41.071599,0.39999999999999997,0.07999999999999999,0.7999999999999999,0.5,3.7291008413207805
2026-05-17 11:10:42.071599,0.39999999999999997,0.07999999999999999,0.7999999999999999,0.5,3.7291008413207805
2026-05-17 11:10:43.071599,0.39999999999999997,0.07999999999999999,0.7999999999999999,0.5,3.7291008413207805
2026-05-17 11:10:44.071599,0.39999999999999997,0.07999999999999999,0.7999999999999999,0.5,3.7291008413207805
2026-05-17 11:10:45.071599,0.39999999999999997,0.07999999999999999,0.7999999999999999,0.5,3.7291008413207805
2026-05-17 11:10:46.071599,0.39999999999999997,0.07999999999999999,0.7999999999999999,0.5,3.7291008413207805
2026-05-17 11:10:47.071599,0.39999999999999997,0.07999999999999999,0.7999999999999999,0.5,3.7291008413207805
2026-05-17 11:10:48.071599,0.39999999999999997,0.07999999999999999,0.7999999999999999,0.5,3.7291008413207805
2026-05-17 11:10:49.071599,0.39999999999999997,0.07999999999999999,0.7999999999999999,0.5,3.7291008413207805
2026-05-17 11:10:50.071609,0.39999999999999997,0.07999999999999999,0.7999999999999999,0.5,3.7291008413207805
2026-05-17 11:10:51.073629,0.39999999999999997,0.07999999999999999,0.7999999999999999,0.5,3.7291008413207805
2026-05-17 11:10:52.073629,0.39999999999999997,0.07999999999999999,0.7999999999999999,0.5,3.7291008413207805
2026-05-17 11:10:53.092394,0.39999999999999997,0.07999999999999999,0.7999999999999999,0.5,3.7291008413207805
2026-05-17 11:10:54.092424,0.39999999999999997,0.07999999999999999,0.7999999999999999,0.5,3.7291008413207805
2026-05-17 11:10:55.092784,0.39999999999999997,0.07999999999999999,0.7999999999999999,0.5,3.7291008413207805
2026-05-17 11:10:56.092784,0.39999999999999997,0.07999999999999999,0.7999999999999999,0.5,3.7291008413207805
2026-05-17 11:10:57.092784,0.39999999999999997,0.07999999999999999,0.7999999999999999,0.5,3.7291008413207805
2026-05-17 11:10:58.092790,0.39999999999999997,0.07999999999999999,0.7999999999999999,0.5,3.7291008413207805
2026-05-17 11:10:59.092790,0.39999999999999997,0.07999999999999999,0.7999999999999999,0.5,3.7291008413207805
2026-05-17 11:11:00.092790,0.39999999999999997,0.07999999999999999,0.7999999999999999,0.5,3.7291008413207805
2026-05-17 11:11:01.092790,0.39999999999999997,0.07999999999999999,0.7999999999999999,0.5,3.7291008413207805
2026-05-17 11:11:02.092796,0.39999999999999997,0.07999999999999999,0.7999999999999999,0.5,3.7291008413207805
2026-05-17 11:11:03.092796,0.39999999999999997,0.07999999999999999,0.7999999999999999,0.5,3.7291008413207805
2026-05-17 11:11:04.092796,0.39999999999999997,0.07999999999999999,0.7999999999999999,0.5,3.7291008413207805
2026-05-17 11:11:05.092796,0.39999999999999997,0.07999999999999999,0.7999999999999999,0.5,3.7291008413207805
2026-05-17 11:11:06.092797,0.39999999999999997,0.07999999999999999,0.7999999999999999,0.5,3.7291008413207805
2026-05-17 11:11:07.092797,0.39999999999999997,0.07999999999999999,0.7999999999999999,0.5,3.7291008413207805
2026-05-17 11:11:08.092797,0.39999999999999997,0.07999999999999999,0.7999999999999999,0.5,3.7291008413207805
2026-05-17 11:11:09.096383,0.39999999999999997,0.07999999999999999,0.7999999999999999,0.5,3.7291008413207805
2026-05-17 11:11:10.096383,0.39999999999999997,0.07999999999999999,0.7999999999999999,0.5,3.7291008413207805
2026-05-17 11:11:11.096383,0.39999999999999997,0.07999999999999999,0.7999999999999999,0.5,3.7291008413207805
2026-05-17 11:11:12.096384,0.39999999999999997,0.07999999999999999,0.7999999999999999,0.5,3.7291008413207805
2026-05-17 11:11:13.096384,0.39999999999999997,0.07999999999999999,0.7999999999999999,0.5,3.7291008413207805
2026-05-17 11:11:14.096384,0.39999999999999997,0.07999999999999999,0.7999999999999999,0.5,3.7291008413207805
2026-05-17 11:11:15.098304,0.39999999999999997,0.07999999999999999,0.7999999999999999,0.5,3.7291008413207805
2026-05-17 11:11:16.098304,0.39999999999999997,0.07999999999999999,0.7999999999999999,0.5,3.7291008413207805
2026-05-17 11:11:17.098341,0.39999999999999997,0.07999999999999999,0.7999999999999999,0.5,3.7291008413207805
2026-05-17 11:11:18.098341,0.39999999999999997,0.07999999999999999,0.7999999999999999,0.5,3.7291008413207805
2026-05-17 11:11:19.098341,0.39999999999999997,0.07999999999999999,0.7999999999999999,0.5,3.7291008413207805
2026-05-17 11:11:20.098341,0.39999999999999997,0.07999999999999999,0.7999999999999999,0.5,3.7291008413207805
2026-05-17 11:11:21.100414,0.39999999999999997,0.07999999999999999,0.7999999999999999,0.5,3.7291008413207805
2026-05-17 11:11:22.100414,0.39999999999999997,0.07999999999999999,0.7999999999999999,0.5,3.7291008413207805
2026-05-17 11:11:23.189255,0.39999999999999997,0.07999999999999999,0.7999999999999999,0.5,3.7291008413207805
2026-05-17 11:11:24.190392,0.39999999999999997,0.07999999999999999,0.7999999999999999,0.5,3.7291008413207805
2026-05-17 11:11:25.190392,0.39999999999999997,0.07999999999999999,0.7999999999999999,0.5,3.7291008413207805
2026-05-17 11:11:26.192245,0.39999999999999997,0.07999999999999999,0.7999999999999999,0.5,3.7291008413207805
2026-05-17 11:11:27.192579,0.39999999999999997,0.07999999999999999,0.7999999999999999,0.5,3.7291008413207805
2026-05-17 11:11:28.192827,0.39999999999999997,0.07999999999999999,0.7999999999999999,0.5,3.7291008413207805
2026-05-17 11:11:29.192828,0.39999999999999997,0.07999999999999999,0.7999999999999999,0.5,3.7291008413207805
2026-05-17 11:11:30.192828,0.39999999999999997,0.07999999999999999,0.7999999999999999,0.5,3.7291008413207805
2026-05-17 11:11:31.192828,0.39999999999999997,0.07999999999999999,0.7999999999999999,0.5,3.7291008413207805
2026-05-17 11:11:32.193074,0.39999999999999997,0.07999999999999999,0.7999999999999999,0.5,3.7291008413207805
2026-05-17 11:11:33.193075,0.39999999999999997,0.07999999999999999,0.7999999999999999,0.5,3.7291008413207805
2026-05-17 11:11:34.193075,0.39999999999999997,0.07999999999999999,0.7999999999999999,0.5,3.7291008413207805
2026-05-17 11:11:35.193075,0.39999999999999997,0.07999999999999999,0.7999999999999999,0.5,3.7291008413207805
2026-05-17 11:11:36.194704,0.39999999999999997,0.07999999999999999,0.7999999999999999,0.5,3.7291008413207805
2026-05-17 11:11:37.194705,0.39999999999999997,0.07999999999999999,0.7999999999999999,0.5,3.7291008413207805
2026-05-17 11:11:38.194712,0.39999999999999997,0.07999999999999999,0.7999999999999999,0.5,3.7291008413207805
2026-05-17 11:11:39.219330,0.39999999999999997,0.07999999999999999,0.7999999999999999,0.5,3.7291008413207805
2026-05-17 11:11:40.219330,0.39999999999999997,0.07999999999999999,0.7999999999999999,0.5,3.7291008413207805
2026-05-17 11:11:41.253911,0.39999999999999997,0.07999999999999999,0.7999999999999999,0.5,3.7291008413207805
2026-05-17 11:11:42.253917,0.39999999999999997,0.07999999999999999,0.7999999999999999,0.5,3.7291008413207805
2026-05-17 11:11:43.257006,0.39999999999999997,0.07999999999999999,0.7999999999999999,0.5,3.7291008413207805
2026-05-17 11:11:44.257019,0.39999999999999997,0.07999999999999999,0.7999999999999999,0.5,3.7291008413207805
2026-05-17 11:11:45.257025,0.39999999999999997,0.07999999999999999,0.7999999999999999,0.5,3.7291008413207805
2026-05-17 11:11:46.257984,0.39999999999999997,0.07999999999999999,0.7999999999999999,0.5,3.7291008413207805
2026-05-17 11:11:47.257985,0.39999999999999997,0.07999999999999999,0.7999999999999999,0.5,3.7291008413207805
2026-05-17 11:11:48.257985,0.39999999999999997,0.07999999999999999,0.7999999999999999,0.5,3.7291008413207805
2026-05-17 11:11:49.257985,0.39999999999999997,0.07999999999999999,0.7999999999999999,0.5,3.6020911999778447
2026-05-17 11:11:50.275245,0.39999999999999997,0.07999999999999999,0.7999999999999999,0.5,3.6020911999778447
2026-05-17 11:11:51.275254,0.39999999999999997,0.07999999999999999,0.7999999999999999,0.5,3.6020911999778447
2026-05-17 11:11:52.275254,0.39999999999999997,0.07999999999999999,0.7999999999999999,0.5,3.6020911999778447
2026-05-17 11:11:53.275254,0.39999999999999997,0.07999999999999999,0.7999999999999999,0.5,3.6020911999778447
2026-05-17 11:11:54.275254,0.39999999999999997,0.07999999999999999,0.7999999999999999,0.5,3.6020911999778447
2026-05-17 11:11:55.275616,0.39999999999999997,0.07999999999999999,0.7999999999999999,0.5,3.6020911999778447
2026-05-17 11:11:56.275616,0.39999999999999997,0.07999999999999999,0.7999999999999999,0.5,3.6020911999778447
2026-05-17 11:11:57.278162,0.39999999999999997,0.07999999999999999,0.7999999999999999,0.5,3.6020911999778447
2026-05-17 11:11:58.278162,0.39999999999999997,0.07999999999999999,0.7999999999999999,0.5,3.6020911999778447
2026-05-17 11:11:59.280809,0.39999999999999997,0.07999999999999999,0.7999999999999999,0.5,3.6020911999778447
2026-05-17 11:12:00.280809,0.39999999999999997,0.07999999999999999,0.7999999999999999,0.5,3.6020911999778447
2026-05-17 11:12:01.280809,0.39999999999999997,0.07999999999999999,0.7999999999999999,0.5,3.6020911999778447
2026-05-17 11:12:02.280809,0.39999999999999997,0.07999999999999999,0.7999999999999999,0.5,3.6020911999778447
2026-05-17 11:12:03.281300,0.39999999999999997,0.07999999999999999,0.7999999999999999,0.5,3.6020911999778447
2026-05-17 11:12:04.291218,0.39999999999999997,0.07999999999999999,0.7999999999999999,0.5,3.6020911999778447
2026-05-17 11:12:05.291345,0.39999999999999997,0.07999999999999999,0.7999999999999999,0.5,3.6020911999778447
2026-05-17 11:12:06.291345,0.39999999999999997,0.07999999999999999,0.7999999999999999,0.5,3.6020911999778447
2026-05-17 11:12:07.291345,0.39999999999999997,0.07999999999999999,0.7999999999999999,0.5,3.6020911999778447
2026-05-17 11:12:08.291345,0.39999999999999997,0.07999999999999999,0.7999999999999999,0.5,3.6020911999778447
2026-05-17 11:12:09.300248,0.39999999999999997,0.07999999999999999,0.7999999999999999,0.5,3.6020911999778447
2026-05-17 11:12:10.300248,0.39999999999999997,0.07999999999999999,0.7999999999999999,0.5,3.6020911999778447
2026-05-17 11:12:11.300248,0.39999999999999997,0.07999999999999999,0.7999999999999999,0.5,3.6020911999778447
2026-05-17 11:12:12.300248,0.39999999999999997,0.07999999999999999,0.7999999999999999,0.5,3.6020911999778447
2026-05-17 11:12:13.300249,0.39999999999999997,0.07999999999999999,0.7999999999999999,0.5,3.6020911999778447
2026-05-17 11:12:14.300249,0.39999999999999997,0.07999999999999999,0.7999999999999999,0.5,3.6020911999778447
2026-05-17 11:12:15.300249,0.39999999999999997,0.07999999999999999,0.7999999999999999,0.5,3.6020911999778447
2026-05-17 11:12:16.300249,0.39999999999999997,0.07999999999999999,0.7999999999999999,0.5,3.6020911999778447
2026-05-17 11:12:17.300249,0.39999999999999997,0.07999999999999999,0.7999999999999999,0.5,3.6020911999778447
2026-05-17 11:12:18.308606,0.39999999999999997,0.07999999999999999,0.7999999999999999,0.5,3.6020911999778447
2026-05-17 11:12:19.308714,0.39999999999999997,0.07999999999999999,0.7999999999999999,0.5,3.6020911999778447
2026-05-17 11:12:20.308736,0.39999999999999997,0.07999999999999999,0.7999999999999999,0.5,3.6020911999778447
2026-05-17 11:12:21.308738,0.39999999999999997,0.07999999999999999,0.7999999999999999,0.5,3.6020911999778447
2026-05-17 11:12:22.308740,0.39999999999999997,0.07999999999999999,0.7999999999999999,0.5,3.6020911999778447
2026-05-17 11:12:23.308762,0.39999999999999997,0.07999999999999999,0.7999999999999999,0.5,3.6020911999778447
2026-05-17 11:12:24.308762,0.39999999999999997,0.07999999999999999,0.7999999999999999,0.5,3.6020911999778447
2026-05-17 11:12:25.308762,0.39999999999999997,0.07999999999999999,0.7999999999999999,0.5,3.6020911999778447
2026-05-18 09:53:13.444840,1.2,0.1,0.9,0.863,10000
2026-05-18 09:53:14.444840,1.2,0.1,0.9,0.863,10000
2026-05-18 09:53:15.444840,1.2,0.1,0.9,0.863,10000
2026-05-18 09:53:16.444840,1.2,0.1,0.9,0.863,10000
2026-05-18 09:53:17.444840,1.2,0.1,0.9,0.863,10000
2026-05-18 09:53:18.447073,1.2,0.1,0.9,0.863,10000
2026-05-18 09:53:19.447534,1.2,0.1,0.9,0.863,10000
2026-05-18 09:53:20.447534,1.2,0.1,0.9,0.863,10000
2026-05-18 09:53:21.447534,1.2,0.1,0.9,0.863,10000
2026-05-18 09:53:22.447534,0.6399999999999999,0.086,0.83,0.6089,3.6912111851868317
2026-05-18 09:53:23.447567,0.6399999999999999,0.086,0.83,0.6089,3.6912111851868317
2026-05-18 09:53:24.447568,0.6399999999999999,0.086,0.83,0.6089,3.6912111851868317
2026-05-18 09:53:25.447568,0.6399999999999999,0.086,0.83,0.6089,3.6912111851868317
2026-05-18 09:53:26.450058,0.6399999999999999,0.086,0.83,0.6089,3.6912111851868317
2026-05-18 09:53:27.450058,0.6399999999999999,0.086,0.83,0.6089,3.6912111851868317
2026-05-18 09:53:28.463478,0.6399999999999999,0.086,0.83,0.6089,3.6912111851868317
2026-05-18 09:53:29.463478,0.6399999999999999,0.086,0.83,0.6089,3.6912111851868317
2026-05-18 09:53:30.463598,0.6399999999999999,0.086,0.83,0.6089,3.6912111851868317
2026-05-18 09:53:31.463943,0.6399999999999999,0.086,0.83,0.6089,3.6912111851868317
2026-05-18 09:53:32.463943,0.472,0.08179999999999998,0.8089999999999999,0.53267,3.6912111851868317
2026-05-18 09:53:33.463948,0.472,0.08179999999999998,0.8089999999999999,0.53267,3.6912111851868317
2026-05-18 09:53:34.463995,0.472,0.08179999999999998,0.8089999999999999,0.53267,3.6912111851868317
2026-05-18 09:53:35.463995,0.472,0.08179999999999998,0.8089999999999999,0.53267,3.6912111851868317
2026-05-18 09:53:36.463995,0.472,0.08179999999999998,0.8089999999999999,0.53267,3.6912111851868317
2026-05-18 10:01:27.235126,1.2,0.1,0.9,0.863,10000
2026-05-18 10:01:28.235126,1.2,0.1,0.9,0.863,10000
2026-05-18 10:01:29.235126,1.2,0.1,0.9,0.863,10000
2026-05-18 10:01:30.235126,1.2,0.1,0.9,0.863,10000
2026-05-18 10:01:31.235317,1.2,0.1,0.9,0.863,10000
2026-05-18 10:01:32.243346,1.2,0.1,0.9,0.863,10000
2026-05-18 10:01:33.243346,1.2,0.1,0.9,0.863,10000
2026-05-18 10:01:34.254148,1.2,0.1,0.9,0.863,10000
2026-05-18 10:01:35.254148,1.2,0.1,0.9,0.863,10000
2026-05-18 10:01:36.254148,0.6399999999999999,0.086,0.83,0.6089,4.809640007062864
2026-05-18 10:01:37.254148,0.6399999999999999,0.086,0.83,0.6089,4.809640007062864
2026-05-18 10:01:38.254156,0.6399999999999999,0.086,0.83,0.6089,4.809640007062864
2026-05-18 10:01:39.254156,0.6399999999999999,0.086,0.83,0.6089,4.809640007062864
2026-05-18 10:01:40.255111,0.6399999999999999,0.086,0.83,0.6089,4.809640007062864
2026-05-18 10:01:41.261767,0.6399999999999999,0.086,0.83,0.6089,4.809640007062864
2026-05-18 10:01:42.261767,0.6399999999999999,0.086,0.83,0.6089,4.809640007062864
2026-05-18 10:01:43.267316,0.6399999999999999,0.086,0.83,0.6089,4.809640007062864
2026-05-18 10:01:44.267316,0.6399999999999999,0.086,0.83,0.6089,4.809640007062864
2026-05-18 10:01:45.267316,0.6399999999999999,0.086,0.83,0.6089,4.809640007062864
2026-05-18 10:01:46.276248,0.472,0.08179999999999998,0.8089999999999999,0.53267,4.283570490744788
2026-05-18 10:01:47.278827,0.472,0.08179999999999998,0.8089999999999999,0.53267,4.283570490744788
2026-05-18 10:01:48.278930,0.472,0.08179999999999998,0.8089999999999999,0.53267,4.283570490744788
2026-05-18 10:01:49.278930,0.472,0.08179999999999998,0.8089999999999999,0.53267,4.283570490744788
2026-05-18 10:01:50.278930,0.472,0.08179999999999998,0.8089999999999999,0.53267,4.283570490744788
2026-05-18 10:01:51.278930,0.472,0.08179999999999998,0.8089999999999999,0.53267,4.283570490744788
2026-05-18 10:01:52.278930,0.472,0.08179999999999998,0.8089999999999999,0.53267,4.283570490744788
2026-05-18 10:01:53.279209,0.472,0.08179999999999998,0.8089999999999999,0.53267,4.283570490744788
2026-05-18 10:01:54.279209,0.472,0.08179999999999998,0.8089999999999999,0.53267,4.283570490744788
2026-05-18 10:01:55.279209,0.472,0.08179999999999998,0.8089999999999999,0.53267,4.283570490744788
2026-05-18 10:01:56.279600,0.4216,0.08053999999999999,0.8027,0.509801,4.074373591732617
2026-05-18 10:01:57.279600,0.4216,0.08053999999999999,0.8027,0.509801,4.074373591732617
2026-05-18 10:01:58.279600,0.4216,0.08053999999999999,0.8027,0.509801,4.074373591732617
2026-05-18 10:01:59.282500,0.4216,0.08053999999999999,0.8027,0.509801,4.074373591732617
2026-05-18 10:02:00.282500,0.4216,0.08053999999999999,0.8027,0.509801,4.074373591732617
2026-05-18 10:02:01.285512,0.4216,0.08053999999999999,0.8027,0.509801,4.074373591732617
2026-05-18 10:02:02.285512,0.4216,0.08053999999999999,0.8027,0.509801,4.074373591732617
2026-05-18 10:02:03.285512,0.4216,0.08053999999999999,0.8027,0.509801,4.074373591732617
2026-05-18 10:02:04.301299,0.4216,0.08053999999999999,0.8027,0.509801,4.074373591732617
2026-05-18 10:02:05.301299,0.4216,0.08053999999999999,0.8027,0.509801,4.074373591732617
2026-05-18 10:02:06.301312,0.40647999999999995,0.08016199999999998,0.8008099999999999,0.5029402999999999,3.7200025800063736
2026-05-18 10:02:07.301315,0.40647999999999995,0.08016199999999998,0.8008099999999999,0.5029402999999999,3.7200025800063736
2026-05-18 10:02:08.301315,0.40647999999999995,0.08016199999999998,0.8008099999999999,0.5029402999999999,3.7200025800063736
2026-05-18 10:02:09.301375,0.40647999999999995,0.08016199999999998,0.8008099999999999,0.5029402999999999,3.7200025800063736
2026-05-18 10:02:10.301375,0.40647999999999995,0.08016199999999998,0.8008099999999999,0.5029402999999999,3.7200025800063736
2026-05-18 10:02:11.304451,0.40647999999999995,0.08016199999999998,0.8008099999999999,0.5029402999999999,3.7200025800063736
2026-05-18 10:02:12.304451,0.40647999999999995,0.08016199999999998,0.8008099999999999,0.5029402999999999,3.7200025800063736
2026-05-18 10:02:13.304471,0.40647999999999995,0.08016199999999998,0.8008099999999999,0.5029402999999999,3.7200025800063736
2026-05-18 10:02:14.304471,0.40647999999999995,0.08016199999999998,0.8008099999999999,0.5029402999999999,3.7200025800063736
2026-05-18 10:02:15.304974,0.40647999999999995,0.08016199999999998,0.8008099999999999,0.5029402999999999,3.7200025800063736
2026-05-18 10:02:16.304974,0.40647999999999995,0.08016199999999998,0.8008099999999999,0.5029402999999999,3.7200025800063736
2026-05-18 10:02:17.307375,0.40194399999999997,0.08004859999999998,0.8002429999999999,0.50088209,3.3860977924382567
2026-05-18 10:02:18.307375,0.40194399999999997,0.08004859999999998,0.8002429999999999,0.50088209,3.3860977924382567
2026-05-18 10:02:19.307375,0.40194399999999997,0.08004859999999998,0.8002429999999999,0.50088209,3.3860977924382567
2026-05-18 10:02:20.307377,0.40194399999999997,0.08004859999999998,0.8002429999999999,0.50088209,3.3860977924382567
2026-05-18 10:02:21.307393,0.40194399999999997,0.08004859999999998,0.8002429999999999,0.50088209,3.3860977924382567
2026-05-18 10:02:22.307393,0.40194399999999997,0.08004859999999998,0.8002429999999999,0.50088209,3.3860977924382567
2026-05-18 10:02:23.307393,0.40194399999999997,0.08004859999999998,0.8002429999999999,0.50088209,3.3860977924382567
2026-05-18 10:02:24.307528,0.40194399999999997,0.08004859999999998,0.8002429999999999,0.50088209,3.3860977924382567
2026-05-18 10:02:25.307531,0.40194399999999997,0.08004859999999998,0.8002429999999999,0.50088209,3.3860977924382567
2026-05-18 10:02:26.307531,0.40194399999999997,0.08004859999999998,0.8002429999999999,0.50088209,3.3860977924382567
2026-05-18 10:02:27.324125,0.40194399999999997,0.08004859999999998,0.8002429999999999,0.50088209,3.3860977924382567
2026-05-18 10:02:28.325148,0.4005832,0.08001457999999999,0.8000729,0.500264627,3.3860977924382567
2026-05-18 10:02:29.331774,0.4005832,0.08001457999999999,0.8000729,0.500264627,3.3860977924382567
2026-05-18 10:02:30.331774,0.4005832,0.08001457999999999,0.8000729,0.500264627,3.3860977924382567
2026-05-18 10:02:31.331774,0.4005832,0.08001457999999999,0.8000729,0.500264627,3.3860977924382567
2026-05-18 10:02:32.331774,0.4005832,0.08001457999999999,0.8000729,0.500264627,3.3860977924382567
2026-05-18 10:02:33.335427,0.4005832,0.08001457999999999,0.8000729,0.500264627,3.3860977924382567
2026-05-18 10:02:34.335427,0.4005832,0.08001457999999999,0.8000729,0.500264627,3.3860977924382567
2026-05-18 10:02:35.335427,0.4005832,0.08001457999999999,0.8000729,0.500264627,3.3860977924382567
2026-05-18 10:02:36.335427,0.4005832,0.08001457999999999,0.8000729,0.500264627,3.3860977924382567
2026-05-18 10:02:37.338652,0.4005832,0.08001457999999999,0.8000729,0.500264627,3.3860977924382567
2026-05-18 10:02:38.338679,0.4005832,0.08001457999999999,0.8000729,0.500264627,3.3860977924382567
2026-05-18 10:02:39.338702,0.40017495999999997,0.08000437399999999,0.8000218699999999,0.5000793881,3.3860977924382567
2026-05-18 10:02:40.338702,0.40017495999999997,0.08000437399999999,0.8000218699999999,0.5000793881,3.3860977924382567
2026-05-18 10:02:41.338702,0.40017495999999997,0.08000437399999999,0.8000218699999999,0.5000793881,3.3860977924382567
2026-05-18 10:02:42.338702,0.40017495999999997,0.08000437399999999,0.8000218699999999,0.5000793881,3.3860977924382567
2026-05-18 10:02:43.338707,0.40017495999999997,0.08000437399999999,0.8000218699999999,0.5000793881,3.3860977924382567
2026-05-18 10:02:44.338707,0.40017495999999997,0.08000437399999999,0.8000218699999999,0.5000793881,3.3860977924382567
2026-05-18 10:02:45.352331,0.40017495999999997,0.08000437399999999,0.8000218699999999,0.5000793881,3.3860977924382567
2026-05-18 10:02:46.352336,0.40017495999999997,0.08000437399999999,0.8000218699999999,0.5000793881,3.3860977924382567
2026-05-18 10:02:47.356251,0.40017495999999997,0.08000437399999999,0.8000218699999999,0.5000793881,3.3860977924382567
2026-05-18 10:02:48.356251,0.40017495999999997,0.08000437399999999,0.8000218699999999,0.5000793881,3.3860977924382567
2026-05-18 10:02:49.357445,0.40017495999999997,0.08000437399999999,0.8000218699999999,0.5000793881,3.3860977924382567
2026-05-18 10:02:50.357445,0.40005248799999993,0.0800013122,0.8000065609999999,0.5000238164299999,3.2621332357436192
2026-05-18 10:02:51.357445,0.40005248799999993,0.0800013122,0.8000065609999999,0.5000238164299999,3.2621332357436192
2026-05-18 10:02:52.362279,0.40005248799999993,0.0800013122,0.8000065609999999,0.5000238164299999,3.2621332357436192
2026-05-18 10:02:53.362305,0.40005248799999993,0.0800013122,0.8000065609999999,0.5000238164299999,3.2621332357436192
2026-05-18 10:02:54.362305,0.40005248799999993,0.0800013122,0.8000065609999999,0.5000238164299999,3.2621332357436192
2026-05-18 10:02:55.362305,0.40005248799999993,0.0800013122,0.8000065609999999,0.5000238164299999,3.2621332357436192
2026-05-18 10:02:56.362305,0.40005248799999993,0.0800013122,0.8000065609999999,0.5000238164299999,3.2621332357436192
2026-05-18 10:02:57.362305,0.40005248799999993,0.0800013122,0.8000065609999999,0.5000238164299999,3.2621332357436192
2026-05-18 10:02:58.362914,0.40005248799999993,0.0800013122,0.8000065609999999,0.5000238164299999,3.2621332357436192
2026-05-18 10:02:59.362915,0.40005248799999993,0.0800013122,0.8000065609999999,0.5000238164299999,3.2621332357436192
2026-05-18 10:03:00.362915,0.4000157463999999,0.08000039365999999,0.8000019682999999,0.500007144929,3.2621332357436192
2026-05-18 10:03:01.362915,0.4000157463999999,0.08000039365999999,0.8000019682999999,0.500007144929,3.2621332357436192
2026-05-18 10:03:02.370729,0.4000157463999999,0.08000039365999999,0.8000019682999999,0.500007144929,3.2621332357436192
2026-05-18 10:03:03.370729,0.4000157463999999,0.08000039365999999,0.8000019682999999,0.500007144929,3.2621332357436192
2026-05-18 10:03:04.370729,0.4000157463999999,0.08000039365999999,0.8000019682999999,0.500007144929,3.2621332357436192
2026-05-18 10:03:05.378895,0.4000157463999999,0.08000039365999999,0.8000019682999999,0.500007144929,3.2621332357436192
2026-05-18 10:03:06.378895,0.4000157463999999,0.08000039365999999,0.8000019682999999,0.500007144929,3.2621332357436192
2026-05-18 10:03:07.378895,0.4000157463999999,0.08000039365999999,0.8000019682999999,0.500007144929,3.2621332357436192
2026-05-18 10:03:08.378895,0.4000157463999999,0.08000039365999999,0.8000019682999999,0.500007144929,3.2621332357436192
2026-05-18 10:03:09.378895,0.4000157463999999,0.08000039365999999,0.8000019682999999,0.500007144929,3.2621332357436192
2026-05-18 10:03:10.378895,0.40000472391999997,0.08000011809799999,0.8000005904899999,0.5000021434787,3.2621332357436192
2026-05-18 10:03:11.378895,0.40000472391999997,0.08000011809799999,0.8000005904899999,0.5000021434787,3.2621332357436192
2026-05-18 10:03:12.378895,0.40000472391999997,0.08000011809799999,0.8000005904899999,0.5000021434787,3.2621332357436192
2026-05-18 10:03:13.385349,0.40000472391999997,0.08000011809799999,0.8000005904899999,0.5000021434787,3.2621332357436192
2026-05-18 10:03:14.385357,0.40000472391999997,0.08000011809799999,0.8000005904899999,0.5000021434787,3.2621332357436192
2026-05-18 10:03:15.385357,0.40000472391999997,0.08000011809799999,0.8000005904899999,0.5000021434787,3.2621332357436192
2026-05-18 10:03:16.385357,0.40000472391999997,0.08000011809799999,0.8000005904899999,0.5000021434787,3.2621332357436192
2026-05-18 10:03:17.385357,0.40000472391999997,0.08000011809799999,0.8000005904899999,0.5000021434787,3.2621332357436192
2026-05-18 10:03:18.385357,0.40000472391999997,0.08000011809799999,0.8000005904899999,0.5000021434787,3.2621332357436192
2026-05-18 10:03:19.390629,0.40000472391999997,0.08000011809799999,0.8000005904899999,0.5000021434787,3.2621332357436192
2026-05-18 10:03:20.390629,0.40000141717599996,0.08000003542939998,0.8000001771469999,0.5000006430436099,3.2621332357436192
2026-05-18 10:03:21.390966,0.40000141717599996,0.08000003542939998,0.8000001771469999,0.5000006430436099,3.2621332357436192
2026-05-18 10:03:22.394237,0.40000141717599996,0.08000003542939998,0.8000001771469999,0.5000006430436099,3.2621332357436192
2026-05-18 10:03:23.406701,0.40000141717599996,0.08000003542939998,0.8000001771469999,0.5000006430436099,3.2621332357436192
2026-05-18 10:03:24.406701,0.40000141717599996,0.08000003542939998,0.8000001771469999,0.5000006430436099,3.2621332357436192
2026-05-18 10:03:25.407874,0.40000141717599996,0.08000003542939998,0.8000001771469999,0.5000006430436099,3.2621332357436192
2026-05-18 10:03:26.407874,0.40000141717599996,0.08000003542939998,0.8000001771469999,0.5000006430436099,3.2621332357436192
2026-05-18 10:03:27.407874,0.40000141717599996,0.08000003542939998,0.8000001771469999,0.5000006430436099,3.2621332357436192
2026-05-18 10:03:28.407874,0.40000141717599996,0.08000003542939998,0.8000001771469999,0.5000006430436099,3.2621332357436192
2026-05-18 10:03:29.407874,0.40000141717599996,0.08000003542939998,0.8000001771469999,0.5000006430436099,3.2621332357436192
2026-05-18 10:03:30.407874,0.4000004251528,0.08000001062881999,0.8000000531440998,0.500000192913083,3.1856919245920263
2026-05-18 10:03:31.407874,0.4000004251528,0.08000001062881999,0.8000000531440998,0.500000192913083,3.1856919245920263
2026-05-18 10:03:32.407875,0.4000004251528,0.08000001062881999,0.8000000531440998,0.500000192913083,3.1856919245920263
2026-05-18 10:03:33.407875,0.4000004251528,0.08000001062881999,0.8000000531440998,0.500000192913083,3.1856919245920263
2026-05-18 10:03:34.407908,0.4000004251528,0.08000001062881999,0.8000000531440998,0.500000192913083,3.1856919245920263
2026-05-18 10:03:35.407908,0.4000004251528,0.08000001062881999,0.8000000531440998,0.500000192913083,3.1856919245920263
2026-05-18 10:03:36.407908,0.4000004251528,0.08000001062881999,0.8000000531440998,0.500000192913083,3.1856919245920263
2026-05-18 10:03:37.407981,0.4000004251528,0.08000001062881999,0.8000000531440998,0.500000192913083,3.1856919245920263
2026-05-18 10:03:38.407981,0.4000004251528,0.08000001062881999,0.8000000531440998,0.500000192913083,3.1856919245920263
2026-05-18 10:03:39.407981,0.4000004251528,0.08000001062881999,0.8000000531440998,0.500000192913083,3.1856919245920263
2026-05-18 10:03:40.407981,0.4000004251528,0.08000001062881999,0.8000000531440998,0.500000192913083,3.1856919245920263
2026-05-18 10:03:41.407981,0.40000012754583997,0.08000000318864599,0.8000000159432299,0.5000000578739249,3.068982363161539
2026-05-18 10:03:42.407981,0.40000012754583997,0.08000000318864599,0.8000000159432299,0.5000000578739249,3.068982363161539
2026-05-18 10:03:43.408107,0.40000012754583997,0.08000000318864599,0.8000000159432299,0.5000000578739249,3.068982363161539
2026-05-18 10:03:44.408153,0.40000012754583997,0.08000000318864599,0.8000000159432299,0.5000000578739249,3.068982363161539
2026-05-18 10:03:45.408153,0.40000012754583997,0.08000000318864599,0.8000000159432299,0.5000000578739249,3.068982363161539
2026-05-18 10:03:46.408190,0.40000012754583997,0.08000000318864599,0.8000000159432299,0.5000000578739249,3.068982363161539
2026-05-18 10:03:47.408223,0.40000012754583997,0.08000000318864599,0.8000000159432299,0.5000000578739249,3.068982363161539
2026-05-18 10:03:48.408223,0.40000012754583997,0.08000000318864599,0.8000000159432299,0.5000000578739249,3.068982363161539
2026-05-18 10:03:49.409202,0.40000012754583997,0.08000000318864599,0.8000000159432299,0.5000000578739249,3.068982363161539
2026-05-18 10:03:50.410391,0.40000012754583997,0.08000000318864599,0.8000000159432299,0.5000000578739249,3.068982363161539
2026-05-18 10:03:51.410391,0.40000012754583997,0.08000000318864599,0.8000000159432299,0.5000000578739249,3.068982363161539
2026-05-18 10:03:52.410391,0.40000003826375197,0.08000000095659379,0.800000004782969,0.5000000173621775,3.068982363161539
2026-05-18 10:03:53.424907,0.40000003826375197,0.08000000095659379,0.800000004782969,0.5000000173621775,3.068982363161539
2026-05-18 10:03:54.424907,0.40000003826375197,0.08000000095659379,0.800000004782969,0.5000000173621775,3.068982363161539
2026-05-18 10:03:55.424907,0.40000003826375197,0.08000000095659379,0.800000004782969,0.5000000173621775,3.068982363161539
2026-05-18 10:03:56.425413,0.40000003826375197,0.08000000095659379,0.800000004782969,0.5000000173621775,3.068982363161539
2026-05-18 10:03:57.426246,0.40000003826375197,0.08000000095659379,0.800000004782969,0.5000000173621775,3.068982363161539
2026-05-18 10:03:58.432998,0.40000003826375197,0.08000000095659379,0.800000004782969,0.5000000173621775,3.068982363161539
2026-05-18 10:03:59.433338,0.40000003826375197,0.08000000095659379,0.800000004782969,0.5000000173621775,3.068982363161539
2026-05-18 10:04:00.433338,0.40000003826375197,0.08000000095659379,0.800000004782969,0.5000000173621775,3.068982363161539
2026-05-18 10:04:01.433338,0.40000003826375197,0.08000000095659379,0.800000004782969,0.5000000173621775,3.068982363161539
2026-05-18 10:04:02.433633,0.40000001147912556,0.08000000028697812,0.8000000014348906,0.5000000052086532,3.068982363161539
2026-05-18 10:04:03.433633,0.40000001147912556,0.08000000028697812,0.8000000014348906,0.5000000052086532,3.068982363161539
2026-05-18 10:04:04.441216,0.40000001147912556,0.08000000028697812,0.8000000014348906,0.5000000052086532,3.068982363161539
2026-05-18 10:04:05.441368,0.40000001147912556,0.08000000028697812,0.8000000014348906,0.5000000052086532,3.068982363161539
2026-05-18 10:04:06.441368,0.40000001147912556,0.08000000028697812,0.8000000014348906,0.5000000052086532,3.068982363161539
2026-05-18 10:04:07.450437,0.40000001147912556,0.08000000028697812,0.8000000014348906,0.5000000052086532,3.068982363161539
2026-05-18 10:04:08.450437,0.40000001147912556,0.08000000028697812,0.8000000014348906,0.5000000052086532,3.068982363161539
2026-05-18 10:04:09.450437,0.40000001147912556,0.08000000028697812,0.8000000014348906,0.5000000052086532,3.068982363161539
2026-05-18 10:04:10.450488,0.40000001147912556,0.08000000028697812,0.8000000014348906,0.5000000052086532,3.068982363161539
2026-05-18 10:04:11.450709,0.40000001147912556,0.08000000028697812,0.8000000014348906,0.5000000052086532,3.068982363161539
2026-05-18 10:04:12.450709,0.40000000344373765,0.08000000008609343,0.800000000430467,0.5000000015625959,3.068982363161539
2026-05-18 10:04:13.454236,0.40000000344373765,0.08000000008609343,0.800000000430467,0.5000000015625959,3.068982363161539
2026-05-18 10:04:14.457042,0.40000000344373765,0.08000000008609343,0.800000000430467,0.5000000015625959,3.068982363161539
2026-05-18 10:04:15.485114,0.40000000344373765,0.08000000008609343,0.800000000430467,0.5000000015625959,3.068982363161539
2026-05-18 10:04:16.485114,0.40000000344373765,0.08000000008609343,0.800000000430467,0.5000000015625959,3.068982363161539
2026-05-18 10:04:17.485246,0.40000000344373765,0.08000000008609343,0.800000000430467,0.5000000015625959,3.068982363161539
2026-05-18 10:04:18.485246,0.40000000344373765,0.08000000008609343,0.800000000430467,0.5000000015625959,3.068982363161539
2026-05-18 10:04:19.486333,0.40000000344373765,0.08000000008609343,0.800000000430467,0.5000000015625959,3.068982363161539
2026-05-18 10:04:20.486437,0.40000000344373765,0.08000000008609343,0.800000000430467,0.5000000015625959,3.068982363161539
2026-05-18 10:04:21.486437,0.40000000344373765,0.08000000008609343,0.800000000430467,0.5000000015625959,3.068982363161539
2026-05-18 10:04:22.486437,0.4000000010331213,0.08000000002582802,0.8000000001291401,0.5000000004687788,3.068982363161539
2026-05-18 10:04:23.486439,0.4000000010331213,0.08000000002582802,0.8000000001291401,0.5000000004687788,3.068982363161539
2026-05-18 10:04:24.486439,0.4000000010331213,0.08000000002582802,0.8000000001291401,0.5000000004687788,3.068982363161539
2026-05-18 10:04:25.488819,0.4000000010331213,0.08000000002582802,0.8000000001291401,0.5000000004687788,3.068982363161539
2026-05-18 10:04:26.494776,0.4000000010331213,0.08000000002582802,0.8000000001291401,0.5000000004687788,3.068982363161539
2026-05-18 10:04:27.494776,0.4000000010331213,0.08000000002582802,0.8000000001291401,0.5000000004687788,3.068982363161539
2026-05-18 10:04:28.499203,0.4000000010331213,0.08000000002582802,0.8000000001291401,0.5000000004687788,3.068982363161539
2026-05-18 10:04:29.499203,0.4000000010331213,0.08000000002582802,0.8000000001291401,0.5000000004687788,3.068982363161539
2026-05-18 10:04:30.499203,0.4000000010331213,0.08000000002582802,0.8000000001291401,0.5000000004687788,3.068982363161539
2026-05-18 10:04:31.499203,0.4000000010331213,0.08000000002582802,0.8000000001291401,0.5000000004687788,3.068982363161539
2026-05-18 10:04:32.500829,0.4000000003099363,0.0800000000077484,0.8000000000387419,0.5000000001406336,3.068982363161539
2026-05-18 10:04:33.500884,0.4000000003099363,0.0800000000077484,0.8000000000387419,0.5000000001406336,3.068982363161539
2026-05-18 10:04:34.500884,0.4000000003099363,0.0800000000077484,0.8000000000387419,0.5000000001406336,3.068982363161539
2026-05-18 10:04:35.500884,0.4000000003099363,0.0800000000077484,0.8000000000387419,0.5000000001406336,3.068982363161539
2026-05-18 10:04:36.500884,0.4000000003099363,0.0800000000077484,0.8000000000387419,0.5000000001406336,3.068982363161539
2026-05-18 10:04:37.511199,0.4000000003099363,0.0800000000077484,0.8000000000387419,0.5000000001406336,3.068982363161539
2026-05-18 10:04:38.511199,0.4000000003099363,0.0800000000077484,0.8000000000387419,0.5000000001406336,3.068982363161539
2026-05-18 10:04:39.513575,0.4000000003099363,0.0800000000077484,0.8000000000387419,0.5000000001406336,3.068982363161539
2026-05-18 10:04:40.514275,0.4000000003099363,0.0800000000077484,0.8000000000387419,0.5000000001406336,3.068982363161539
2026-05-18 10:04:41.514275,0.4000000003099363,0.0800000000077484,0.8000000000387419,0.5000000001406336,3.068982363161539
2026-05-18 10:04:42.514441,0.40000000009298087,0.08000000000232452,0.8000000000116225,0.50000000004219,3.068982363161539
2026-05-18 10:04:43.514441,0.40000000009298087,0.08000000000232452,0.8000000000116225,0.50000000004219,3.068982363161539
2026-05-18 10:04:44.516638,0.40000000009298087,0.08000000000232452,0.8000000000116225,0.50000000004219,3.068982363161539
2026-05-18 10:04:45.518329,0.40000000009298087,0.08000000000232452,0.8000000000116225,0.50000000004219,3.068982363161539
2026-05-18 10:04:46.518329,0.40000000009298087,0.08000000000232452,0.8000000000116225,0.50000000004219,3.068982363161539
2026-05-18 10:04:47.518330,0.40000000009298087,0.08000000000232452,0.8000000000116225,0.50000000004219,3.068982363161539
2026-05-18 10:04:48.523885,0.40000000009298087,0.08000000000232452,0.8000000000116225,0.50000000004219,3.068982363161539
2026-05-18 10:04:49.523885,0.40000000009298087,0.08000000000232452,0.8000000000116225,0.50000000004219,3.068982363161539
2026-05-18 10:04:50.523894,0.40000000009298087,0.08000000000232452,0.8000000000116225,0.50000000004219,3.068982363161539
2026-05-18 10:04:51.523894,0.40000000009298087,0.08000000000232452,0.8000000000116225,0.50000000004219,3.068982363161539
2026-05-18 10:04:52.523894,0.40000000009298087,0.08000000000232452,0.8000000000116225,0.50000000004219,3.068982363161539
2026-05-18 10:04:53.525797,0.4000000000278942,0.08000000000069735,0.8000000000034867,0.500000000012657,3.068982363161539
2026-05-18 10:04:54.525828,0.4000000000278942,0.08000000000069735,0.8000000000034867,0.500000000012657,3.068982363161539
2026-05-18 10:04:55.527020,0.4000000000278942,0.08000000000069735,0.8000000000034867,0.500000000012657,3.068982363161539
2026-05-18 10:04:56.532913,0.4000000000278942,0.08000000000069735,0.8000000000034867,0.500000000012657,3.068982363161539
2026-05-18 10:04:57.532913,0.4000000000278942,0.08000000000069735,0.8000000000034867,0.500000000012657,3.068982363161539
2026-05-18 10:04:58.532913,0.4000000000278942,0.08000000000069735,0.8000000000034867,0.500000000012657,3.068982363161539
2026-05-18 10:04:59.532913,0.4000000000278942,0.08000000000069735,0.8000000000034867,0.500000000012657,3.068982363161539
2026-05-18 10:05:00.532914,0.4000000000278942,0.08000000000069735,0.8000000000034867,0.500000000012657,3.068982363161539
2026-05-18 10:05:01.532914,0.4000000000278942,0.08000000000069735,0.8000000000034867,0.500000000012657,3.068982363161539
2026-05-18 10:05:02.532920,0.4000000000278942,0.08000000000069735,0.8000000000034867,0.500000000012657,3.068982363161539
2026-05-18 10:05:03.540284,0.4000000000083682,0.0800000000002092,0.8000000000010459,0.5000000000037971,3.068982363161539
2026-05-18 10:05:04.541408,0.4000000000083682,0.0800000000002092,0.8000000000010459,0.5000000000037971,3.068982363161539
2026-05-18 10:05:05.541408,0.4000000000083682,0.0800000000002092,0.8000000000010459,0.5000000000037971,3.068982363161539
2026-05-18 10:05:06.560088,0.4000000000083682,0.0800000000002092,0.8000000000010459,0.5000000000037971,3.068982363161539
2026-05-18 10:05:07.560088,0.4000000000083682,0.0800000000002092,0.8000000000010459,0.5000000000037971,3.068982363161539
2026-05-18 10:05:08.560183,0.4000000000083682,0.0800000000002092,0.8000000000010459,0.5000000000037971,3.068982363161539
2026-05-18 10:05:09.560183,0.4000000000083682,0.0800000000002092,0.8000000000010459,0.5000000000037971,3.068982363161539
2026-05-18 10:05:10.560183,0.4000000000083682,0.0800000000002092,0.8000000000010459,0.5000000000037971,3.068982363161539
2026-05-18 10:05:11.560183,0.4000000000083682,0.0800000000002092,0.8000000000010459,0.5000000000037971,3.068982363161539
2026-05-18 10:05:12.560183,0.4000000000083682,0.0800000000002092,0.8000000000010459,0.5000000000037971,3.068982363161539
2026-05-18 10:05:13.560183,0.40000000000251046,0.08000000000006276,0.8000000000003137,0.5000000000011391,3.068982363161539
2026-05-18 10:05:14.560184,0.40000000000251046,0.08000000000006276,0.8000000000003137,0.5000000000011391,3.068982363161539
2026-05-18 10:05:15.560184,0.40000000000251046,0.08000000000006276,0.8000000000003137,0.5000000000011391,3.068982363161539
2026-05-18 10:05:16.560184,0.40000000000251046,0.08000000000006276,0.8000000000003137,0.5000000000011391,3.068982363161539
2026-05-18 10:05:17.560186,0.40000000000251046,0.08000000000006276,0.8000000000003137,0.5000000000011391,3.068982363161539
2026-05-18 10:05:18.560186,0.40000000000251046,0.08000000000006276,0.8000000000003137,0.5000000000011391,3.068982363161539
2026-05-18 10:05:19.560186,0.40000000000251046,0.08000000000006276,0.8000000000003137,0.5000000000011391,3.068982363161539
2026-05-18 10:05:20.560187,0.40000000000251046,0.08000000000006276,0.8000000000003137,0.5000000000011391,3.068982363161539
2026-05-18 10:05:21.560187,0.40000000000251046,0.08000000000006276,0.8000000000003137,0.5000000000011391,3.068982363161539
2026-05-18 10:05:22.560187,0.40000000000251046,0.08000000000006276,0.8000000000003137,0.5000000000011391,3.068982363161539
2026-05-18 10:05:23.564890,0.4000000000007531,0.08000000000001882,0.800000000000094,0.5000000000003417,2.981742114338101
2026-05-18 10:05:24.564890,0.4000000000007531,0.08000000000001882,0.800000000000094,0.5000000000003417,2.981742114338101
2026-05-18 10:05:25.582618,0.4000000000007531,0.08000000000001882,0.800000000000094,0.5000000000003417,2.981742114338101
2026-05-18 10:05:26.582618,0.4000000000007531,0.08000000000001882,0.800000000000094,0.5000000000003417,2.981742114338101
2026-05-18 10:05:27.582734,0.4000000000007531,0.08000000000001882,0.800000000000094,0.5000000000003417,2.981742114338101
2026-05-18 10:05:28.582734,0.4000000000007531,0.08000000000001882,0.800000000000094,0.5000000000003417,2.981742114338101
2026-05-18 10:05:29.592164,0.4000000000007531,0.08000000000001882,0.800000000000094,0.5000000000003417,2.981742114338101
2026-05-18 10:05:30.592185,0.4000000000007531,0.08000000000001882,0.800000000000094,0.5000000000003417,2.981742114338101
2026-05-18 10:05:31.592399,0.4000000000007531,0.08000000000001882,0.800000000000094,0.5000000000003417,2.981742114338101
2026-05-18 10:05:32.592399,0.4000000000007531,0.08000000000001882,0.800000000000094,0.5000000000003417,2.981742114338101
2026-05-18 10:05:33.592399,0.4000000000007531,0.08000000000001882,0.800000000000094,0.5000000000003417,2.981742114338101
2026-05-18 10:05:34.621305,0.4000000000002259,0.08000000000000564,0.8000000000000281,0.5000000000001025,2.8999359173886847
2026-05-18 10:05:35.621460,0.4000000000002259,0.08000000000000564,0.8000000000000281,0.5000000000001025,2.8999359173886847
2026-05-18 10:05:36.643498,0.4000000000002259,0.08000000000000564,0.8000000000000281,0.5000000000001025,2.8999359173886847
2026-05-18 10:05:37.646129,0.4000000000002259,0.08000000000000564,0.8000000000000281,0.5000000000001025,2.8999359173886847
2026-05-18 10:05:38.656010,0.4000000000002259,0.08000000000000564,0.8000000000000281,0.5000000000001025,2.8999359173886847
2026-05-18 10:05:39.689331,0.4000000000002259,0.08000000000000564,0.8000000000000281,0.5000000000001025,2.8999359173886847
2026-05-18 10:05:40.689331,0.4000000000002259,0.08000000000000564,0.8000000000000281,0.5000000000001025,2.8999359173886847
2026-05-18 10:05:41.689331,0.4000000000002259,0.08000000000000564,0.8000000000000281,0.5000000000001025,2.8999359173886847
2026-05-18 10:05:42.689331,0.4000000000002259,0.08000000000000564,0.8000000000000281,0.5000000000001025,2.8999359173886847
2026-05-18 10:05:43.689331,0.4000000000002259,0.08000000000000564,0.8000000000000281,0.5000000000001025,2.8999359173886847
2026-05-18 10:05:44.689331,0.40000000000006775,0.08000000000000168,0.8000000000000084,0.5000000000000308,2.8999359173886847
2026-05-18 10:05:45.689332,0.40000000000006775,0.08000000000000168,0.8000000000000084,0.5000000000000308,2.8999359173886847
2026-05-18 10:05:46.689332,0.40000000000006775,0.08000000000000168,0.8000000000000084,0.5000000000000308,2.8999359173886847
2026-05-18 10:05:47.699308,0.40000000000006775,0.08000000000000168,0.8000000000000084,0.5000000000000308,2.8999359173886847
2026-05-18 10:05:48.699308,0.40000000000006775,0.08000000000000168,0.8000000000000084,0.5000000000000308,2.8999359173886847
2026-05-18 10:05:49.699308,0.40000000000006775,0.08000000000000168,0.8000000000000084,0.5000000000000308,2.8999359173886847
2026-05-18 10:05:50.699308,0.40000000000006775,0.08000000000000168,0.8000000000000084,0.5000000000000308,2.8999359173886847
2026-05-18 10:05:51.699308,0.40000000000006775,0.08000000000000168,0.8000000000000084,0.5000000000000308,2.8999359173886847
2026-05-18 10:05:52.699308,0.40000000000006775,0.08000000000000168,0.8000000000000084,0.5000000000000308,2.8999359173886847
2026-05-18 10:05:53.699308,0.40000000000006775,0.08000000000000168,0.8000000000000084,0.5000000000000308,2.8999359173886847
2026-05-18 10:05:54.699678,0.4000000000000203,0.0800000000000005,0.8000000000000025,0.5000000000000092,2.8999359173886847
2026-05-18 10:05:55.700145,0.4000000000000203,0.0800000000000005,0.8000000000000025,0.5000000000000092,2.8999359173886847
2026-05-18 10:05:56.708387,0.4000000000000203,0.0800000000000005,0.8000000000000025,0.5000000000000092,2.8999359173886847
2026-05-18 10:05:57.708387,0.4000000000000203,0.0800000000000005,0.8000000000000025,0.5000000000000092,2.8999359173886847
2026-05-18 10:05:58.708387,0.4000000000000203,0.0800000000000005,0.8000000000000025,0.5000000000000092,2.8999359173886847
2026-05-18 10:05:59.708389,0.4000000000000203,0.0800000000000005,0.8000000000000025,0.5000000000000092,2.8999359173886847
2026-05-18 10:06:00.708471,0.4000000000000203,0.0800000000000005,0.8000000000000025,0.5000000000000092,2.8999359173886847
2026-05-18 10:06:01.708471,0.4000000000000203,0.0800000000000005,0.8000000000000025,0.5000000000000092,2.8999359173886847
2026-05-18 10:06:02.715978,0.4000000000000203,0.0800000000000005,0.8000000000000025,0.5000000000000092,2.8999359173886847
2026-05-18 10:06:03.715978,0.4000000000000203,0.0800000000000005,0.8000000000000025,0.5000000000000092,2.8999359173886847
2026-05-18 10:06:04.723481,0.400000000000006,0.08000000000000014,0.8000000000000007,0.5000000000000028,2.8999359173886847
2026-05-18 10:06:05.739974,0.400000000000006,0.08000000000000014,0.8000000000000007,0.5000000000000028,2.8999359173886847
2026-05-18 10:06:06.739974,0.400000000000006,0.08000000000000014,0.8000000000000007,0.5000000000000028,2.8999359173886847
2026-05-18 10:06:07.739974,0.400000000000006,0.08000000000000014,0.8000000000000007,0.5000000000000028,2.8999359173886847
2026-05-18 10:06:08.739974,0.400000000000006,0.08000000000000014,0.8000000000000007,0.5000000000000028,2.8999359173886847
2026-05-18 10:06:09.739974,0.400000000000006,0.08000000000000014,0.8000000000000007,0.5000000000000028,2.8999359173886847
2026-05-18 10:06:10.739976,0.400000000000006,0.08000000000000014,0.8000000000000007,0.5000000000000028,2.8999359173886847
2026-05-18 10:06:11.740977,0.400000000000006,0.08000000000000014,0.8000000000000007,0.5000000000000028,2.8999359173886847
2026-05-18 10:06:12.742847,0.400000000000006,0.08000000000000014,0.8000000000000007,0.5000000000000028,2.8999359173886847
2026-05-18 10:06:13.742847,0.400000000000006,0.08000000000000014,0.8000000000000007,0.5000000000000028,2.8999359173886847
2026-05-18 10:06:14.742847,0.4000000000000018,0.08000000000000004,0.8000000000000002,0.5000000000000008,2.8999359173886847
2026-05-18 10:06:15.742847,0.4000000000000018,0.08000000000000004,0.8000000000000002,0.5000000000000008,2.8999359173886847
2026-05-18 10:06:16.742847,0.4000000000000018,0.08000000000000004,0.8000000000000002,0.5000000000000008,2.8999359173886847
2026-05-18 10:06:17.742847,0.4000000000000018,0.08000000000000004,0.8000000000000002,0.5000000000000008,2.8999359173886847
2026-05-18 10:06:18.742847,0.4000000000000018,0.08000000000000004,0.8000000000000002,0.5000000000000008,2.8999359173886847
2026-05-18 10:06:19.742847,0.4000000000000018,0.08000000000000004,0.8000000000000002,0.5000000000000008,2.8999359173886847
2026-05-18 10:06:20.742847,0.4000000000000018,0.08000000000000004,0.8000000000000002,0.5000000000000008,2.8999359173886847
2026-05-18 10:06:21.753629,0.4000000000000018,0.08000000000000004,0.8000000000000002,0.5000000000000008,2.8999359173886847
2026-05-18 10:06:22.753669,0.4000000000000018,0.08000000000000004,0.8000000000000002,0.5000000000000008,2.8999359173886847
2026-05-18 10:06:23.753687,0.4000000000000018,0.08000000000000004,0.8000000000000002,0.5000000000000008,2.8999359173886847
2026-05-18 10:06:24.754260,0.4000000000000005,0.08,0.8,0.5000000000000002,2.8999359173886847
2026-05-18 10:06:25.754260,0.4000000000000005,0.08,0.8,0.5000000000000002,2.8999359173886847
2026-05-18 10:06:26.754260,0.4000000000000005,0.08,0.8,0.5000000000000002,2.8999359173886847
2026-05-18 10:06:27.759499,0.4000000000000005,0.08,0.8,0.5000000000000002,2.8999359173886847
2026-05-18 10:06:28.759499,0.4000000000000005,0.08,0.8,0.5000000000000002,2.8999359173886847
2026-05-18 10:06:29.759499,0.4000000000000005,0.08,0.8,0.5000000000000002,2.8999359173886847
2026-05-18 10:06:30.759499,0.4000000000000005,0.08,0.8,0.5000000000000002,2.8999359173886847
2026-05-18 10:06:31.759499,0.4000000000000005,0.08,0.8,0.5000000000000002,2.8999359173886847
2026-05-18 10:06:32.759499,0.4000000000000005,0.08,0.8,0.5000000000000002,2.8999359173886847
2026-05-18 10:06:33.759499,0.4000000000000005,0.08,0.8,0.5000000000000002,2.8999359173886847
2026-05-18 10:06:34.759499,0.4000000000000005,0.08,0.8,0.5000000000000002,2.8999359173886847
2026-05-18 10:06:35.762543,0.40000000000000013,0.07999999999999999,0.7999999999999999,0.5,2.8999359173886847
2026-05-18 10:06:36.762543,0.40000000000000013,0.07999999999999999,0.7999999999999999,0.5,2.8999359173886847
2026-05-18 10:06:37.767459,0.40000000000000013,0.07999999999999999,0.7999999999999999,0.5,2.8999359173886847
2026-05-18 10:06:38.768052,0.40000000000000013,0.07999999999999999,0.7999999999999999,0.5,2.8999359173886847
2026-05-18 10:06:39.768052,0.40000000000000013,0.07999999999999999,0.7999999999999999,0.5,2.8999359173886847
2026-05-18 10:06:40.768052,0.40000000000000013,0.07999999999999999,0.7999999999999999,0.5,2.8999359173886847
2026-05-18 10:06:41.768052,0.40000000000000013,0.07999999999999999,0.7999999999999999,0.5,2.8999359173886847
2026-05-18 10:06:42.768052,0.40000000000000013,0.07999999999999999,0.7999999999999999,0.5,2.8999359173886847
2026-05-18 10:06:43.768052,0.40000000000000013,0.07999999999999999,0.7999999999999999,0.5,2.8999359173886847
2026-05-18 10:06:44.768052,0.40000000000000013,0.07999999999999999,0.7999999999999999,0.5,2.8999359173886847
2026-05-18 10:06:45.768055,0.40000000000000013,0.07999999999999999,0.7999999999999999,0.5,2.8999359173886847
2026-05-18 10:06:46.768594,0.4,0.07999999999999999,0.7999999999999999,0.5,2.8999359173886847
2026-05-18 10:06:47.771905,0.4,0.07999999999999999,0.7999999999999999,0.5,2.8999359173886847
2026-05-18 10:06:48.771905,0.4,0.07999999999999999,0.7999999999999999,0.5,2.8999359173886847
2026-05-18 10:06:49.771905,0.4,0.07999999999999999,0.7999999999999999,0.5,2.8999359173886847
2026-05-18 10:06:50.771905,0.4,0.07999999999999999,0.7999999999999999,0.5,2.8999359173886847
2026-05-18 10:06:51.771905,0.4,0.07999999999999999,0.7999999999999999,0.5,2.8999359173886847
2026-05-18 10:06:52.771905,0.4,0.07999999999999999,0.7999999999999999,0.5,2.8999359173886847
2026-05-18 10:06:53.771905,0.4,0.07999999999999999,0.7999999999999999,0.5,2.8999359173886847
2026-05-18 10:06:54.771905,0.4,0.07999999999999999,0.7999999999999999,0.5,2.8999359173886847
2026-05-18 10:06:55.771905,0.4,0.07999999999999999,0.7999999999999999,0.5,2.8999359173886847
2026-05-18 10:06:56.771905,0.39999999999999997,0.07999999999999999,0.7999999999999999,0.5,2.8999359173886847
2026-05-18 10:06:57.773323,0.39999999999999997,0.07999999999999999,0.7999999999999999,0.5,2.8999359173886847
2026-05-18 10:06:58.773323,0.39999999999999997,0.07999999999999999,0.7999999999999999,0.5,2.8999359173886847
2026-05-18 10:06:59.773323,0.39999999999999997,0.07999999999999999,0.7999999999999999,0.5,2.8999359173886847
2026-05-18 10:07:00.773445,0.39999999999999997,0.07999999999999999,0.7999999999999999,0.5,2.8999359173886847
2026-05-18 10:07:01.773445,0.39999999999999997,0.07999999999999999,0.7999999999999999,0.5,2.8999359173886847
2026-05-18 10:07:02.773445,0.39999999999999997,0.07999999999999999,0.7999999999999999,0.5,2.8999359173886847
2026-05-18 10:07:03.773445,0.39999999999999997,0.07999999999999999,0.7999999999999999,0.5,2.8999359173886847
2026-05-18 10:07:04.773445,0.39999999999999997,0.07999999999999999,0.7999999999999999,0.5,2.8999359173886847
2026-05-18 10:07:05.773445,0.39999999999999997,0.07999999999999999,0.7999999999999999,0.5,2.8999359173886847
2026-05-18 10:07:06.773445,0.39999999999999997,0.07999999999999999,0.7999999999999999,0.5,2.8999359173886847
2026-05-18 10:07:07.773445,0.39999999999999997,0.07999999999999999,0.7999999999999999,0.5,2.8999359173886847
2026-05-18 10:07:08.778401,0.39999999999999997,0.07999999999999999,0.7999999999999999,0.5,2.8999359173886847
2026-05-18 10:07:09.778401,0.39999999999999997,0.07999999999999999,0.7999999999999999,0.5,2.8999359173886847
2026-05-18 10:07:10.778401,0.39999999999999997,0.07999999999999999,0.7999999999999999,0.5,2.8999359173886847
2026-05-18 10:07:11.778401,0.39999999999999997,0.07999999999999999,0.7999999999999999,0.5,2.8999359173886847
2026-05-18 10:07:12.779863,0.39999999999999997,0.07999999999999999,0.7999999999999999,0.5,2.8999359173886847
2026-05-18 10:07:13.779863,0.39999999999999997,0.07999999999999999,0.7999999999999999,0.5,2.8999359173886847
2026-05-18 10:07:14.779863,0.39999999999999997,0.07999999999999999,0.7999999999999999,0.5,2.8999359173886847
2026-05-18 10:07:15.780527,0.39999999999999997,0.07999999999999999,0.7999999999999999,0.5,2.8999359173886847
2026-05-18 10:07:16.780527,0.39999999999999997,0.07999999999999999,0.7999999999999999,0.5,2.8999359173886847
2026-05-18 10:07:17.780527,0.39999999999999997,0.07999999999999999,0.7999999999999999,0.5,2.8999359173886847
2026-05-18 10:07:18.780527,0.39999999999999997,0.07999999999999999,0.7999999999999999,0.5,2.8999359173886847
2026-05-18 10:07:19.780542,0.39999999999999997,0.07999999999999999,0.7999999999999999,0.5,2.8999359173886847
2026-05-18 10:07:20.780542,0.39999999999999997,0.07999999999999999,0.7999999999999999,0.5,2.8999359173886847
2026-05-18 10:07:21.780542,0.39999999999999997,0.07999999999999999,0.7999999999999999,0.5,2.8999359173886847
2026-05-18 10:07:22.780542,0.39999999999999997,0.07999999999999999,0.7999999999999999,0.5,2.8999359173886847
2026-05-18 10:07:23.780542,0.39999999999999997,0.07999999999999999,0.7999999999999999,0.5,2.8999359173886847
2026-05-18 10:07:24.780542,0.39999999999999997,0.07999999999999999,0.7999999999999999,0.5,2.8999359173886847
2026-05-18 10:07:25.780553,0.39999999999999997,0.07999999999999999,0.7999999999999999,0.5,2.8999359173886847
2026-05-18 10:07:26.783515,0.39999999999999997,0.07999999999999999,0.7999999999999999,0.5,2.8999359173886847
2026-05-18 10:07:27.785372,0.39999999999999997,0.07999999999999999,0.7999999999999999,0.5,2.8999359173886847
2026-05-18 10:07:28.785372,0.39999999999999997,0.07999999999999999,0.7999999999999999,0.5,2.8999359173886847
2026-05-18 10:07:29.788129,0.39999999999999997,0.07999999999999999,0.7999999999999999,0.5,2.8999359173886847
2026-05-18 10:07:30.789830,0.39999999999999997,0.07999999999999999,0.7999999999999999,0.5,2.8999359173886847
2026-05-18 10:07:31.791483,0.39999999999999997,0.07999999999999999,0.7999999999999999,0.5,2.8999359173886847
2026-05-18 10:07:32.791483,0.39999999999999997,0.07999999999999999,0.7999999999999999,0.5,2.8999359173886847
2026-05-18 10:07:33.791541,0.39999999999999997,0.07999999999999999,0.7999999999999999,0.5,2.8999359173886847
2026-05-18 10:07:34.791541,0.39999999999999997,0.07999999999999999,0.7999999999999999,0.5,2.8999359173886847
2026-05-18 10:07:35.791564,0.39999999999999997,0.07999999999999999,0.7999999999999999,0.5,2.8999359173886847
2026-05-18 10:07:36.796803,0.39999999999999997,0.07999999999999999,0.7999999999999999,0.5,2.8999359173886847
2026-05-18 10:07:37.796803,0.39999999999999997,0.07999999999999999,0.7999999999999999,0.5,2.8999359173886847
2026-05-18 10:07:38.796803,0.39999999999999997,0.07999999999999999,0.7999999999999999,0.5,2.8999359173886847
2026-05-18 10:07:39.796810,0.39999999999999997,0.07999999999999999,0.7999999999999999,0.5,2.8999359173886847
2026-05-18 10:07:40.796810,0.39999999999999997,0.07999999999999999,0.7999999999999999,0.5,2.8999359173886847
2026-05-18 10:07:41.796810,0.39999999999999997,0.07999999999999999,0.7999999999999999,0.5,2.8999359173886847
2026-05-18 10:07:42.796813,0.39999999999999997,0.07999999999999999,0.7999999999999999,0.5,2.8999359173886847
2026-05-18 10:07:43.802473,0.39999999999999997,0.07999999999999999,0.7999999999999999,0.5,2.8999359173886847
2026-05-18 10:07:44.802505,0.39999999999999997,0.07999999999999999,0.7999999999999999,0.5,2.8999359173886847
2026-05-18 10:07:45.802505,0.39999999999999997,0.07999999999999999,0.7999999999999999,0.5,2.8999359173886847
2026-05-18 10:07:46.804737,0.39999999999999997,0.07999999999999999,0.7999999999999999,0.5,2.8999359173886847
2026-05-18 10:07:47.805071,0.39999999999999997,0.07999999999999999,0.7999999999999999,0.5,2.8999359173886847
2026-05-18 10:07:48.805071,0.39999999999999997,0.07999999999999999,0.7999999999999999,0.5,2.8999359173886847
2026-05-18 10:07:49.805071,0.39999999999999997,0.07999999999999999,0.7999999999999999,0.5,2.8999359173886847
2026-05-18 10:07:50.819823,0.39999999999999997,0.07999999999999999,0.7999999999999999,0.5,2.8999359173886847
2026-05-18 10:07:51.820119,0.39999999999999997,0.07999999999999999,0.7999999999999999,0.5,2.8999359173886847
2026-05-18 10:07:52.820119,0.39999999999999997,0.07999999999999999,0.7999999999999999,0.5,2.8999359173886847
2026-05-18 10:07:53.826915,0.39999999999999997,0.07999999999999999,0.7999999999999999,0.5,2.8999359173886847
2026-05-18 10:07:54.826915,0.39999999999999997,0.07999999999999999,0.7999999999999999,0.5,2.8999359173886847
2026-05-18 10:07:55.830943,0.39999999999999997,0.07999999999999999,0.7999999999999999,0.5,2.8999359173886847
2026-05-18 10:07:56.839238,0.39999999999999997,0.07999999999999999,0.7999999999999999,0.5,2.8999359173886847
2026-05-18 10:07:57.839243,0.39999999999999997,0.07999999999999999,0.7999999999999999,0.5,2.8999359173886847
2026-05-18 10:07:58.840873,0.39999999999999997,0.07999999999999999,0.7999999999999999,0.5,2.8999359173886847
2026-05-18 10:07:59.840873,0.39999999999999997,0.07999999999999999,0.7999999999999999,0.5,2.8999359173886847
2026-05-18 10:08:00.840873,0.39999999999999997,0.07999999999999999,0.7999999999999999,0.5,2.8999359173886847
2026-05-18 10:08:01.848087,0.39999999999999997,0.07999999999999999,0.7999999999999999,0.5,2.8999359173886847
2026-05-18 10:08:02.853156,0.39999999999999997,0.07999999999999999,0.7999999999999999,0.5,2.8999359173886847
2026-05-18 10:08:03.853156,0.39999999999999997,0.07999999999999999,0.7999999999999999,0.5,2.8999359173886847
2026-05-18 10:08:04.853156,0.39999999999999997,0.07999999999999999,0.7999999999999999,0.5,2.8999359173886847
2026-05-18 10:08:05.853156,0.39999999999999997,0.07999999999999999,0.7999999999999999,0.5,2.8999359173886847
2026-05-18 10:08:06.856507,0.39999999999999997,0.07999999999999999,0.7999999999999999,0.5,2.8999359173886847
2026-05-18 10:08:07.856521,0.39999999999999997,0.07999999999999999,0.7999999999999999,0.5,2.8999359173886847
2026-05-18 10:08:08.856521,0.39999999999999997,0.07999999999999999,0.7999999999999999,0.5,2.8999359173886847
2026-05-18 10:08:09.856521,0.39999999999999997,0.07999999999999999,0.7999999999999999,0.5,2.8999359173886847
2026-05-18 10:08:10.867440,0.39999999999999997,0.07999999999999999,0.7999999999999999,0.5,2.8999359173886847
2026-05-18 10:08:11.868450,0.39999999999999997,0.07999999999999999,0.7999999999999999,0.5,2.8999359173886847
2026-05-18 10:08:12.868450,0.39999999999999997,0.07999999999999999,0.7999999999999999,0.5,2.8999359173886847
2026-05-18 10:08:13.868450,0.39999999999999997,0.07999999999999999,0.7999999999999999,0.5,2.8999359173886847
2026-05-18 10:08:14.887269,0.39999999999999997,0.07999999999999999,0.7999999999999999,0.5,2.8999359173886847
2026-05-18 10:08:15.887272,0.39999999999999997,0.07999999999999999,0.7999999999999999,0.5,2.8999359173886847
2026-05-18 10:08:16.887272,0.39999999999999997,0.07999999999999999,0.7999999999999999,0.5,2.8999359173886847
2026-05-18 10:08:17.887272,0.39999999999999997,0.07999999999999999,0.7999999999999999,0.5,2.8999359173886847
2026-05-18 10:08:18.887272,0.39999999999999997,0.07999999999999999,0.7999999999999999,0.5,2.8999359173886847
2026-05-18 10:08:19.887946,0.39999999999999997,0.07999999999999999,0.7999999999999999,0.5,2.8999359173886847
2026-05-18 10:08:20.887975,0.39999999999999997,0.07999999999999999,0.7999999999999999,0.5,2.8999359173886847
2026-05-18 10:08:21.887975,0.39999999999999997,0.07999999999999999,0.7999999999999999,0.5,2.8999359173886847
2026-05-18 10:08:22.887975,0.39999999999999997,0.07999999999999999,0.7999999999999999,0.5,2.8999359173886847
2026-05-18 10:08:23.888238,0.39999999999999997,0.07999999999999999,0.7999999999999999,0.5,2.8999359173886847
2026-05-18 10:08:24.888240,0.39999999999999997,0.07999999999999999,0.7999999999999999,0.5,2.8999359173886847
2026-05-18 10:08:25.888241,0.39999999999999997,0.07999999999999999,0.7999999999999999,0.5,2.8999359173886847
2026-05-18 10:08:26.888241,0.39999999999999997,0.07999999999999999,0.7999999999999999,0.5,2.8999359173886847
2026-05-18 10:08:27.894045,0.39999999999999997,0.07999999999999999,0.7999999999999999,0.5,2.8999359173886847
2026-05-18 10:08:28.894238,0.39999999999999997,0.07999999999999999,0.7999999999999999,0.5,2.8999359173886847
2026-05-18 10:08:29.894238,0.39999999999999997,0.07999999999999999,0.7999999999999999,0.5,2.8999359173886847
2026-05-18 10:08:30.894238,0.39999999999999997,0.07999999999999999,0.7999999999999999,0.5,2.8999359173886847
2026-05-18 10:08:31.896266,0.39999999999999997,0.07999999999999999,0.7999999999999999,0.5,2.8999359173886847
2026-05-18 10:08:32.896266,0.39999999999999997,0.07999999999999999,0.7999999999999999,0.5,2.8999359173886847
2026-05-18 10:08:33.896268,0.39999999999999997,0.07999999999999999,0.7999999999999999,0.5,2.8999359173886847
2026-05-18 10:08:34.896268,0.39999999999999997,0.07999999999999999,0.7999999999999999,0.5,2.8999359173886847
2026-05-18 10:08:35.896268,0.39999999999999997,0.07999999999999999,0.7999999999999999,0.5,2.8999359173886847
2026-05-18 10:08:36.904972,0.39999999999999997,0.07999999999999999,0.7999999999999999,0.5,2.8999359173886847
2026-05-18 10:08:37.904972,0.39999999999999997,0.07999999999999999,0.7999999999999999,0.5,2.8999359173886847
2026-05-18 10:08:38.904972,0.39999999999999997,0.07999999999999999,0.7999999999999999,0.5,2.8999359173886847
2026-05-18 10:08:39.904972,0.39999999999999997,0.07999999999999999,0.7999999999999999,0.5,2.8999359173886847
2026-05-18 10:08:40.904976,0.39999999999999997,0.07999999999999999,0.7999999999999999,0.5,2.8999359173886847
2026-05-18 10:08:41.904978,0.39999999999999997,0.07999999999999999,0.7999999999999999,0.5,2.8999359173886847
2026-05-18 10:08:42.904978,0.39999999999999997,0.07999999999999999,0.7999999999999999,0.5,2.8999359173886847
2026-05-18 10:08:43.904978,0.39999999999999997,0.07999999999999999,0.7999999999999999,0.5,2.8999359173886847
2026-05-18 10:08:44.906062,0.39999999999999997,0.07999999999999999,0.7999999999999999,0.5,2.8999359173886847
2026-05-18 10:08:45.906062,0.39999999999999997,0.07999999999999999,0.7999999999999999,0.5,2.8999359173886847
2026-05-18 10:08:46.906063,0.39999999999999997,0.07999999999999999,0.7999999999999999,0.5,2.8999359173886847
2026-05-18 10:08:47.906063,0.39999999999999997,0.07999999999999999,0.7999999999999999,0.5,2.8999359173886847
2026-05-18 10:08:48.907588,0.39999999999999997,0.07999999999999999,0.7999999999999999,0.5,2.8999359173886847
2026-05-18 10:08:49.907588,0.39999999999999997,0.07999999999999999,0.7999999999999999,0.5,2.8999359173886847
2026-05-18 10:08:50.907588,0.39999999999999997,0.07999999999999999,0.7999999999999999,0.5,2.8999359173886847
2026-05-18 10:08:51.907588,0.39999999999999997,0.07999999999999999,0.7999999999999999,0.5,2.8999359173886847
2026-05-18 10:08:52.907646,0.39999999999999997,0.07999999999999999,0.7999999999999999,0.5,2.8999359173886847
2026-05-18 10:08:53.907646,0.39999999999999997,0.07999999999999999,0.7999999999999999,0.5,2.8999359173886847
2026-05-18 10:08:54.907646,0.39999999999999997,0.07999999999999999,0.7999999999999999,0.5,2.8999359173886847
2026-05-18 10:08:55.908658,0.39999999999999997,0.07999999999999999,0.7999999999999999,0.5,2.8999359173886847
2026-05-18 10:08:56.908658,0.39999999999999997,0.07999999999999999,0.7999999999999999,0.5,2.8999359173886847
2026-05-18 10:08:57.909445,0.39999999999999997,0.07999999999999999,0.7999999999999999,0.5,2.8999359173886847
2026-05-18 10:08:58.909445,0.39999999999999997,0.07999999999999999,0.7999999999999999,0.5,2.8999359173886847
2026-05-18 10:08:59.909475,0.39999999999999997,0.07999999999999999,0.7999999999999999,0.5,2.8999359173886847
2026-05-18 10:09:00.915168,0.39999999999999997,0.07999999999999999,0.7999999999999999,0.5,2.8999359173886847
2026-05-18 10:09:01.919610,0.39999999999999997,0.07999999999999999,0.7999999999999999,0.5,2.8999359173886847
2026-05-18 10:09:02.919610,0.39999999999999997,0.07999999999999999,0.7999999999999999,0.5,2.8999359173886847
2026-05-18 10:09:03.919623,0.39999999999999997,0.07999999999999999,0.7999999999999999,0.5,2.8999359173886847
2026-05-18 10:09:04.919623,0.39999999999999997,0.07999999999999999,0.7999999999999999,0.5,2.8999359173886847
2026-05-18 10:09:05.919678,0.39999999999999997,0.07999999999999999,0.7999999999999999,0.5,2.8999359173886847
2026-05-18 10:09:06.919691,0.39999999999999997,0.07999999999999999,0.7999999999999999,0.5,2.8999359173886847
2026-05-18 10:09:07.919691,0.39999999999999997,0.07999999999999999,0.7999999999999999,0.5,2.8999359173886847
2026-05-18 10:09:08.919691,0.39999999999999997,0.07999999999999999,0.7999999999999999,0.5,2.8999359173886847
2026-05-18 10:09:09.919691,0.39999999999999997,0.07999999999999999,0.7999999999999999,0.5,2.8999359173886847
2026-05-18 10:09:10.919691,0.39999999999999997,0.07999999999999999,0.7999999999999999,0.5,2.8999359173886847
2026-05-18 10:09:11.919691,0.39999999999999997,0.07999999999999999,0.7999999999999999,0.5,2.8999359173886847
2026-05-18 10:09:12.919691,0.39999999999999997,0.07999999999999999,0.7999999999999999,0.5,2.8999359173886847
2026-05-18 10:09:13.921628,0.39999999999999997,0.07999999999999999,0.7999999999999999,0.5,2.8999359173886847
2026-05-18 10:09:14.921934,0.39999999999999997,0.07999999999999999,0.7999999999999999,0.5,2.8999359173886847
2026-05-18 10:09:15.925564,0.39999999999999997,0.07999999999999999,0.7999999999999999,0.5,2.8999359173886847
2026-05-18 10:09:16.931010,0.39999999999999997,0.07999999999999999,0.7999999999999999,0.5,2.8999359173886847
2026-05-18 10:09:17.931650,0.39999999999999997,0.07999999999999999,0.7999999999999999,0.5,2.8999359173886847
2026-05-18 10:09:18.936468,0.39999999999999997,0.07999999999999999,0.7999999999999999,0.5,2.8999359173886847
2026-05-18 10:09:19.936471,0.39999999999999997,0.07999999999999999,0.7999999999999999,0.5,2.8999359173886847
2026-05-18 10:09:20.936471,0.39999999999999997,0.07999999999999999,0.7999999999999999,0.5,2.8999359173886847
2026-05-18 10:09:21.936565,0.39999999999999997,0.07999999999999999,0.7999999999999999,0.5,2.8999359173886847
2026-05-18 10:09:22.936573,0.39999999999999997,0.07999999999999999,0.7999999999999999,0.5,2.8999359173886847
2026-05-18 10:09:23.936573,0.39999999999999997,0.07999999999999999,0.7999999999999999,0.5,2.8999359173886847
2026-05-18 10:09:24.987788,0.39999999999999997,0.07999999999999999,0.7999999999999999,0.5,2.8999359173886847
2026-05-18 10:09:25.988694,0.39999999999999997,0.07999999999999999,0.7999999999999999,0.5,2.8999359173886847
2026-05-18 10:09:26.990170,0.39999999999999997,0.07999999999999999,0.7999999999999999,0.5,2.8999359173886847
2026-05-18 10:09:27.990170,0.39999999999999997,0.07999999999999999,0.7999999999999999,0.5,2.8999359173886847
2026-05-18 10:09:28.990170,0.39999999999999997,0.07999999999999999,0.7999999999999999,0.5,2.8999359173886847
2026-05-18 10:09:30.014276,0.39999999999999997,0.07999999999999999,0.7999999999999999,0.5,2.8999359173886847
2026-05-18 10:09:31.014276,0.39999999999999997,0.07999999999999999,0.7999999999999999,0.5,2.8999359173886847
2026-05-18 10:09:32.014276,0.39999999999999997,0.07999999999999999,0.7999999999999999,0.5,2.8999359173886847
2026-05-18 10:09:33.020361,0.39999999999999997,0.07999999999999999,0.7999999999999999,0.5,2.8999359173886847
2026-05-18 10:09:34.020361,0.39999999999999997,0.07999999999999999,0.7999999999999999,0.5,2.8999359173886847
2026-05-18 10:09:35.020361,0.39999999999999997,0.07999999999999999,0.7999999999999999,0.5,2.8999359173886847
2026-05-18 10:09:36.020361,0.39999999999999997,0.07999999999999999,0.7999999999999999,0.5,2.8999359173886847
2026-05-18 10:09:37.020361,0.39999999999999997,0.07999999999999999,0.7999999999999999,0.5,2.8999359173886847
2026-05-18 10:09:38.020613,0.39999999999999997,0.07999999999999999,0.7999999999999999,0.5,2.8999359173886847
2026-05-18 10:09:39.020621,0.39999999999999997,0.07999999999999999,0.7999999999999999,0.5,2.8999359173886847
2026-05-18 10:09:40.020772,0.39999999999999997,0.07999999999999999,0.7999999999999999,0.5,2.8999359173886847
2026-05-18 10:09:41.020774,0.39999999999999997,0.07999999999999999,0.7999999999999999,0.5,2.8999359173886847
2026-05-18 10:09:42.020774,0.39999999999999997,0.07999999999999999,0.7999999999999999,0.5,2.8999359173886847
2026-05-18 10:09:43.027857,0.39999999999999997,0.07999999999999999,0.7999999999999999,0.5,2.8999359173886847
2026-05-18 10:09:44.027857,0.39999999999999997,0.07999999999999999,0.7999999999999999,0.5,2.8999359173886847
2026-05-18 10:09:45.027857,0.39999999999999997,0.07999999999999999,0.7999999999999999,0.5,2.8999359173886847
2026-05-18 10:09:46.027857,0.39999999999999997,0.07999999999999999,0.7999999999999999,0.5,2.8999359173886847
2026-05-18 10:09:47.027859,0.39999999999999997,0.07999999999999999,0.7999999999999999,0.5,2.8999359173886847
2026-05-18 10:09:48.027859,0.39999999999999997,0.07999999999999999,0.7999999999999999,0.5,2.8999359173886847
2026-05-18 10:09:49.027864,0.39999999999999997,0.07999999999999999,0.7999999999999999,0.5,2.8999359173886847
2026-05-18 10:09:50.027864,0.39999999999999997,0.07999999999999999,0.7999999999999999,0.5,2.8999359173886847
2026-05-18 10:09:51.027864,0.39999999999999997,0.07999999999999999,0.7999999999999999,0.5,2.8999359173886847
2026-05-18 10:09:52.028155,0.39999999999999997,0.07999999999999999,0.7999999999999999,0.5,2.8999359173886847
2026-05-18 10:09:53.028173,0.39999999999999997,0.07999999999999999,0.7999999999999999,0.5,2.8999359173886847
2026-05-18 10:09:54.030280,0.39999999999999997,0.07999999999999999,0.7999999999999999,0.5,2.8999359173886847
2026-05-18 10:09:55.030280,0.39999999999999997,0.07999999999999999,0.7999999999999999,0.5,2.8999359173886847
2026-05-18 10:09:56.043202,0.39999999999999997,0.07999999999999999,0.7999999999999999,0.5,2.8999359173886847
2026-05-18 10:09:57.043202,0.39999999999999997,0.07999999999999999,0.7999999999999999,0.5,2.8999359173886847
2026-05-18 10:09:58.043202,0.39999999999999997,0.07999999999999999,0.7999999999999999,0.5,2.8999359173886847
2026-05-18 10:09:59.043202,0.39999999999999997,0.07999999999999999,0.7999999999999999,0.5,2.8999359173886847
2026-05-18 10:10:00.043202,0.39999999999999997,0.07999999999999999,0.7999999999999999,0.5,2.8999359173886847
2026-05-18 10:10:01.044114,0.39999999999999997,0.07999999999999999,0.7999999999999999,0.5,2.8999359173886847
2026-05-18 10:10:02.044114,0.39999999999999997,0.07999999999999999,0.7999999999999999,0.5,2.8999359173886847
2026-05-18 10:10:03.044114,0.39999999999999997,0.07999999999999999,0.7999999999999999,0.5,2.8999359173886847
2026-05-18 10:10:04.045447,0.39999999999999997,0.07999999999999999,0.7999999999999999,0.5,2.8999359173886847
2026-05-18 10:10:05.055498,0.39999999999999997,0.07999999999999999,0.7999999999999999,0.5,2.8999359173886847
2026-05-18 10:10:06.055499,0.39999999999999997,0.07999999999999999,0.7999999999999999,0.5,2.8999359173886847
2026-05-18 10:10:07.055499,0.39999999999999997,0.07999999999999999,0.7999999999999999,0.5,2.8999359173886847
2026-05-18 10:10:08.055499,0.39999999999999997,0.07999999999999999,0.7999999999999999,0.5,2.8999359173886847
2026-05-18 10:10:09.055499,0.39999999999999997,0.07999999999999999,0.7999999999999999,0.5,2.8999359173886847
2026-05-18 10:10:10.055499,0.39999999999999997,0.07999999999999999,0.7999999999999999,0.5,2.8999359173886847
2026-05-18 10:10:11.059822,0.39999999999999997,0.07999999999999999,0.7999999999999999,0.5,2.8999359173886847
2026-05-18 10:10:12.059826,0.39999999999999997,0.07999999999999999,0.7999999999999999,0.5,2.8999359173886847
2026-05-18 10:10:13.059826,0.39999999999999997,0.07999999999999999,0.7999999999999999,0.5,2.8999359173886847
2026-05-18 10:10:14.059883,0.39999999999999997,0.07999999999999999,0.7999999999999999,0.5,2.8999359173886847
2026-05-18 10:10:15.059915,0.39999999999999997,0.07999999999999999,0.7999999999999999,0.5,2.8999359173886847
2026-05-18 10:10:16.060061,0.39999999999999997,0.07999999999999999,0.7999999999999999,0.5,2.8999359173886847
2026-05-18 10:10:17.062543,0.39999999999999997,0.07999999999999999,0.7999999999999999,0.5,2.8999359173886847
2026-05-18 10:10:18.062543,0.39999999999999997,0.07999999999999999,0.7999999999999999,0.5,2.8999359173886847
2026-05-18 10:10:19.062543,0.39999999999999997,0.07999999999999999,0.7999999999999999,0.5,2.8999359173886847
2026-05-18 10:10:20.062546,0.39999999999999997,0.07999999999999999,0.7999999999999999,0.5,2.8999359173886847
2026-05-18 10:10:21.062546,0.39999999999999997,0.07999999999999999,0.7999999999999999,0.5,2.8999359173886847
2026-05-18 10:10:22.105268,0.39999999999999997,0.07999999999999999,0.7999999999999999,0.5,2.8999359173886847
2026-05-18 10:10:23.105271,0.39999999999999997,0.07999999999999999,0.7999999999999999,0.5,2.8999359173886847
2026-05-18 10:10:24.127757,0.39999999999999997,0.07999999999999999,0.7999999999999999,0.5,2.8999359173886847
2026-05-18 10:10:25.128318,0.39999999999999997,0.07999999999999999,0.7999999999999999,0.5,2.8999359173886847
2026-05-18 10:10:26.128320,0.39999999999999997,0.07999999999999999,0.7999999999999999,0.5,2.8999359173886847
2026-05-18 10:10:27.128320,0.39999999999999997,0.07999999999999999,0.7999999999999999,0.5,2.8999359173886847
2026-05-18 10:10:28.128320,0.39999999999999997,0.07999999999999999,0.7999999999999999,0.5,2.8999359173886847
2026-05-18 10:10:29.128320,0.39999999999999997,0.07999999999999999,0.7999999999999999,0.5,2.8999359173886847
2026-05-18 10:10:30.128320,0.39999999999999997,0.07999999999999999,0.7999999999999999,0.5,2.8999359173886847
2026-05-18 10:23:58.152637,1.2,0.1,0.9,0.863,10000
2026-05-18 10:23:59.152638,1.2,0.1,0.9,0.863,10000
2026-05-18 10:24:00.152667,1.2,0.1,0.9,0.863,10000
2026-05-18 10:24:01.152667,1.2,0.1,0.9,0.863,10000
2026-05-18 10:24:02.154817,1.2,0.1,0.9,0.863,10000
2026-05-18 10:24:03.154839,1.2,0.1,0.9,0.863,10000
2026-05-18 10:24:04.157640,1.2,0.1,0.9,0.863,10000
2026-05-18 10:24:05.157640,1.2,0.1,0.9,0.863,10000
2026-05-18 10:24:06.157642,1.2,0.1,0.9,0.863,10000
2026-05-18 10:24:07.157642,0.6399999999999999,0.086,0.83,0.6089,2.8999359173886847
2026-05-18 10:24:08.157759,0.6399999999999999,0.086,0.83,0.6089,2.8999359173886847
2026-05-18 10:24:09.157759,0.6399999999999999,0.086,0.83,0.6089,2.8999359173886847
2026-05-18 10:24:10.157759,0.6399999999999999,0.086,0.83,0.6089,2.8999359173886847
2026-05-18 10:24:11.157817,0.6399999999999999,0.086,0.83,0.6089,2.8999359173886847
2026-05-18 10:24:12.157875,0.6399999999999999,0.086,0.83,0.6089,2.8999359173886847
2026-05-18 10:24:13.157875,0.6399999999999999,0.086,0.83,0.6089,2.8999359173886847
2026-05-18 10:24:14.161086,0.6399999999999999,0.086,0.83,0.6089,2.8999359173886847
2026-05-18 10:24:15.161086,0.6399999999999999,0.086,0.83,0.6089,2.8999359173886847
2026-05-18 10:24:16.161088,0.6399999999999999,0.086,0.83,0.6089,2.8999359173886847
2026-05-18 10:24:17.161088,0.6399999999999999,0.086,0.83,0.6089,2.8999359173886847
2026-05-18 10:24:18.161139,0.472,0.08179999999999998,0.8089999999999999,0.53267,2.8999359173886847
2026-05-18 10:24:19.161288,0.472,0.08179999999999998,0.8089999999999999,0.53267,2.8999359173886847
2026-05-18 10:24:20.161796,0.472,0.08179999999999998,0.8089999999999999,0.53267,2.8999359173886847
2026-05-18 10:24:21.161796,0.472,0.08179999999999998,0.8089999999999999,0.53267,2.8999359173886847
2026-05-18 10:24:22.162912,0.472,0.08179999999999998,0.8089999999999999,0.53267,2.8999359173886847
2026-05-18 10:24:23.162912,0.472,0.08179999999999998,0.8089999999999999,0.53267,2.8999359173886847
2026-05-18 10:24:24.162912,0.472,0.08179999999999998,0.8089999999999999,0.53267,2.8999359173886847
2026-05-18 10:24:25.162998,0.472,0.08179999999999998,0.8089999999999999,0.53267,2.8999359173886847
2026-05-18 10:24:26.163199,0.472,0.08179999999999998,0.8089999999999999,0.53267,2.8999359173886847
2026-05-18 10:24:27.163199,0.472,0.08179999999999998,0.8089999999999999,0.53267,2.8999359173886847
2026-05-18 10:24:28.163524,0.4216,0.08053999999999999,0.8027,0.509801,2.8926800804372608
2026-05-18 10:24:29.164385,0.4216,0.08053999999999999,0.8027,0.509801,2.8926800804372608
2026-05-18 10:24:30.164656,0.4216,0.08053999999999999,0.8027,0.509801,2.8926800804372608
2026-05-18 10:24:31.164656,0.4216,0.08053999999999999,0.8027,0.509801,2.8926800804372608
2026-05-18 10:24:32.164656,0.4216,0.08053999999999999,0.8027,0.509801,2.8926800804372608
2026-05-18 10:24:33.164656,0.4216,0.08053999999999999,0.8027,0.509801,2.8926800804372608
2026-05-18 10:24:34.164656,0.4216,0.08053999999999999,0.8027,0.509801,2.8926800804372608
2026-05-18 10:24:35.164656,0.4216,0.08053999999999999,0.8027,0.509801,2.8926800804372608
2026-05-18 10:24:36.164860,0.4216,0.08053999999999999,0.8027,0.509801,2.8926800804372608
2026-05-18 10:24:37.167761,0.4216,0.08053999999999999,0.8027,0.509801,2.8926800804372608
2026-05-18 10:24:38.167998,0.40647999999999995,0.08016199999999998,0.8008099999999999,0.5029402999999999,2.7260956257841484
2026-05-18 10:24:39.167998,0.40647999999999995,0.08016199999999998,0.8008099999999999,0.5029402999999999,2.7260956257841484
2026-05-18 10:24:40.167998,0.40647999999999995,0.08016199999999998,0.8008099999999999,0.5029402999999999,2.7260956257841484
2026-05-18 10:24:41.167998,0.40647999999999995,0.08016199999999998,0.8008099999999999,0.5029402999999999,2.7260956257841484
2026-05-18 10:24:42.167998,0.40647999999999995,0.08016199999999998,0.8008099999999999,0.5029402999999999,2.7260956257841484
2026-05-18 10:24:43.167998,0.40647999999999995,0.08016199999999998,0.8008099999999999,0.5029402999999999,2.7260956257841484
2026-05-18 10:24:44.175643,0.40647999999999995,0.08016199999999998,0.8008099999999999,0.5029402999999999,2.7260956257841484
2026-05-18 10:24:45.175643,0.40647999999999995,0.08016199999999998,0.8008099999999999,0.5029402999999999,2.7260956257841484
2026-05-18 10:24:46.175643,0.40647999999999995,0.08016199999999998,0.8008099999999999,0.5029402999999999,2.7260956257841484
2026-05-18 10:24:47.175643,0.40647999999999995,0.08016199999999998,0.8008099999999999,0.5029402999999999,2.7260956257841484
2026-05-18 10:24:48.176127,0.40647999999999995,0.08016199999999998,0.8008099999999999,0.5029402999999999,2.7260956257841484
2026-05-18 10:24:49.176127,0.40194399999999997,0.08004859999999998,0.8002429999999999,0.50088209,2.755810053758909
2026-05-18 10:24:50.176127,0.40194399999999997,0.08004859999999998,0.8002429999999999,0.50088209,2.755810053758909
2026-05-18 10:24:51.176127,0.40194399999999997,0.08004859999999998,0.8002429999999999,0.50088209,2.755810053758909
2026-05-18 10:24:52.176228,0.40194399999999997,0.08004859999999998,0.8002429999999999,0.50088209,2.755810053758909
2026-05-18 10:24:53.176228,0.40194399999999997,0.08004859999999998,0.8002429999999999,0.50088209,2.755810053758909
2026-05-18 10:24:54.176228,0.40194399999999997,0.08004859999999998,0.8002429999999999,0.50088209,2.755810053758909
2026-05-18 10:24:55.176228,0.40194399999999997,0.08004859999999998,0.8002429999999999,0.50088209,2.755810053758909
2026-05-18 10:24:56.176228,0.40194399999999997,0.08004859999999998,0.8002429999999999,0.50088209,2.755810053758909
2026-05-18 10:24:57.176229,0.40194399999999997,0.08004859999999998,0.8002429999999999,0.50088209,2.755810053758909
2026-05-18 10:24:58.176229,0.40194399999999997,0.08004859999999998,0.8002429999999999,0.50088209,2.755810053758909
2026-05-18 10:24:59.176229,0.4005832,0.08001457999999999,0.8000729,0.500264627,2.755810053758909
2026-05-18 10:25:00.179099,0.4005832,0.08001457999999999,0.8000729,0.500264627,2.755810053758909
2026-05-18 10:25:01.179357,0.4005832,0.08001457999999999,0.8000729,0.500264627,2.755810053758909
2026-05-18 10:25:02.232648,0.4005832,0.08001457999999999,0.8000729,0.500264627,2.755810053758909
2026-05-18 10:25:03.232657,0.4005832,0.08001457999999999,0.8000729,0.500264627,2.755810053758909
2026-05-18 10:25:04.251679,0.4005832,0.08001457999999999,0.8000729,0.500264627,2.755810053758909
2026-05-18 10:25:05.251679,0.4005832,0.08001457999999999,0.8000729,0.500264627,2.755810053758909
2026-05-18 10:25:06.251679,0.4005832,0.08001457999999999,0.8000729,0.500264627,2.755810053758909
2026-05-18 10:25:07.251679,0.4005832,0.08001457999999999,0.8000729,0.500264627,2.755810053758909
2026-05-18 10:25:08.251683,0.4005832,0.08001457999999999,0.8000729,0.500264627,2.755810053758909
2026-05-18 10:25:09.251694,0.4005832,0.08001457999999999,0.8000729,0.500264627,2.755810053758909
2026-05-18 10:25:10.251694,0.40017495999999997,0.08000437399999999,0.8000218699999999,0.5000793881,2.755810053758909
2026-05-18 10:25:11.251694,0.40017495999999997,0.08000437399999999,0.8000218699999999,0.5000793881,2.755810053758909
2026-05-18 10:25:12.251694,0.40017495999999997,0.08000437399999999,0.8000218699999999,0.5000793881,2.755810053758909
2026-05-18 10:25:13.251694,0.40017495999999997,0.08000437399999999,0.8000218699999999,0.5000793881,2.755810053758909
2026-05-18 10:25:14.264995,0.40017495999999997,0.08000437399999999,0.8000218699999999,0.5000793881,2.755810053758909
2026-05-18 10:25:15.274184,0.40017495999999997,0.08000437399999999,0.8000218699999999,0.5000793881,2.755810053758909
2026-05-18 10:25:16.275581,0.40017495999999997,0.08000437399999999,0.8000218699999999,0.5000793881,2.755810053758909
2026-05-18 10:25:17.275598,0.40017495999999997,0.08000437399999999,0.8000218699999999,0.5000793881,2.755810053758909
2026-05-18 10:25:18.275598,0.40017495999999997,0.08000437399999999,0.8000218699999999,0.5000793881,2.755810053758909
2026-05-18 10:25:19.275598,0.40017495999999997,0.08000437399999999,0.8000218699999999,0.5000793881,2.755810053758909
2026-05-18 10:25:20.275598,0.40005248799999993,0.0800013122,0.8000065609999999,0.5000238164299999,2.815986172794247
2026-05-18 10:25:21.275598,0.40005248799999993,0.0800013122,0.8000065609999999,0.5000238164299999,2.815986172794247
2026-05-18 10:25:22.275598,0.40005248799999993,0.0800013122,0.8000065609999999,0.5000238164299999,2.815986172794247
2026-05-18 10:25:23.275598,0.40005248799999993,0.0800013122,0.8000065609999999,0.5000238164299999,2.815986172794247
2026-05-18 10:25:24.275601,0.40005248799999993,0.0800013122,0.8000065609999999,0.5000238164299999,2.815986172794247
2026-05-18 10:25:25.275663,0.40005248799999993,0.0800013122,0.8000065609999999,0.5000238164299999,2.815986172794247
2026-05-18 10:25:26.282418,0.40005248799999993,0.0800013122,0.8000065609999999,0.5000238164299999,2.815986172794247
2026-05-18 10:25:27.282572,0.40005248799999993,0.0800013122,0.8000065609999999,0.5000238164299999,2.815986172794247
2026-05-18 10:25:28.282572,0.40005248799999993,0.0800013122,0.8000065609999999,0.5000238164299999,2.815986172794247
2026-05-18 10:25:29.282605,0.40005248799999993,0.0800013122,0.8000065609999999,0.5000238164299999,2.815986172794247
2026-05-18 10:25:30.282605,0.4000157463999999,0.08000039365999999,0.8000019682999999,0.500007144929,2.696003238271784
2026-05-18 10:25:31.282806,0.4000157463999999,0.08000039365999999,0.8000019682999999,0.500007144929,2.696003238271784
2026-05-18 10:25:32.282818,0.4000157463999999,0.08000039365999999,0.8000019682999999,0.500007144929,2.696003238271784
2026-05-18 10:25:33.282818,0.4000157463999999,0.08000039365999999,0.8000019682999999,0.500007144929,2.696003238271784
2026-05-18 10:25:34.282818,0.4000157463999999,0.08000039365999999,0.8000019682999999,0.500007144929,2.696003238271784
2026-05-18 10:25:35.282818,0.4000157463999999,0.08000039365999999,0.8000019682999999,0.500007144929,2.696003238271784
2026-05-18 10:25:36.297729,0.4000157463999999,0.08000039365999999,0.8000019682999999,0.500007144929,2.696003238271784
2026-05-18 10:25:37.297729,0.4000157463999999,0.08000039365999999,0.8000019682999999,0.500007144929,2.696003238271784
2026-05-18 10:25:38.297729,0.4000157463999999,0.08000039365999999,0.8000019682999999,0.500007144929,2.696003238271784
2026-05-18 10:25:39.297734,0.4000157463999999,0.08000039365999999,0.8000019682999999,0.500007144929,2.696003238271784
2026-05-18 10:25:40.297746,0.4000157463999999,0.08000039365999999,0.8000019682999999,0.500007144929,2.696003238271784
2026-05-18 10:25:41.298844,0.40000472391999997,0.08000011809799999,0.8000005904899999,0.5000021434787,2.653815279284852
2026-05-18 10:25:42.298845,0.40000472391999997,0.08000011809799999,0.8000005904899999,0.5000021434787,2.653815279284852
2026-05-18 10:25:43.298845,0.40000472391999997,0.08000011809799999,0.8000005904899999,0.5000021434787,2.653815279284852
2026-05-18 10:25:44.307097,0.40000472391999997,0.08000011809799999,0.8000005904899999,0.5000021434787,2.653815279284852
2026-05-18 10:25:45.310686,0.40000472391999997,0.08000011809799999,0.8000005904899999,0.5000021434787,2.653815279284852
2026-05-18 10:25:46.310686,0.40000472391999997,0.08000011809799999,0.8000005904899999,0.5000021434787,2.653815279284852
2026-05-18 10:25:47.310686,0.40000472391999997,0.08000011809799999,0.8000005904899999,0.5000021434787,2.653815279284852
2026-05-18 10:25:48.310738,0.40000472391999997,0.08000011809799999,0.8000005904899999,0.5000021434787,2.653815279284852
2026-05-18 10:25:49.314248,0.40000472391999997,0.08000011809799999,0.8000005904899999,0.5000021434787,2.653815279284852
2026-05-18 10:25:50.314248,0.40000472391999997,0.08000011809799999,0.8000005904899999,0.5000021434787,2.653815279284852
2026-05-18 10:25:51.314248,0.40000141717599996,0.08000003542939998,0.8000001771469999,0.5000006430436099,2.653815279284852
2026-05-18 10:25:52.314248,0.40000141717599996,0.08000003542939998,0.8000001771469999,0.5000006430436099,2.653815279284852
2026-05-18 10:25:53.319315,0.40000141717599996,0.08000003542939998,0.8000001771469999,0.5000006430436099,2.653815279284852
2026-05-18 10:25:54.319315,0.40000141717599996,0.08000003542939998,0.8000001771469999,0.5000006430436099,2.653815279284852
2026-05-18 10:25:55.320597,0.40000141717599996,0.08000003542939998,0.8000001771469999,0.5000006430436099,2.653815279284852
2026-05-18 10:25:56.323172,0.40000141717599996,0.08000003542939998,0.8000001771469999,0.5000006430436099,2.653815279284852
2026-05-18 10:25:57.323172,0.40000141717599996,0.08000003542939998,0.8000001771469999,0.5000006430436099,2.653815279284852
2026-05-18 10:25:58.323190,0.40000141717599996,0.08000003542939998,0.8000001771469999,0.5000006430436099,2.653815279284852
2026-05-18 10:25:59.323483,0.40000141717599996,0.08000003542939998,0.8000001771469999,0.5000006430436099,2.653815279284852
2026-05-18 10:26:00.323483,0.40000141717599996,0.08000003542939998,0.8000001771469999,0.5000006430436099,2.653815279284852
2026-05-18 10:26:01.323483,0.4000004251528,0.08000001062881999,0.8000000531440998,0.500000192913083,2.653815279284852
2026-05-18 10:26:02.325264,0.4000004251528,0.08000001062881999,0.8000000531440998,0.500000192913083,2.653815279284852
2026-05-18 10:26:03.325290,0.4000004251528,0.08000001062881999,0.8000000531440998,0.500000192913083,2.653815279284852
2026-05-18 10:26:04.325394,0.4000004251528,0.08000001062881999,0.8000000531440998,0.500000192913083,2.653815279284852
2026-05-18 10:26:05.364651,0.4000004251528,0.08000001062881999,0.8000000531440998,0.500000192913083,2.653815279284852
2026-05-18 10:26:06.364651,0.4000004251528,0.08000001062881999,0.8000000531440998,0.500000192913083,2.653815279284852
2026-05-18 10:26:07.364651,0.4000004251528,0.08000001062881999,0.8000000531440998,0.500000192913083,2.653815279284852
2026-05-18 10:26:08.364651,0.4000004251528,0.08000001062881999,0.8000000531440998,0.500000192913083,2.653815279284852
2026-05-18 10:26:09.366312,0.4000004251528,0.08000001062881999,0.8000000531440998,0.500000192913083,2.653815279284852
2026-05-18 10:26:10.366321,0.4000004251528,0.08000001062881999,0.8000000531440998,0.500000192913083,2.653815279284852
2026-05-18 10:26:11.366339,0.4000004251528,0.08000001062881999,0.8000000531440998,0.500000192913083,2.653815279284852
2026-05-18 10:26:12.367156,0.40000012754583997,0.08000000318864599,0.8000000159432299,0.5000000578739249,2.653815279284852
2026-05-18 10:26:13.367156,0.40000012754583997,0.08000000318864599,0.8000000159432299,0.5000000578739249,2.653815279284852
2026-05-18 10:26:14.371852,0.40000012754583997,0.08000000318864599,0.8000000159432299,0.5000000578739249,2.653815279284852
2026-05-18 10:26:15.371852,0.40000012754583997,0.08000000318864599,0.8000000159432299,0.5000000578739249,2.653815279284852
2026-05-18 10:26:16.371856,0.40000012754583997,0.08000000318864599,0.8000000159432299,0.5000000578739249,2.653815279284852
2026-05-18 10:26:17.371856,0.40000012754583997,0.08000000318864599,0.8000000159432299,0.5000000578739249,2.653815279284852
2026-05-18 10:26:18.371856,0.40000012754583997,0.08000000318864599,0.8000000159432299,0.5000000578739249,2.653815279284852
2026-05-18 10:26:19.371939,0.40000012754583997,0.08000000318864599,0.8000000159432299,0.5000000578739249,2.653815279284852
2026-05-18 10:26:20.371939,0.40000012754583997,0.08000000318864599,0.8000000159432299,0.5000000578739249,2.653815279284852
2026-05-18 10:26:21.372473,0.40000012754583997,0.08000000318864599,0.8000000159432299,0.5000000578739249,2.653815279284852
2026-05-18 10:26:22.372473,0.40000012754583997,0.08000000318864599,0.8000000159432299,0.5000000578739249,2.653815279284852
2026-05-18 10:48:53.132840,1.2,0.1,0.9,0.863,10000
2026-05-18 10:48:54.132974,1.2,0.1,0.9,0.863,10000
2026-05-18 10:48:55.143230,1.2,0.1,0.9,0.863,10000
2026-05-18 10:48:56.143436,1.2,0.1,0.9,0.863,10000
2026-05-18 10:48:57.143436,1.2,0.1,0.9,0.863,10000
2026-05-18 10:48:58.143493,1.2,0.1,0.9,0.863,10000
2026-05-18 10:48:59.143493,1.2,0.1,0.9,0.863,10000
2026-05-18 10:49:00.143757,1.2,0.1,0.9,0.863,10000
2026-05-18 10:49:01.144563,1.2,0.1,0.9,0.863,10000
2026-05-18 10:49:02.156381,0.6399999999999999,0.086,0.83,0.6089,2.653815279284852
2026-05-18 10:49:03.156381,0.6399999999999999,0.086,0.83,0.6089,2.653815279284852
2026-05-18 10:49:04.158320,0.6399999999999999,0.086,0.83,0.6089,2.653815279284852
2026-05-18 10:49:05.158356,0.6399999999999999,0.086,0.83,0.6089,2.653815279284852
2026-05-18 10:49:06.158356,0.6399999999999999,0.086,0.83,0.6089,2.653815279284852
2026-05-18 10:49:07.158356,0.6399999999999999,0.086,0.83,0.6089,2.653815279284852
2026-05-18 10:49:08.159524,0.6399999999999999,0.086,0.83,0.6089,2.653815279284852
2026-05-18 10:49:09.159524,0.6399999999999999,0.086,0.83,0.6089,2.653815279284852
2026-05-18 10:49:10.159524,0.6399999999999999,0.086,0.83,0.6089,2.653815279284852
2026-05-18 10:49:11.159524,0.6399999999999999,0.086,0.83,0.6089,2.653815279284852
2026-05-18 10:49:12.159553,0.6399999999999999,0.086,0.83,0.6089,2.653815279284852
2026-05-18 10:49:13.159602,0.472,0.08179999999999998,0.8089999999999999,0.53267,2.653815279284852
2026-05-18 10:49:14.161589,0.472,0.08179999999999998,0.8089999999999999,0.53267,2.653815279284852
2026-05-18 10:49:15.165043,0.472,0.08179999999999998,0.8089999999999999,0.53267,2.653815279284852
2026-05-18 10:49:16.166213,0.472,0.08179999999999998,0.8089999999999999,0.53267,2.653815279284852
2026-05-18 10:49:17.166217,0.472,0.08179999999999998,0.8089999999999999,0.53267,2.653815279284852
2026-05-18 10:49:18.166226,0.472,0.08179999999999998,0.8089999999999999,0.53267,2.653815279284852
2026-05-18 10:49:19.168600,0.472,0.08179999999999998,0.8089999999999999,0.53267,2.653815279284852
2026-05-18 10:49:20.168600,0.472,0.08179999999999998,0.8089999999999999,0.53267,2.653815279284852
2026-05-18 10:49:21.168600,0.472,0.08179999999999998,0.8089999999999999,0.53267,2.653815279284852
2026-05-18 10:49:22.168600,0.472,0.08179999999999998,0.8089999999999999,0.53267,2.653815279284852
2026-05-18 10:49:23.168600,0.4216,0.08053999999999999,0.8027,0.509801,2.653815279284852
2026-05-18 10:49:24.168601,0.4216,0.08053999999999999,0.8027,0.509801,2.653815279284852
2026-05-18 10:49:25.168601,0.4216,0.08053999999999999,0.8027,0.509801,2.653815279284852
2026-05-18 10:49:26.169213,0.4216,0.08053999999999999,0.8027,0.509801,2.653815279284852
2026-05-18 10:49:27.169213,0.4216,0.08053999999999999,0.8027,0.509801,2.653815279284852
2026-05-18 10:49:28.171620,0.4216,0.08053999999999999,0.8027,0.509801,2.653815279284852
2026-05-18 10:49:29.171620,0.4216,0.08053999999999999,0.8027,0.509801,2.653815279284852
2026-05-18 10:49:30.171622,0.4216,0.08053999999999999,0.8027,0.509801,2.653815279284852
2026-05-18 10:49:31.175016,0.4216,0.08053999999999999,0.8027,0.509801,2.653815279284852
2026-05-18 10:49:32.175016,0.4216,0.08053999999999999,0.8027,0.509801,2.653815279284852
2026-05-18 10:49:33.175016,0.4216,0.08053999999999999,0.8027,0.509801,2.653815279284852
2026-05-18 10:49:34.177912,0.40647999999999995,0.08016199999999998,0.8008099999999999,0.5029402999999999,2.653815279284852
2026-05-18 10:49:35.177912,0.40647999999999995,0.08016199999999998,0.8008099999999999,0.5029402999999999,2.653815279284852
2026-05-18 10:49:36.177912,0.40647999999999995,0.08016199999999998,0.8008099999999999,0.5029402999999999,2.653815279284852
2026-05-18 10:49:37.177912,0.40647999999999995,0.08016199999999998,0.8008099999999999,0.5029402999999999,2.653815279284852
2026-05-18 10:49:38.177915,0.40647999999999995,0.08016199999999998,0.8008099999999999,0.5029402999999999,2.653815279284852
2026-05-18 10:49:39.177915,0.40647999999999995,0.08016199999999998,0.8008099999999999,0.5029402999999999,2.653815279284852
2026-05-18 10:49:40.178044,0.40647999999999995,0.08016199999999998,0.8008099999999999,0.5029402999999999,2.653815279284852
2026-05-18 10:49:41.178101,0.40647999999999995,0.08016199999999998,0.8008099999999999,0.5029402999999999,2.653815279284852
2026-05-18 10:49:42.178101,0.40647999999999995,0.08016199999999998,0.8008099999999999,0.5029402999999999,2.653815279284852
2026-05-18 10:49:43.178101,0.40647999999999995,0.08016199999999998,0.8008099999999999,0.5029402999999999,2.653815279284852
2026-05-18 10:49:44.182250,0.40194399999999997,0.08004859999999998,0.8002429999999999,0.50088209,2.653815279284852
2026-05-18 10:49:45.182250,0.40194399999999997,0.08004859999999998,0.8002429999999999,0.50088209,2.653815279284852
2026-05-18 10:49:46.182250,0.40194399999999997,0.08004859999999998,0.8002429999999999,0.50088209,2.653815279284852
2026-05-18 10:49:47.182250,0.40194399999999997,0.08004859999999998,0.8002429999999999,0.50088209,2.653815279284852
2026-05-18 10:49:48.182345,0.40194399999999997,0.08004859999999998,0.8002429999999999,0.50088209,2.653815279284852
2026-05-18 10:49:49.182353,0.40194399999999997,0.08004859999999998,0.8002429999999999,0.50088209,2.653815279284852
2026-05-18 10:49:50.182353,0.40194399999999997,0.08004859999999998,0.8002429999999999,0.50088209,2.653815279284852
2026-05-18 10:49:51.182353,0.40194399999999997,0.08004859999999998,0.8002429999999999,0.50088209,2.653815279284852
2026-05-18 10:49:52.182475,0.40194399999999997,0.08004859999999998,0.8002429999999999,0.50088209,2.653815279284852
2026-05-18 10:49:53.182475,0.40194399999999997,0.08004859999999998,0.8002429999999999,0.50088209,2.653815279284852
2026-05-18 10:49:54.182475,0.4005832,0.08001457999999999,0.8000729,0.500264627,2.653815279284852
2026-05-18 10:49:55.182685,0.4005832,0.08001457999999999,0.8000729,0.500264627,2.653815279284852
2026-05-18 10:49:56.182750,0.4005832,0.08001457999999999,0.8000729,0.500264627,2.653815279284852
2026-05-18 10:49:57.182750,0.4005832,0.08001457999999999,0.8000729,0.500264627,2.653815279284852
2026-05-18 10:49:58.182758,0.4005832,0.08001457999999999,0.8000729,0.500264627,2.653815279284852
2026-05-18 10:49:59.183353,0.4005832,0.08001457999999999,0.8000729,0.500264627,2.653815279284852
2026-05-18 10:50:00.183353,0.4005832,0.08001457999999999,0.8000729,0.500264627,2.653815279284852
2026-05-18 10:50:01.183362,0.4005832,0.08001457999999999,0.8000729,0.500264627,2.653815279284852
2026-05-18 10:50:02.183362,0.4005832,0.08001457999999999,0.8000729,0.500264627,2.653815279284852
2026-05-18 10:50:03.183362,0.4005832,0.08001457999999999,0.8000729,0.500264627,2.653815279284852
2026-05-18 10:50:04.183362,0.4005832,0.08001457999999999,0.8000729,0.500264627,2.653815279284852
2026-05-18 10:50:05.183362,0.40017495999999997,0.08000437399999999,0.8000218699999999,0.5000793881,2.653815279284852
2026-05-18 10:50:06.183592,0.40017495999999997,0.08000437399999999,0.8000218699999999,0.5000793881,2.653815279284852
2026-05-18 10:50:07.183592,0.40017495999999997,0.08000437399999999,0.8000218699999999,0.5000793881,2.653815279284852
2026-05-18 10:50:08.183592,0.40017495999999997,0.08000437399999999,0.8000218699999999,0.5000793881,2.653815279284852
2026-05-18 10:50:09.183592,0.40017495999999997,0.08000437399999999,0.8000218699999999,0.5000793881,2.653815279284852
2026-05-18 10:50:10.183621,0.40017495999999997,0.08000437399999999,0.8000218699999999,0.5000793881,2.653815279284852
2026-05-18 10:50:11.183621,0.40017495999999997,0.08000437399999999,0.8000218699999999,0.5000793881,2.653815279284852
2026-05-18 10:50:12.183621,0.40017495999999997,0.08000437399999999,0.8000218699999999,0.5000793881,2.653815279284852
2026-05-18 10:50:13.183621,0.40017495999999997,0.08000437399999999,0.8000218699999999,0.5000793881,2.653815279284852
2026-05-18 10:50:14.186740,0.40017495999999997,0.08000437399999999,0.8000218699999999,0.5000793881,2.653815279284852
2026-05-18 10:50:15.186740,0.40017495999999997,0.08000437399999999,0.8000218699999999,0.5000793881,2.653815279284852
2026-05-18 10:50:16.186840,0.40005248799999993,0.0800013122,0.8000065609999999,0.5000238164299999,2.653815279284852
2026-05-18 10:50:17.186840,0.40005248799999993,0.0800013122,0.8000065609999999,0.5000238164299999,2.653815279284852
2026-05-18 10:50:18.186851,0.40005248799999993,0.0800013122,0.8000065609999999,0.5000238164299999,2.653815279284852
2026-05-18 10:50:19.186851,0.40005248799999993,0.0800013122,0.8000065609999999,0.5000238164299999,2.653815279284852
2026-05-18 10:50:20.187319,0.40005248799999993,0.0800013122,0.8000065609999999,0.5000238164299999,2.653815279284852
2026-05-18 10:50:21.187319,0.40005248799999993,0.0800013122,0.8000065609999999,0.5000238164299999,2.653815279284852
2026-05-18 10:50:22.187319,0.40005248799999993,0.0800013122,0.8000065609999999,0.5000238164299999,2.653815279284852
2026-05-18 10:50:23.187803,0.40005248799999993,0.0800013122,0.8000065609999999,0.5000238164299999,2.653815279284852
2026-05-18 10:50:24.187803,0.40005248799999993,0.0800013122,0.8000065609999999,0.5000238164299999,2.653815279284852
2026-05-18 10:50:25.187803,0.40005248799999993,0.0800013122,0.8000065609999999,0.5000238164299999,2.653815279284852
2026-05-18 10:50:26.191396,0.4000157463999999,0.08000039365999999,0.8000019682999999,0.500007144929,2.653815279284852
2026-05-18 10:50:27.191401,0.4000157463999999,0.08000039365999999,0.8000019682999999,0.500007144929,2.653815279284852
2026-05-18 10:50:28.191414,0.4000157463999999,0.08000039365999999,0.8000019682999999,0.500007144929,2.653815279284852
2026-05-18 10:50:29.223287,0.4000157463999999,0.08000039365999999,0.8000019682999999,0.500007144929,2.653815279284852
2026-05-18 10:50:30.223353,0.4000157463999999,0.08000039365999999,0.8000019682999999,0.500007144929,2.653815279284852
2026-05-18 10:50:31.223353,0.4000157463999999,0.08000039365999999,0.8000019682999999,0.500007144929,2.653815279284852
2026-05-18 10:50:32.223353,0.4000157463999999,0.08000039365999999,0.8000019682999999,0.500007144929,2.653815279284852
2026-05-18 10:50:33.223353,0.4000157463999999,0.08000039365999999,0.8000019682999999,0.500007144929,2.653815279284852
2026-05-18 10:50:34.223373,0.4000157463999999,0.08000039365999999,0.8000019682999999,0.500007144929,2.653815279284852
2026-05-18 10:50:35.223373,0.4000157463999999,0.08000039365999999,0.8000019682999999,0.500007144929,2.653815279284852
2026-05-18 10:50:36.232415,0.40000472391999997,0.08000011809799999,0.8000005904899999,0.5000021434787,2.653815279284852
2026-05-18 10:50:37.295053,0.40000472391999997,0.08000011809799999,0.8000005904899999,0.5000021434787,2.653815279284852
2026-05-18 10:50:38.295053,0.40000472391999997,0.08000011809799999,0.8000005904899999,0.5000021434787,2.653815279284852
2026-05-18 10:50:39.295393,0.40000472391999997,0.08000011809799999,0.8000005904899999,0.5000021434787,2.653815279284852
2026-05-18 10:50:40.295393,0.40000472391999997,0.08000011809799999,0.8000005904899999,0.5000021434787,2.653815279284852
2026-05-18 10:50:41.295393,0.40000472391999997,0.08000011809799999,0.8000005904899999,0.5000021434787,2.653815279284852
2026-05-18 10:50:42.295393,0.40000472391999997,0.08000011809799999,0.8000005904899999,0.5000021434787,2.653815279284852
2026-05-18 10:50:43.295393,0.40000472391999997,0.08000011809799999,0.8000005904899999,0.5000021434787,2.653815279284852
2026-05-18 10:50:44.295393,0.40000472391999997,0.08000011809799999,0.8000005904899999,0.5000021434787,2.653815279284852
2026-05-18 10:50:45.295393,0.40000472391999997,0.08000011809799999,0.8000005904899999,0.5000021434787,2.653815279284852
2026-05-18 10:50:46.299368,0.40000141717599996,0.08000003542939998,0.8000001771469999,0.5000006430436099,2.653815279284852
2026-05-18 10:50:47.299753,0.40000141717599996,0.08000003542939998,0.8000001771469999,0.5000006430436099,2.653815279284852
2026-05-18 10:50:48.299753,0.40000141717599996,0.08000003542939998,0.8000001771469999,0.5000006430436099,2.653815279284852
2026-05-18 10:50:49.299753,0.40000141717599996,0.08000003542939998,0.8000001771469999,0.5000006430436099,2.653815279284852
2026-05-18 10:50:50.299753,0.40000141717599996,0.08000003542939998,0.8000001771469999,0.5000006430436099,2.653815279284852
2026-05-18 10:50:51.299753,0.40000141717599996,0.08000003542939998,0.8000001771469999,0.5000006430436099,2.653815279284852
2026-05-18 10:50:52.299753,0.40000141717599996,0.08000003542939998,0.8000001771469999,0.5000006430436099,2.653815279284852
2026-05-18 10:50:53.299753,0.40000141717599996,0.08000003542939998,0.8000001771469999,0.5000006430436099,2.653815279284852
2026-05-18 10:50:54.299753,0.40000141717599996,0.08000003542939998,0.8000001771469999,0.5000006430436099,2.653815279284852
2026-05-18 10:50:55.299753,0.40000141717599996,0.08000003542939998,0.8000001771469999,0.5000006430436099,2.653815279284852
2026-05-18 10:50:56.300329,0.4000004251528,0.08000001062881999,0.8000000531440998,0.500000192913083,2.653815279284852
2026-05-18 10:50:57.300329,0.4000004251528,0.08000001062881999,0.8000000531440998,0.500000192913083,2.653815279284852
2026-05-18 10:50:58.300447,0.4000004251528,0.08000001062881999,0.8000000531440998,0.500000192913083,2.653815279284852
2026-05-18 10:50:59.300447,0.4000004251528,0.08000001062881999,0.8000000531440998,0.500000192913083,2.653815279284852
2026-05-18 10:51:00.303086,0.4000004251528,0.08000001062881999,0.8000000531440998,0.500000192913083,2.653815279284852
2026-05-18 10:51:01.303086,0.4000004251528,0.08000001062881999,0.8000000531440998,0.500000192913083,2.653815279284852
2026-05-18 10:51:02.304411,0.4000004251528,0.08000001062881999,0.8000000531440998,0.500000192913083,2.653815279284852
2026-05-18 10:51:03.304411,0.4000004251528,0.08000001062881999,0.8000000531440998,0.500000192913083,2.653815279284852
2026-05-18 10:51:04.304411,0.4000004251528,0.08000001062881999,0.8000000531440998,0.500000192913083,2.653815279284852
2026-05-18 10:51:05.304411,0.4000004251528,0.08000001062881999,0.8000000531440998,0.500000192913083,2.653815279284852
2026-05-18 10:51:06.304411,0.40000012754583997,0.08000000318864599,0.8000000159432299,0.5000000578739249,2.653815279284852
2026-05-18 10:51:07.304428,0.40000012754583997,0.08000000318864599,0.8000000159432299,0.5000000578739249,2.653815279284852
2026-05-18 10:51:08.304428,0.40000012754583997,0.08000000318864599,0.8000000159432299,0.5000000578739249,2.653815279284852
2026-05-18 10:51:09.304428,0.40000012754583997,0.08000000318864599,0.8000000159432299,0.5000000578739249,2.653815279284852
2026-05-18 10:51:10.304428,0.40000012754583997,0.08000000318864599,0.8000000159432299,0.5000000578739249,2.653815279284852
2026-05-18 10:51:11.304428,0.40000012754583997,0.08000000318864599,0.8000000159432299,0.5000000578739249,2.653815279284852
2026-05-18 10:51:12.304431,0.40000012754583997,0.08000000318864599,0.8000000159432299,0.5000000578739249,2.653815279284852
2026-05-18 10:51:13.304442,0.40000012754583997,0.08000000318864599,0.8000000159432299,0.5000000578739249,2.653815279284852
2026-05-18 10:51:14.304442,0.40000012754583997,0.08000000318864599,0.8000000159432299,0.5000000578739249,2.653815279284852
2026-05-18 10:51:15.304442,0.40000012754583997,0.08000000318864599,0.8000000159432299,0.5000000578739249,2.653815279284852
2026-05-18 10:51:16.304488,0.40000012754583997,0.08000000318864599,0.8000000159432299,0.5000000578739249,2.653815279284852
2026-05-18 10:51:17.304488,0.40000003826375197,0.08000000095659379,0.800000004782969,0.5000000173621775,2.653815279284852
2026-05-18 10:51:18.305276,0.40000003826375197,0.08000000095659379,0.800000004782969,0.5000000173621775,2.653815279284852
2026-05-18 10:51:19.305276,0.40000003826375197,0.08000000095659379,0.800000004782969,0.5000000173621775,2.653815279284852
2026-05-18 10:51:20.305388,0.40000003826375197,0.08000000095659379,0.800000004782969,0.5000000173621775,2.653815279284852
2026-05-18 10:51:21.305388,0.40000003826375197,0.08000000095659379,0.800000004782969,0.5000000173621775,2.653815279284852
2026-05-18 10:51:22.305388,0.40000003826375197,0.08000000095659379,0.800000004782969,0.5000000173621775,2.653815279284852
2026-05-18 10:51:23.305474,0.40000003826375197,0.08000000095659379,0.800000004782969,0.5000000173621775,2.653815279284852
2026-05-18 10:51:24.305476,0.40000003826375197,0.08000000095659379,0.800000004782969,0.5000000173621775,2.653815279284852
2026-05-18 10:51:25.305476,0.40000003826375197,0.08000000095659379,0.800000004782969,0.5000000173621775,2.653815279284852
2026-05-18 10:51:26.305476,0.40000003826375197,0.08000000095659379,0.800000004782969,0.5000000173621775,2.653815279284852
2026-05-18 10:51:27.306831,0.40000003826375197,0.08000000095659379,0.800000004782969,0.5000000173621775,2.653815279284852
2026-05-18 10:51:28.306831,0.40000001147912556,0.08000000028697812,0.8000000014348906,0.5000000052086532,2.653815279284852
2026-05-18 10:51:29.306927,0.40000001147912556,0.08000000028697812,0.8000000014348906,0.5000000052086532,2.653815279284852
2026-05-18 10:51:30.336933,0.40000001147912556,0.08000000028697812,0.8000000014348906,0.5000000052086532,2.653815279284852
2026-05-18 10:51:31.336933,0.40000001147912556,0.08000000028697812,0.8000000014348906,0.5000000052086532,2.653815279284852
2026-05-18 10:51:32.338558,0.40000001147912556,0.08000000028697812,0.8000000014348906,0.5000000052086532,2.653815279284852
2026-05-18 10:51:33.338581,0.40000001147912556,0.08000000028697812,0.8000000014348906,0.5000000052086532,2.653815279284852
2026-05-18 10:51:34.338700,0.40000001147912556,0.08000000028697812,0.8000000014348906,0.5000000052086532,2.653815279284852
2026-05-18 10:51:35.338702,0.40000001147912556,0.08000000028697812,0.8000000014348906,0.5000000052086532,2.653815279284852
2026-05-18 10:51:36.338703,0.40000001147912556,0.08000000028697812,0.8000000014348906,0.5000000052086532,2.653815279284852
2026-05-18 10:51:37.338703,0.40000001147912556,0.08000000028697812,0.8000000014348906,0.5000000052086532,2.653815279284852
2026-05-18 10:51:38.338703,0.40000000344373765,0.08000000008609343,0.800000000430467,0.5000000015625959,2.653815279284852
2026-05-18 10:51:39.341461,0.40000000344373765,0.08000000008609343,0.800000000430467,0.5000000015625959,2.653815279284852
2026-05-18 10:51:40.341461,0.40000000344373765,0.08000000008609343,0.800000000430467,0.5000000015625959,2.653815279284852
2026-05-18 10:51:41.341814,0.40000000344373765,0.08000000008609343,0.800000000430467,0.5000000015625959,2.653815279284852
2026-05-18 10:51:42.341814,0.40000000344373765,0.08000000008609343,0.800000000430467,0.5000000015625959,2.653815279284852
2026-05-18 10:51:43.341902,0.40000000344373765,0.08000000008609343,0.800000000430467,0.5000000015625959,2.653815279284852
2026-05-18 10:51:44.343278,0.40000000344373765,0.08000000008609343,0.800000000430467,0.5000000015625959,2.653815279284852
2026-05-18 10:51:45.343278,0.40000000344373765,0.08000000008609343,0.800000000430467,0.5000000015625959,2.653815279284852
2026-05-18 10:51:46.343278,0.40000000344373765,0.08000000008609343,0.800000000430467,0.5000000015625959,2.653815279284852
2026-05-18 10:51:47.343278,0.40000000344373765,0.08000000008609343,0.800000000430467,0.5000000015625959,2.653815279284852
2026-05-18 10:51:56.363141,1.2,0.1,0.9,0.863,10000
2026-05-18 10:51:57.363141,1.2,0.1,0.9,0.863,10000
2026-05-18 10:51:58.363141,1.2,0.1,0.9,0.863,10000
2026-05-18 10:51:59.363141,1.2,0.1,0.9,0.863,10000
2026-05-18 10:52:00.363354,1.2,0.1,0.9,0.863,10000
2026-05-18 10:52:01.363354,1.2,0.1,0.9,0.863,10000
2026-05-18 10:52:02.363589,1.2,0.1,0.9,0.863,10000
2026-05-18 10:52:03.363589,1.2,0.1,0.9,0.863,10000
2026-05-18 10:52:04.363662,1.2,0.1,0.9,0.863,10000
2026-05-18 10:52:05.363662,0.6399999999999999,0.086,0.83,0.6089,2.653815279284852
2026-05-18 10:52:06.363662,0.6399999999999999,0.086,0.83,0.6089,2.653815279284852
2026-05-18 10:52:07.363662,0.6399999999999999,0.086,0.83,0.6089,2.653815279284852
2026-05-18 10:52:08.374468,0.6399999999999999,0.086,0.83,0.6089,2.653815279284852
2026-05-18 10:52:09.374468,0.6399999999999999,0.086,0.83,0.6089,2.653815279284852
2026-05-18 10:52:10.374468,0.6399999999999999,0.086,0.83,0.6089,2.653815279284852
2026-05-18 10:52:11.374468,0.6399999999999999,0.086,0.83,0.6089,2.653815279284852
2026-05-18 10:52:12.374684,0.6399999999999999,0.086,0.83,0.6089,2.653815279284852
2026-05-18 10:52:13.374684,0.6399999999999999,0.086,0.83,0.6089,2.653815279284852
2026-05-18 10:52:14.374684,0.6399999999999999,0.086,0.83,0.6089,2.653815279284852
2026-05-18 10:52:15.374720,0.472,0.08179999999999998,0.8089999999999999,0.53267,2.653815279284852
2026-05-18 10:52:16.374720,0.472,0.08179999999999998,0.8089999999999999,0.53267,2.653815279284852
2026-05-18 10:52:17.374720,0.472,0.08179999999999998,0.8089999999999999,0.53267,2.653815279284852
2026-05-18 10:52:18.374720,0.472,0.08179999999999998,0.8089999999999999,0.53267,2.653815279284852
2026-05-18 10:52:19.374720,0.472,0.08179999999999998,0.8089999999999999,0.53267,2.653815279284852
2026-05-18 10:52:20.375056,0.472,0.08179999999999998,0.8089999999999999,0.53267,2.653815279284852
2026-05-18 10:52:21.375056,0.472,0.08179999999999998,0.8089999999999999,0.53267,2.653815279284852
2026-05-18 10:52:22.375056,0.472,0.08179999999999998,0.8089999999999999,0.53267,2.653815279284852
2026-05-18 10:52:23.375852,0.472,0.08179999999999998,0.8089999999999999,0.53267,2.653815279284852
2026-05-18 10:52:24.375852,0.472,0.08179999999999998,0.8089999999999999,0.53267,2.653815279284852
2026-05-18 10:52:25.375852,0.4216,0.08053999999999999,0.8027,0.509801,2.653815279284852
2026-05-18 10:52:26.379459,0.4216,0.08053999999999999,0.8027,0.509801,2.653815279284852
2026-05-18 10:52:27.379459,0.4216,0.08053999999999999,0.8027,0.509801,2.653815279284852
2026-05-18 10:52:28.380843,0.4216,0.08053999999999999,0.8027,0.509801,2.653815279284852
2026-05-18 10:52:29.380843,0.4216,0.08053999999999999,0.8027,0.509801,2.653815279284852
2026-05-18 10:52:30.380843,0.4216,0.08053999999999999,0.8027,0.509801,2.653815279284852
2026-05-18 10:52:31.380844,0.4216,0.08053999999999999,0.8027,0.509801,2.653815279284852
2026-05-18 10:52:32.380844,0.4216,0.08053999999999999,0.8027,0.509801,2.653815279284852
2026-05-18 10:52:33.380844,0.4216,0.08053999999999999,0.8027,0.509801,2.653815279284852
2026-05-18 10:52:34.380844,0.4216,0.08053999999999999,0.8027,0.509801,2.653815279284852
2026-05-18 10:52:35.380844,0.4216,0.08053999999999999,0.8027,0.509801,2.653815279284852
2026-05-18 10:52:36.383951,0.40647999999999995,0.08016199999999998,0.8008099999999999,0.5029402999999999,2.653815279284852
2026-05-18 10:52:37.383951,0.40647999999999995,0.08016199999999998,0.8008099999999999,0.5029402999999999,2.653815279284852
2026-05-18 10:52:38.383951,0.40647999999999995,0.08016199999999998,0.8008099999999999,0.5029402999999999,2.653815279284852
2026-05-18 10:52:39.383951,0.40647999999999995,0.08016199999999998,0.8008099999999999,0.5029402999999999,2.653815279284852
2026-05-18 10:52:40.383951,0.40647999999999995,0.08016199999999998,0.8008099999999999,0.5029402999999999,2.653815279284852
2026-05-18 10:52:41.383951,0.40647999999999995,0.08016199999999998,0.8008099999999999,0.5029402999999999,2.653815279284852
2026-05-18 10:52:42.383951,0.40647999999999995,0.08016199999999998,0.8008099999999999,0.5029402999999999,2.653815279284852
2026-05-18 10:52:43.383988,0.40647999999999995,0.08016199999999998,0.8008099999999999,0.5029402999999999,2.653815279284852
2026-05-18 10:52:44.392643,0.40647999999999995,0.08016199999999998,0.8008099999999999,0.5029402999999999,2.653815279284852
2026-05-18 10:52:45.392690,0.40647999999999995,0.08016199999999998,0.8008099999999999,0.5029402999999999,2.653815279284852
2026-05-18 10:52:46.392700,0.40647999999999995,0.08016199999999998,0.8008099999999999,0.5029402999999999,2.653815279284852
2026-05-18 10:52:47.392700,0.40194399999999997,0.08004859999999998,0.8002429999999999,0.50088209,2.653815279284852
2026-05-18 10:52:48.404972,0.40194399999999997,0.08004859999999998,0.8002429999999999,0.50088209,2.653815279284852
2026-05-18 10:52:49.404972,0.40194399999999997,0.08004859999999998,0.8002429999999999,0.50088209,2.653815279284852
2026-05-18 10:52:50.404972,0.40194399999999997,0.08004859999999998,0.8002429999999999,0.50088209,2.653815279284852
2026-05-18 10:52:51.404972,0.40194399999999997,0.08004859999999998,0.8002429999999999,0.50088209,2.653815279284852
2026-05-18 10:52:52.404972,0.40194399999999997,0.08004859999999998,0.8002429999999999,0.50088209,2.653815279284852
2026-05-18 10:52:53.404997,0.40194399999999997,0.08004859999999998,0.8002429999999999,0.50088209,2.653815279284852
2026-05-18 10:52:54.404997,0.40194399999999997,0.08004859999999998,0.8002429999999999,0.50088209,2.653815279284852
2026-05-18 10:52:55.405003,0.40194399999999997,0.08004859999999998,0.8002429999999999,0.50088209,2.653815279284852
2026-05-18 10:52:56.405003,0.40194399999999997,0.08004859999999998,0.8002429999999999,0.50088209,2.653815279284852
2026-05-18 10:52:57.405003,0.4005832,0.08001457999999999,0.8000729,0.500264627,2.653815279284852
2026-05-18 10:52:58.405003,0.4005832,0.08001457999999999,0.8000729,0.500264627,2.653815279284852
2026-05-18 10:52:59.405003,0.4005832,0.08001457999999999,0.8000729,0.500264627,2.653815279284852
2026-05-18 10:53:00.405174,0.4005832,0.08001457999999999,0.8000729,0.500264627,2.653815279284852
2026-05-18 10:53:01.405417,0.4005832,0.08001457999999999,0.8000729,0.500264627,2.653815279284852
2026-05-18 10:53:02.405417,0.4005832,0.08001457999999999,0.8000729,0.500264627,2.653815279284852
2026-05-18 10:53:03.405417,0.4005832,0.08001457999999999,0.8000729,0.500264627,2.653815279284852
2026-05-18 10:53:04.405480,0.4005832,0.08001457999999999,0.8000729,0.500264627,2.653815279284852
2026-05-18 10:53:05.405480,0.4005832,0.08001457999999999,0.8000729,0.500264627,2.653815279284852
2026-05-18 10:53:06.405480,0.4005832,0.08001457999999999,0.8000729,0.500264627,2.653815279284852
2026-05-18 10:53:07.405480,0.40017495999999997,0.08000437399999999,0.8000218699999999,0.5000793881,2.653815279284852
2026-05-18 10:53:08.405480,0.40017495999999997,0.08000437399999999,0.8000218699999999,0.5000793881,2.653815279284852
2026-05-18 10:53:09.405480,0.40017495999999997,0.08000437399999999,0.8000218699999999,0.5000793881,2.653815279284852
2026-05-18 10:53:10.405480,0.40017495999999997,0.08000437399999999,0.8000218699999999,0.5000793881,2.653815279284852
2026-05-18 10:53:11.406146,0.40017495999999997,0.08000437399999999,0.8000218699999999,0.5000793881,2.653815279284852
2026-05-18 10:53:12.408860,0.40017495999999997,0.08000437399999999,0.8000218699999999,0.5000793881,2.653815279284852
2026-05-18 10:53:13.408871,0.40017495999999997,0.08000437399999999,0.8000218699999999,0.5000793881,2.653815279284852
2026-05-18 10:53:14.408896,0.40017495999999997,0.08000437399999999,0.8000218699999999,0.5000793881,2.653815279284852
2026-05-18 10:53:15.408896,0.40017495999999997,0.08000437399999999,0.8000218699999999,0.5000793881,2.653815279284852
2026-05-18 10:53:16.411914,0.40017495999999997,0.08000437399999999,0.8000218699999999,0.5000793881,2.653815279284852
2026-05-18 10:53:17.411914,0.40017495999999997,0.08000437399999999,0.8000218699999999,0.5000793881,2.653815279284852
2026-05-18 10:53:18.411914,0.40005248799999993,0.0800013122,0.8000065609999999,0.5000238164299999,2.653815279284852
2026-05-18 10:53:19.411914,0.40005248799999993,0.0800013122,0.8000065609999999,0.5000238164299999,2.653815279284852
2026-05-18 10:53:20.411914,0.40005248799999993,0.0800013122,0.8000065609999999,0.5000238164299999,2.653815279284852
2026-05-18 10:53:21.412132,0.40005248799999993,0.0800013122,0.8000065609999999,0.5000238164299999,2.653815279284852
2026-05-18 10:53:22.412132,0.40005248799999993,0.0800013122,0.8000065609999999,0.5000238164299999,2.653815279284852
2026-05-18 10:53:23.412132,0.40005248799999993,0.0800013122,0.8000065609999999,0.5000238164299999,2.653815279284852
2026-05-18 10:53:24.412231,0.40005248799999993,0.0800013122,0.8000065609999999,0.5000238164299999,2.653815279284852
2026-05-18 10:53:25.412231,0.40005248799999993,0.0800013122,0.8000065609999999,0.5000238164299999,2.653815279284852
2026-05-18 10:53:26.412231,0.40005248799999993,0.0800013122,0.8000065609999999,0.5000238164299999,2.653815279284852
2026-05-18 10:53:27.412231,0.40005248799999993,0.0800013122,0.8000065609999999,0.5000238164299999,2.653815279284852
2026-05-18 10:53:28.412233,0.4000157463999999,0.08000039365999999,0.8000019682999999,0.500007144929,2.653815279284852
2026-05-18 10:53:29.412233,0.4000157463999999,0.08000039365999999,0.8000019682999999,0.500007144929,2.653815279284852
2026-05-18 10:53:30.412233,0.4000157463999999,0.08000039365999999,0.8000019682999999,0.500007144929,2.653815279284852
2026-05-18 10:53:31.412233,0.4000157463999999,0.08000039365999999,0.8000019682999999,0.500007144929,2.653815279284852
2026-05-18 10:53:32.412233,0.4000157463999999,0.08000039365999999,0.8000019682999999,0.500007144929,2.653815279284852
2026-05-18 10:53:33.412233,0.4000157463999999,0.08000039365999999,0.8000019682999999,0.500007144929,2.653815279284852
2026-05-18 10:53:34.412237,0.4000157463999999,0.08000039365999999,0.8000019682999999,0.500007144929,2.653815279284852
2026-05-18 10:53:35.412237,0.4000157463999999,0.08000039365999999,0.8000019682999999,0.500007144929,2.653815279284852
2026-05-18 10:53:36.412237,0.4000157463999999,0.08000039365999999,0.8000019682999999,0.500007144929,2.653815279284852
2026-05-18 10:53:37.412237,0.4000157463999999,0.08000039365999999,0.8000019682999999,0.500007144929,2.653815279284852
2026-05-18 10:53:38.412238,0.4000157463999999,0.08000039365999999,0.8000019682999999,0.500007144929,2.653815279284852
2026-05-18 10:53:39.412238,0.40000472391999997,0.08000011809799999,0.8000005904899999,0.5000021434787,2.653815279284852
2026-05-18 10:53:40.412238,0.40000472391999997,0.08000011809799999,0.8000005904899999,0.5000021434787,2.653815279284852
2026-05-18 10:53:41.412238,0.40000472391999997,0.08000011809799999,0.8000005904899999,0.5000021434787,2.653815279284852
2026-05-18 10:53:42.412238,0.40000472391999997,0.08000011809799999,0.8000005904899999,0.5000021434787,2.653815279284852
2026-05-18 10:53:43.412238,0.40000472391999997,0.08000011809799999,0.8000005904899999,0.5000021434787,2.653815279284852
2026-05-18 10:53:44.412238,0.40000472391999997,0.08000011809799999,0.8000005904899999,0.5000021434787,2.653815279284852
2026-05-18 10:53:45.414046,0.40000472391999997,0.08000011809799999,0.8000005904899999,0.5000021434787,2.653815279284852
2026-05-18 10:53:46.414046,0.40000472391999997,0.08000011809799999,0.8000005904899999,0.5000021434787,2.653815279284852
2026-05-18 10:53:47.414046,0.40000472391999997,0.08000011809799999,0.8000005904899999,0.5000021434787,2.653815279284852
2026-05-18 10:53:48.414046,0.40000472391999997,0.08000011809799999,0.8000005904899999,0.5000021434787,2.653815279284852
2026-05-18 10:53:49.414046,0.40000141717599996,0.08000003542939998,0.8000001771469999,0.5000006430436099,2.653815279284852
2026-05-18 10:53:50.422293,0.40000141717599996,0.08000003542939998,0.8000001771469999,0.5000006430436099,2.653815279284852
2026-05-18 10:53:51.422293,0.40000141717599996,0.08000003542939998,0.8000001771469999,0.5000006430436099,2.653815279284852
2026-05-18 10:53:52.422293,0.40000141717599996,0.08000003542939998,0.8000001771469999,0.5000006430436099,2.653815279284852
2026-05-18 10:53:53.422412,0.40000141717599996,0.08000003542939998,0.8000001771469999,0.5000006430436099,2.653815279284852
2026-05-18 10:59:09.715679,1.2,0.1,0.9,0.863,10000
2026-05-18 10:59:10.715721,1.2,0.1,0.9,0.863,10000
2026-05-18 10:59:11.715721,1.2,0.1,0.9,0.863,10000
2026-05-18 10:59:12.715739,1.2,0.1,0.9,0.863,10000
2026-05-18 10:59:13.715739,1.2,0.1,0.9,0.863,10000
2026-05-18 10:59:14.715739,1.2,0.1,0.9,0.863,10000
2026-05-18 10:59:15.715739,1.2,0.1,0.9,0.863,10000
2026-05-18 10:59:16.716027,1.2,0.1,0.9,0.863,10000
2026-05-18 10:59:17.716027,1.2,0.1,0.9,0.863,10000
2026-05-18 10:59:18.716027,0.6399999999999999,0.086,0.83,0.6089,2.653815279284852
2026-05-18 10:59:19.716027,0.6399999999999999,0.086,0.83,0.6089,2.653815279284852
2026-05-18 10:59:20.716041,0.6399999999999999,0.086,0.83,0.6089,2.653815279284852
2026-05-18 10:59:21.716041,0.6399999999999999,0.086,0.83,0.6089,2.653815279284852
2026-05-18 10:59:22.716045,0.6399999999999999,0.086,0.83,0.6089,2.653815279284852
2026-05-18 10:59:23.716048,0.6399999999999999,0.086,0.83,0.6089,2.653815279284852
2026-05-18 10:59:24.716048,0.6399999999999999,0.086,0.83,0.6089,2.653815279284852
2026-05-18 10:59:25.733176,0.6399999999999999,0.086,0.83,0.6089,2.653815279284852
2026-05-18 10:59:26.735594,0.6399999999999999,0.086,0.83,0.6089,2.653815279284852
2026-05-18 10:59:27.735608,0.6399999999999999,0.086,0.83,0.6089,2.653815279284852
2026-05-18 10:59:28.735608,0.6399999999999999,0.086,0.83,0.6089,2.653815279284852
2026-05-18 10:59:29.735608,0.472,0.08179999999999998,0.8089999999999999,0.53267,2.653815279284852
2026-05-18 10:59:30.735611,0.472,0.08179999999999998,0.8089999999999999,0.53267,2.653815279284852
2026-05-18 10:59:31.735611,0.472,0.08179999999999998,0.8089999999999999,0.53267,2.653815279284852
2026-05-18 10:59:32.737538,0.472,0.08179999999999998,0.8089999999999999,0.53267,2.653815279284852
2026-05-18 10:59:33.737538,0.472,0.08179999999999998,0.8089999999999999,0.53267,2.653815279284852
2026-05-18 10:59:34.737538,0.472,0.08179999999999998,0.8089999999999999,0.53267,2.653815279284852
2026-05-18 10:59:35.737538,0.472,0.08179999999999998,0.8089999999999999,0.53267,2.653815279284852
2026-05-18 10:59:36.737538,0.472,0.08179999999999998,0.8089999999999999,0.53267,2.653815279284852
2026-05-18 10:59:37.764405,0.472,0.08179999999999998,0.8089999999999999,0.53267,2.653815279284852
2026-05-18 10:59:38.764405,0.472,0.08179999999999998,0.8089999999999999,0.53267,2.653815279284852
2026-05-18 10:59:39.764897,0.4216,0.08053999999999999,0.8027,0.509801,2.653815279284852
2026-05-18 10:59:40.764897,0.4216,0.08053999999999999,0.8027,0.509801,2.653815279284852
2026-05-18 10:59:41.764897,0.4216,0.08053999999999999,0.8027,0.509801,2.653815279284852
2026-05-18 10:59:42.764897,0.4216,0.08053999999999999,0.8027,0.509801,2.653815279284852
2026-05-18 10:59:43.764897,0.4216,0.08053999999999999,0.8027,0.509801,2.653815279284852
2026-05-18 10:59:44.765886,0.4216,0.08053999999999999,0.8027,0.509801,2.653815279284852
2026-05-18 10:59:45.765886,0.4216,0.08053999999999999,0.8027,0.509801,2.653815279284852
2026-05-18 10:59:46.773303,0.4216,0.08053999999999999,0.8027,0.509801,2.653815279284852
2026-05-18 10:59:47.773303,0.4216,0.08053999999999999,0.8027,0.509801,2.653815279284852
2026-05-18 10:59:48.773303,0.4216,0.08053999999999999,0.8027,0.509801,2.653815279284852
2026-05-18 10:59:49.773303,0.40647999999999995,0.08016199999999998,0.8008099999999999,0.5029402999999999,2.653815279284852
2026-05-18 10:59:50.773303,0.40647999999999995,0.08016199999999998,0.8008099999999999,0.5029402999999999,2.653815279284852
2026-05-18 10:59:51.773304,0.40647999999999995,0.08016199999999998,0.8008099999999999,0.5029402999999999,2.653815279284852
2026-05-18 10:59:52.773364,0.40647999999999995,0.08016199999999998,0.8008099999999999,0.5029402999999999,2.653815279284852
2026-05-18 10:59:53.773364,0.40647999999999995,0.08016199999999998,0.8008099999999999,0.5029402999999999,2.653815279284852
2026-05-18 10:59:54.773372,0.40647999999999995,0.08016199999999998,0.8008099999999999,0.5029402999999999,2.653815279284852
2026-05-18 10:59:55.773372,0.40647999999999995,0.08016199999999998,0.8008099999999999,0.5029402999999999,2.653815279284852
2026-05-18 10:59:56.773372,0.40647999999999995,0.08016199999999998,0.8008099999999999,0.5029402999999999,2.653815279284852
2026-05-18 10:59:57.773372,0.40647999999999995,0.08016199999999998,0.8008099999999999,0.5029402999999999,2.653815279284852
2026-05-18 10:59:58.774692,0.40647999999999995,0.08016199999999998,0.8008099999999999,0.5029402999999999,2.653815279284852
2026-05-18 10:59:59.774732,0.40647999999999995,0.08016199999999998,0.8008099999999999,0.5029402999999999,2.653815279284852
2026-05-18 11:00:00.776683,0.40194399999999997,0.08004859999999998,0.8002429999999999,0.50088209,2.653815279284852
2026-05-18 11:00:01.776829,0.40194399999999997,0.08004859999999998,0.8002429999999999,0.50088209,2.653815279284852
2026-05-18 11:00:02.776829,0.40194399999999997,0.08004859999999998,0.8002429999999999,0.50088209,2.653815279284852
2026-05-18 11:00:03.776829,0.40194399999999997,0.08004859999999998,0.8002429999999999,0.50088209,2.653815279284852
2026-05-18 11:00:04.777012,0.40194399999999997,0.08004859999999998,0.8002429999999999,0.50088209,2.653815279284852
2026-05-18 11:00:05.778258,0.40194399999999997,0.08004859999999998,0.8002429999999999,0.50088209,2.653815279284852
2026-05-18 11:00:06.778258,0.40194399999999997,0.08004859999999998,0.8002429999999999,0.50088209,2.653815279284852
2026-05-18 11:00:07.778258,0.40194399999999997,0.08004859999999998,0.8002429999999999,0.50088209,2.653815279284852
2026-05-18 11:00:08.778258,0.40194399999999997,0.08004859999999998,0.8002429999999999,0.50088209,2.653815279284852
2026-05-18 11:00:09.778263,0.40194399999999997,0.08004859999999998,0.8002429999999999,0.50088209,2.653815279284852
2026-05-18 11:00:10.778274,0.4005832,0.08001457999999999,0.8000729,0.500264627,2.653815279284852
2026-05-18 11:00:11.778295,0.4005832,0.08001457999999999,0.8000729,0.500264627,2.653815279284852
2026-05-18 11:00:12.782133,0.4005832,0.08001457999999999,0.8000729,0.500264627,2.653815279284852
2026-05-18 11:00:13.782133,0.4005832,0.08001457999999999,0.8000729,0.500264627,2.653815279284852
2026-05-18 11:00:14.782138,0.4005832,0.08001457999999999,0.8000729,0.500264627,2.653815279284852
2026-05-18 11:00:15.782138,0.4005832,0.08001457999999999,0.8000729,0.500264627,2.653815279284852
2026-05-18 11:00:16.782138,0.4005832,0.08001457999999999,0.8000729,0.500264627,2.653815279284852
2026-05-18 11:00:17.782138,0.4005832,0.08001457999999999,0.8000729,0.500264627,2.653815279284852
2026-05-18 11:00:18.785532,0.4005832,0.08001457999999999,0.8000729,0.500264627,2.653815279284852
2026-05-18 11:00:19.785560,0.4005832,0.08001457999999999,0.8000729,0.500264627,2.653815279284852
2026-05-18 11:00:20.785560,0.40017495999999997,0.08000437399999999,0.8000218699999999,0.5000793881,2.653815279284852
2026-05-18 11:00:21.785560,0.40017495999999997,0.08000437399999999,0.8000218699999999,0.5000793881,2.653815279284852
2026-05-18 11:00:22.785560,0.40017495999999997,0.08000437399999999,0.8000218699999999,0.5000793881,2.653815279284852
2026-05-18 11:00:23.785560,0.40017495999999997,0.08000437399999999,0.8000218699999999,0.5000793881,2.653815279284852
2026-05-18 11:00:24.791399,0.40017495999999997,0.08000437399999999,0.8000218699999999,0.5000793881,2.653815279284852
2026-05-18 11:00:25.791399,0.40017495999999997,0.08000437399999999,0.8000218699999999,0.5000793881,2.653815279284852
2026-05-18 11:00:26.791399,0.40017495999999997,0.08000437399999999,0.8000218699999999,0.5000793881,2.653815279284852
2026-05-18 11:00:27.791399,0.40017495999999997,0.08000437399999999,0.8000218699999999,0.5000793881,2.653815279284852
2026-05-18 11:00:28.792104,0.40017495999999997,0.08000437399999999,0.8000218699999999,0.5000793881,2.653815279284852
2026-05-18 11:00:29.792137,0.40017495999999997,0.08000437399999999,0.8000218699999999,0.5000793881,2.653815279284852
2026-05-18 11:00:30.792326,0.40017495999999997,0.08000437399999999,0.8000218699999999,0.5000793881,2.653815279284852
2026-05-18 11:00:31.792326,0.40005248799999993,0.0800013122,0.8000065609999999,0.5000238164299999,2.67685046094978
2026-05-18 11:00:32.792326,0.40005248799999993,0.0800013122,0.8000065609999999,0.5000238164299999,2.67685046094978
2026-05-18 11:00:33.792326,0.40005248799999993,0.0800013122,0.8000065609999999,0.5000238164299999,2.67685046094978
2026-05-18 11:00:34.792326,0.40005248799999993,0.0800013122,0.8000065609999999,0.5000238164299999,2.67685046094978
2026-05-18 11:00:35.813251,0.40005248799999993,0.0800013122,0.8000065609999999,0.5000238164299999,2.67685046094978
2026-05-18 11:00:36.813251,0.40005248799999993,0.0800013122,0.8000065609999999,0.5000238164299999,2.67685046094978
2026-05-18 11:00:37.813251,0.40005248799999993,0.0800013122,0.8000065609999999,0.5000238164299999,2.67685046094978
2026-05-18 11:00:38.813251,0.40005248799999993,0.0800013122,0.8000065609999999,0.5000238164299999,2.67685046094978
2026-05-18 11:00:39.813251,0.40005248799999993,0.0800013122,0.8000065609999999,0.5000238164299999,2.67685046094978
2026-05-18 11:00:40.813251,0.40005248799999993,0.0800013122,0.8000065609999999,0.5000238164299999,2.67685046094978
2026-05-18 11:00:41.813440,0.4000157463999999,0.08000039365999999,0.8000019682999999,0.500007144929,2.67685046094978
2026-05-18 11:00:42.815446,0.4000157463999999,0.08000039365999999,0.8000019682999999,0.500007144929,2.67685046094978
2026-05-18 11:00:43.815446,0.4000157463999999,0.08000039365999999,0.8000019682999999,0.500007144929,2.67685046094978
2026-05-18 11:00:44.815446,0.4000157463999999,0.08000039365999999,0.8000019682999999,0.500007144929,2.67685046094978
2026-05-18 11:00:45.815446,0.4000157463999999,0.08000039365999999,0.8000019682999999,0.500007144929,2.67685046094978
2026-05-18 11:00:46.815574,0.4000157463999999,0.08000039365999999,0.8000019682999999,0.500007144929,2.67685046094978
2026-05-18 11:00:47.815574,0.4000157463999999,0.08000039365999999,0.8000019682999999,0.500007144929,2.67685046094978
2026-05-18 11:00:48.832758,0.4000157463999999,0.08000039365999999,0.8000019682999999,0.500007144929,2.67685046094978
2026-05-18 11:00:49.832758,0.4000157463999999,0.08000039365999999,0.8000019682999999,0.500007144929,2.67685046094978
2026-05-18 11:00:50.832762,0.4000157463999999,0.08000039365999999,0.8000019682999999,0.500007144929,2.67685046094978
2026-05-18 11:00:51.832762,0.40000472391999997,0.08000011809799999,0.8000005904899999,0.5000021434787,2.67685046094978
2026-05-18 11:00:52.832762,0.40000472391999997,0.08000011809799999,0.8000005904899999,0.5000021434787,2.67685046094978
2026-05-18 11:00:53.834275,0.40000472391999997,0.08000011809799999,0.8000005904899999,0.5000021434787,2.67685046094978
2026-05-18 11:00:54.834275,0.40000472391999997,0.08000011809799999,0.8000005904899999,0.5000021434787,2.67685046094978
2026-05-18 11:00:55.834278,0.40000472391999997,0.08000011809799999,0.8000005904899999,0.5000021434787,2.67685046094978
2026-05-18 11:00:56.840943,0.40000472391999997,0.08000011809799999,0.8000005904899999,0.5000021434787,2.67685046094978
2026-05-18 11:00:57.840943,0.40000472391999997,0.08000011809799999,0.8000005904899999,0.5000021434787,2.67685046094978
2026-05-18 11:00:58.840943,0.40000472391999997,0.08000011809799999,0.8000005904899999,0.5000021434787,2.67685046094978
2026-05-18 11:00:59.840972,0.40000472391999997,0.08000011809799999,0.8000005904899999,0.5000021434787,2.67685046094978
2026-05-18 11:01:00.840972,0.40000472391999997,0.08000011809799999,0.8000005904899999,0.5000021434787,2.67685046094978
2026-05-18 11:01:01.840972,0.40000472391999997,0.08000011809799999,0.8000005904899999,0.5000021434787,2.67685046094978
2026-05-18 11:01:02.840972,0.40000141717599996,0.08000003542939998,0.8000001771469999,0.5000006430436099,2.67685046094978
2026-05-18 11:01:03.840972,0.40000141717599996,0.08000003542939998,0.8000001771469999,0.5000006430436099,2.67685046094978
2026-05-18 11:01:04.840972,0.40000141717599996,0.08000003542939998,0.8000001771469999,0.5000006430436099,2.67685046094978
2026-05-18 11:01:05.840972,0.40000141717599996,0.08000003542939998,0.8000001771469999,0.5000006430436099,2.67685046094978
2026-05-18 11:01:06.841974,0.40000141717599996,0.08000003542939998,0.8000001771469999,0.5000006430436099,2.67685046094978
2026-05-18 11:01:07.841974,0.40000141717599996,0.08000003542939998,0.8000001771469999,0.5000006430436099,2.67685046094978
2026-05-18 11:01:08.841974,0.40000141717599996,0.08000003542939998,0.8000001771469999,0.5000006430436099,2.67685046094978
2026-05-18 11:01:09.842837,0.40000141717599996,0.08000003542939998,0.8000001771469999,0.5000006430436099,2.67685046094978
2026-05-18 11:01:10.842841,0.40000141717599996,0.08000003542939998,0.8000001771469999,0.5000006430436099,2.67685046094978
2026-05-18 11:01:11.842841,0.40000141717599996,0.08000003542939998,0.8000001771469999,0.5000006430436099,2.67685046094978
2026-05-18 11:01:12.842841,0.40000141717599996,0.08000003542939998,0.8000001771469999,0.5000006430436099,2.67685046094978
2026-05-18 11:01:13.842841,0.4000004251528,0.08000001062881999,0.8000000531440998,0.500000192913083,2.67685046094978
2026-05-18 11:01:14.842841,0.4000004251528,0.08000001062881999,0.8000000531440998,0.500000192913083,2.67685046094978
2026-05-18 11:01:15.842841,0.4000004251528,0.08000001062881999,0.8000000531440998,0.500000192913083,2.67685046094978
2026-05-18 11:01:16.845702,0.4000004251528,0.08000001062881999,0.8000000531440998,0.500000192913083,2.67685046094978
2026-05-18 11:01:17.845702,0.4000004251528,0.08000001062881999,0.8000000531440998,0.500000192913083,2.67685046094978
2026-05-18 11:01:18.859348,0.4000004251528,0.08000001062881999,0.8000000531440998,0.500000192913083,2.67685046094978
2026-05-18 11:01:19.859348,0.4000004251528,0.08000001062881999,0.8000000531440998,0.500000192913083,2.67685046094978
2026-05-18 11:01:20.859497,0.4000004251528,0.08000001062881999,0.8000000531440998,0.500000192913083,2.67685046094978
2026-05-18 11:01:21.859497,0.4000004251528,0.08000001062881999,0.8000000531440998,0.500000192913083,2.67685046094978
2026-05-18 11:01:22.879764,0.4000004251528,0.08000001062881999,0.8000000531440998,0.500000192913083,2.67685046094978
2026-05-18 11:01:23.879764,0.40000012754583997,0.08000000318864599,0.8000000159432299,0.5000000578739249,2.67685046094978
2026-05-18 11:01:24.879764,0.40000012754583997,0.08000000318864599,0.8000000159432299,0.5000000578739249,2.67685046094978
2026-05-18 11:01:25.903509,0.40000012754583997,0.08000000318864599,0.8000000159432299,0.5000000578739249,2.67685046094978
2026-05-18 11:01:26.903576,0.40000012754583997,0.08000000318864599,0.8000000159432299,0.5000000578739249,2.67685046094978
2026-05-18 11:01:27.904169,0.40000012754583997,0.08000000318864599,0.8000000159432299,0.5000000578739249,2.67685046094978
2026-05-18 11:01:28.905357,0.40000012754583997,0.08000000318864599,0.8000000159432299,0.5000000578739249,2.67685046094978
2026-05-18 11:01:29.905357,0.40000012754583997,0.08000000318864599,0.8000000159432299,0.5000000578739249,2.67685046094978
2026-05-18 11:01:30.912047,0.40000012754583997,0.08000000318864599,0.8000000159432299,0.5000000578739249,2.67685046094978
2026-05-18 11:01:31.913081,0.40000012754583997,0.08000000318864599,0.8000000159432299,0.5000000578739249,2.67685046094978
2026-05-18 11:01:32.913888,0.40000012754583997,0.08000000318864599,0.8000000159432299,0.5000000578739249,2.67685046094978
2026-05-18 11:01:33.913888,0.40000003826375197,0.08000000095659379,0.800000004782969,0.5000000173621775,2.67685046094978
2026-05-18 11:01:34.914188,0.40000003826375197,0.08000000095659379,0.800000004782969,0.5000000173621775,2.67685046094978
2026-05-18 11:01:35.914188,0.40000003826375197,0.08000000095659379,0.800000004782969,0.5000000173621775,2.67685046094978
2026-05-18 11:01:36.914189,0.40000003826375197,0.08000000095659379,0.800000004782969,0.5000000173621775,2.67685046094978
2026-05-18 11:01:37.914189,0.40000003826375197,0.08000000095659379,0.800000004782969,0.5000000173621775,2.67685046094978
2026-05-18 11:01:38.914189,0.40000003826375197,0.08000000095659379,0.800000004782969,0.5000000173621775,2.67685046094978
2026-05-18 11:01:39.914189,0.40000003826375197,0.08000000095659379,0.800000004782969,0.5000000173621775,2.67685046094978
2026-05-18 11:01:40.914189,0.40000003826375197,0.08000000095659379,0.800000004782969,0.5000000173621775,2.67685046094978
2026-05-18 11:01:41.914189,0.40000003826375197,0.08000000095659379,0.800000004782969,0.5000000173621775,2.67685046094978
2026-05-18 11:01:42.914263,0.40000003826375197,0.08000000095659379,0.800000004782969,0.5000000173621775,2.67685046094978
2026-05-18 11:01:43.914263,0.40000001147912556,0.08000000028697812,0.8000000014348906,0.5000000052086532,2.67685046094978
2026-05-18 11:01:44.914263,0.40000001147912556,0.08000000028697812,0.8000000014348906,0.5000000052086532,2.67685046094978
2026-05-18 11:01:45.914263,0.40000001147912556,0.08000000028697812,0.8000000014348906,0.5000000052086532,2.67685046094978
2026-05-18 11:01:46.914263,0.40000001147912556,0.08000000028697812,0.8000000014348906,0.5000000052086532,2.67685046094978
2026-05-18 11:01:47.914543,0.40000001147912556,0.08000000028697812,0.8000000014348906,0.5000000052086532,2.67685046094978
2026-05-18 11:01:48.914778,0.40000001147912556,0.08000000028697812,0.8000000014348906,0.5000000052086532,2.67685046094978
2026-05-18 11:01:49.914778,0.40000001147912556,0.08000000028697812,0.8000000014348906,0.5000000052086532,2.67685046094978
2026-05-18 11:01:50.914778,0.40000001147912556,0.08000000028697812,0.8000000014348906,0.5000000052086532,2.67685046094978
2026-05-18 11:01:51.916924,0.40000001147912556,0.08000000028697812,0.8000000014348906,0.5000000052086532,2.67685046094978
2026-05-18 11:01:52.916924,0.40000001147912556,0.08000000028697812,0.8000000014348906,0.5000000052086532,2.67685046094978
2026-05-18 11:01:53.916924,0.40000000344373765,0.08000000008609343,0.800000000430467,0.5000000015625959,2.67685046094978
2026-05-18 11:01:54.916924,0.40000000344373765,0.08000000008609343,0.800000000430467,0.5000000015625959,2.67685046094978
2026-05-18 11:01:55.921881,0.40000000344373765,0.08000000008609343,0.800000000430467,0.5000000015625959,2.67685046094978
2026-05-18 11:01:56.921881,0.40000000344373765,0.08000000008609343,0.800000000430467,0.5000000015625959,2.67685046094978
2026-05-18 11:01:57.921881,0.40000000344373765,0.08000000008609343,0.800000000430467,0.5000000015625959,2.67685046094978
2026-05-18 11:01:58.923503,0.40000000344373765,0.08000000008609343,0.800000000430467,0.5000000015625959,2.67685046094978
2026-05-18 11:01:59.923503,0.40000000344373765,0.08000000008609343,0.800000000430467,0.5000000015625959,2.67685046094978
2026-05-18 11:02:00.924353,0.40000000344373765,0.08000000008609343,0.800000000430467,0.5000000015625959,2.67685046094978
2026-05-18 11:02:01.924353,0.40000000344373765,0.08000000008609343,0.800000000430467,0.5000000015625959,2.67685046094978
2026-05-18 11:02:02.924688,0.40000000344373765,0.08000000008609343,0.800000000430467,0.5000000015625959,2.67685046094978
2026-05-18 11:02:03.924688,0.4000000010331213,0.08000000002582802,0.8000000001291401,0.5000000004687788,2.67685046094978
2026-05-18 11:02:04.927968,0.4000000010331213,0.08000000002582802,0.8000000001291401,0.5000000004687788,2.67685046094978
2026-05-18 11:02:05.928016,0.4000000010331213,0.08000000002582802,0.8000000001291401,0.5000000004687788,2.67685046094978
2026-05-18 11:02:06.928016,0.4000000010331213,0.08000000002582802,0.8000000001291401,0.5000000004687788,2.67685046094978
2026-05-18 11:02:07.928016,0.4000000010331213,0.08000000002582802,0.8000000001291401,0.5000000004687788,2.67685046094978
2026-05-18 11:02:08.928018,0.4000000010331213,0.08000000002582802,0.8000000001291401,0.5000000004687788,2.67685046094978
2026-05-18 11:02:09.928764,0.4000000010331213,0.08000000002582802,0.8000000001291401,0.5000000004687788,2.67685046094978
2026-05-18 11:02:10.929094,0.4000000010331213,0.08000000002582802,0.8000000001291401,0.5000000004687788,2.67685046094978
2026-05-18 11:02:11.929367,0.4000000010331213,0.08000000002582802,0.8000000001291401,0.5000000004687788,2.67685046094978
2026-05-18 11:02:12.929367,0.4000000010331213,0.08000000002582802,0.8000000001291401,0.5000000004687788,2.67685046094978
2026-05-18 11:02:13.929367,0.4000000010331213,0.08000000002582802,0.8000000001291401,0.5000000004687788,2.67685046094978
2026-05-18 11:02:14.929367,0.4000000003099363,0.0800000000077484,0.8000000000387419,0.5000000001406336,2.67685046094978
2026-05-18 11:02:15.930919,0.4000000003099363,0.0800000000077484,0.8000000000387419,0.5000000001406336,2.67685046094978
2026-05-18 11:02:16.930922,0.4000000003099363,0.0800000000077484,0.8000000000387419,0.5000000001406336,2.67685046094978
2026-05-18 11:02:17.930922,0.4000000003099363,0.0800000000077484,0.8000000000387419,0.5000000001406336,2.67685046094978
2026-05-18 11:02:18.950463,0.4000000003099363,0.0800000000077484,0.8000000000387419,0.5000000001406336,2.67685046094978
2026-05-18 11:02:19.950463,0.4000000003099363,0.0800000000077484,0.8000000000387419,0.5000000001406336,2.67685046094978
2026-05-18 11:02:20.950526,0.4000000003099363,0.0800000000077484,0.8000000000387419,0.5000000001406336,2.67685046094978
2026-05-18 11:02:21.962169,0.4000000003099363,0.0800000000077484,0.8000000000387419,0.5000000001406336,2.67685046094978
2026-05-18 11:02:22.962169,0.4000000003099363,0.0800000000077484,0.8000000000387419,0.5000000001406336,2.67685046094978
2026-05-18 11:02:23.963112,0.4000000003099363,0.0800000000077484,0.8000000000387419,0.5000000001406336,2.67685046094978
2026-05-18 11:02:24.963112,0.40000000009298087,0.08000000000232452,0.8000000000116225,0.50000000004219,2.67685046094978
2026-05-18 11:02:25.963112,0.40000000009298087,0.08000000000232452,0.8000000000116225,0.50000000004219,2.67685046094978
2026-05-18 11:02:26.968399,0.40000000009298087,0.08000000000232452,0.8000000000116225,0.50000000004219,2.67685046094978
2026-05-18 11:02:27.970123,0.40000000009298087,0.08000000000232452,0.8000000000116225,0.50000000004219,2.67685046094978
2026-05-18 11:02:28.970137,0.40000000009298087,0.08000000000232452,0.8000000000116225,0.50000000004219,2.67685046094978
2026-05-18 11:02:29.970138,0.40000000009298087,0.08000000000232452,0.8000000000116225,0.50000000004219,2.67685046094978
2026-05-18 11:02:30.970138,0.40000000009298087,0.08000000000232452,0.8000000000116225,0.50000000004219,2.67685046094978
2026-05-18 11:02:31.970338,0.40000000009298087,0.08000000000232452,0.8000000000116225,0.50000000004219,2.67685046094978
2026-05-18 11:02:32.970551,0.40000000009298087,0.08000000000232452,0.8000000000116225,0.50000000004219,2.67685046094978
2026-05-18 11:02:33.982907,0.40000000009298087,0.08000000000232452,0.8000000000116225,0.50000000004219,2.67685046094978
2026-05-18 11:02:35.035940,0.4000000000278942,0.08000000000069735,0.8000000000034867,0.500000000012657,2.67685046094978
2026-05-18 11:02:36.035940,0.4000000000278942,0.08000000000069735,0.8000000000034867,0.500000000012657,2.67685046094978
2026-05-18 11:02:37.041422,0.4000000000278942,0.08000000000069735,0.8000000000034867,0.500000000012657,2.67685046094978
2026-05-18 11:02:38.041422,0.4000000000278942,0.08000000000069735,0.8000000000034867,0.500000000012657,2.67685046094978
2026-05-18 11:02:39.041422,0.4000000000278942,0.08000000000069735,0.8000000000034867,0.500000000012657,2.67685046094978
2026-05-18 11:02:40.041422,0.4000000000278942,0.08000000000069735,0.8000000000034867,0.500000000012657,2.67685046094978
2026-05-18 11:02:41.041424,0.4000000000278942,0.08000000000069735,0.8000000000034867,0.500000000012657,2.67685046094978
2026-05-18 11:02:42.041424,0.4000000000278942,0.08000000000069735,0.8000000000034867,0.500000000012657,2.67685046094978
2026-05-18 11:02:43.041425,0.4000000000278942,0.08000000000069735,0.8000000000034867,0.500000000012657,2.67685046094978
2026-05-18 11:02:44.041430,0.4000000000278942,0.08000000000069735,0.8000000000034867,0.500000000012657,2.67685046094978
2026-05-18 11:02:45.047830,0.4000000000083682,0.0800000000002092,0.8000000000010459,0.5000000000037971,3.152779842098158
2026-05-18 11:02:46.047830,0.4000000000083682,0.0800000000002092,0.8000000000010459,0.5000000000037971,3.152779842098158
2026-05-18 11:02:47.047830,0.4000000000083682,0.0800000000002092,0.8000000000010459,0.5000000000037971,3.152779842098158
2026-05-18 11:02:48.047830,0.4000000000083682,0.0800000000002092,0.8000000000010459,0.5000000000037971,3.152779842098158
2026-05-18 11:02:49.047830,0.4000000000083682,0.0800000000002092,0.8000000000010459,0.5000000000037971,3.152779842098158
2026-05-18 11:02:50.047830,0.4000000000083682,0.0800000000002092,0.8000000000010459,0.5000000000037971,3.152779842098158
2026-05-18 11:02:51.047987,0.4000000000083682,0.0800000000002092,0.8000000000010459,0.5000000000037971,3.152779842098158
2026-05-18 11:02:52.053011,0.4000000000083682,0.0800000000002092,0.8000000000010459,0.5000000000037971,3.152779842098158
2026-05-18 11:02:53.053011,0.4000000000083682,0.0800000000002092,0.8000000000010459,0.5000000000037971,3.152779842098158
2026-05-18 11:02:54.053011,0.4000000000083682,0.0800000000002092,0.8000000000010459,0.5000000000037971,3.152779842098158
2026-05-18 11:02:55.053011,0.4000000000083682,0.0800000000002092,0.8000000000010459,0.5000000000037971,3.152779842098158
2026-05-18 11:02:56.054604,0.40000000000251046,0.08000000000006276,0.8000000000003137,0.5000000000011391,3.152779842098158
2026-05-18 11:02:57.054604,0.40000000000251046,0.08000000000006276,0.8000000000003137,0.5000000000011391,3.152779842098158
2026-05-18 11:02:58.063119,0.40000000000251046,0.08000000000006276,0.8000000000003137,0.5000000000011391,3.152779842098158
2026-05-18 11:02:59.063119,0.40000000000251046,0.08000000000006276,0.8000000000003137,0.5000000000011391,3.152779842098158
2026-05-18 11:03:00.063119,0.40000000000251046,0.08000000000006276,0.8000000000003137,0.5000000000011391,3.152779842098158
2026-05-18 11:03:01.063119,0.40000000000251046,0.08000000000006276,0.8000000000003137,0.5000000000011391,3.152779842098158
2026-05-18 11:03:02.063127,0.40000000000251046,0.08000000000006276,0.8000000000003137,0.5000000000011391,3.152779842098158
2026-05-18 11:03:03.064597,0.40000000000251046,0.08000000000006276,0.8000000000003137,0.5000000000011391,3.152779842098158
2026-05-18 11:03:04.064597,0.40000000000251046,0.08000000000006276,0.8000000000003137,0.5000000000011391,3.152779842098158
2026-05-18 11:03:05.064597,0.40000000000251046,0.08000000000006276,0.8000000000003137,0.5000000000011391,3.152779842098158
2026-05-18 11:03:06.064597,0.40000000000251046,0.08000000000006276,0.8000000000003137,0.5000000000011391,3.152779842098158
2026-05-18 11:03:07.064597,0.4000000000007531,0.08000000000001882,0.800000000000094,0.5000000000003417,3.152779842098158
2026-05-18 11:03:08.069129,0.4000000000007531,0.08000000000001882,0.800000000000094,0.5000000000003417,3.152779842098158
2026-05-18 11:03:09.070234,0.4000000000007531,0.08000000000001882,0.800000000000094,0.5000000000003417,3.152779842098158
2026-05-18 11:03:10.070234,0.4000000000007531,0.08000000000001882,0.800000000000094,0.5000000000003417,3.152779842098158
2026-05-18 11:03:11.070237,0.4000000000007531,0.08000000000001882,0.800000000000094,0.5000000000003417,3.152779842098158
2026-05-18 11:03:12.073115,0.4000000000007531,0.08000000000001882,0.800000000000094,0.5000000000003417,3.152779842098158
2026-05-18 11:03:13.162415,0.4000000000007531,0.08000000000001882,0.800000000000094,0.5000000000003417,3.152779842098158
2026-05-18 11:03:14.162502,0.4000000000007531,0.08000000000001882,0.800000000000094,0.5000000000003417,3.152779842098158
2026-05-18 11:03:15.162892,0.4000000000007531,0.08000000000001882,0.800000000000094,0.5000000000003417,3.152779842098158
2026-05-18 11:03:16.162897,0.4000000000007531,0.08000000000001882,0.800000000000094,0.5000000000003417,3.152779842098158
2026-05-18 11:03:17.162947,0.4000000000002259,0.08000000000000564,0.8000000000000281,0.5000000000001025,3.152779842098158
2026-05-18 11:03:18.162953,0.4000000000002259,0.08000000000000564,0.8000000000000281,0.5000000000001025,3.152779842098158
2026-05-18 11:03:19.163065,0.4000000000002259,0.08000000000000564,0.8000000000000281,0.5000000000001025,3.152779842098158
2026-05-18 11:03:20.163065,0.4000000000002259,0.08000000000000564,0.8000000000000281,0.5000000000001025,3.152779842098158
2026-05-18 11:03:21.163086,0.4000000000002259,0.08000000000000564,0.8000000000000281,0.5000000000001025,3.152779842098158
2026-05-18 11:03:22.163086,0.4000000000002259,0.08000000000000564,0.8000000000000281,0.5000000000001025,3.152779842098158
2026-05-18 11:03:23.163086,0.4000000000002259,0.08000000000000564,0.8000000000000281,0.5000000000001025,3.152779842098158
2026-05-18 11:03:24.163086,0.4000000000002259,0.08000000000000564,0.8000000000000281,0.5000000000001025,3.152779842098158
2026-05-18 11:03:25.163086,0.4000000000002259,0.08000000000000564,0.8000000000000281,0.5000000000001025,3.152779842098158
2026-05-18 11:03:26.164081,0.4000000000002259,0.08000000000000564,0.8000000000000281,0.5000000000001025,3.152779842098158
2026-05-18 11:03:27.164081,0.40000000000006775,0.08000000000000168,0.8000000000000084,0.5000000000000308,2.940641071185398
2026-05-18 11:03:28.164149,0.40000000000006775,0.08000000000000168,0.8000000000000084,0.5000000000000308,2.940641071185398
2026-05-18 11:03:29.165274,0.40000000000006775,0.08000000000000168,0.8000000000000084,0.5000000000000308,2.940641071185398
2026-05-18 11:03:30.165369,0.40000000000006775,0.08000000000000168,0.8000000000000084,0.5000000000000308,2.940641071185398
2026-05-18 11:03:31.165394,0.40000000000006775,0.08000000000000168,0.8000000000000084,0.5000000000000308,2.940641071185398
2026-05-18 11:03:32.168232,0.40000000000006775,0.08000000000000168,0.8000000000000084,0.5000000000000308,2.940641071185398
2026-05-18 11:03:33.168289,0.40000000000006775,0.08000000000000168,0.8000000000000084,0.5000000000000308,2.940641071185398
2026-05-18 11:03:34.168468,0.40000000000006775,0.08000000000000168,0.8000000000000084,0.5000000000000308,2.940641071185398
2026-05-18 11:03:35.169190,0.40000000000006775,0.08000000000000168,0.8000000000000084,0.5000000000000308,2.940641071185398
2026-05-18 11:03:36.169191,0.40000000000006775,0.08000000000000168,0.8000000000000084,0.5000000000000308,2.940641071185398
2026-05-18 11:03:37.169191,0.4000000000000203,0.0800000000000005,0.8000000000000025,0.5000000000000092,2.8073936087204747
2026-05-18 11:03:38.169191,0.4000000000000203,0.0800000000000005,0.8000000000000025,0.5000000000000092,2.8073936087204747
2026-05-18 11:03:39.169191,0.4000000000000203,0.0800000000000005,0.8000000000000025,0.5000000000000092,2.8073936087204747
2026-05-18 11:03:40.169597,0.4000000000000203,0.0800000000000005,0.8000000000000025,0.5000000000000092,2.8073936087204747
2026-05-18 11:03:41.169597,0.4000000000000203,0.0800000000000005,0.8000000000000025,0.5000000000000092,2.8073936087204747
2026-05-18 11:03:42.169597,0.4000000000000203,0.0800000000000005,0.8000000000000025,0.5000000000000092,2.8073936087204747
2026-05-18 11:03:43.169853,0.4000000000000203,0.0800000000000005,0.8000000000000025,0.5000000000000092,2.8073936087204747
2026-05-18 11:03:44.169853,0.4000000000000203,0.0800000000000005,0.8000000000000025,0.5000000000000092,2.8073936087204747
2026-05-18 11:03:45.169853,0.4000000000000203,0.0800000000000005,0.8000000000000025,0.5000000000000092,2.8073936087204747
2026-05-18 11:03:46.169853,0.4000000000000203,0.0800000000000005,0.8000000000000025,0.5000000000000092,2.8073936087204747
2026-05-18 11:03:47.180521,0.4000000000000203,0.0800000000000005,0.8000000000000025,0.5000000000000092,2.8073936087204747
2026-05-18 11:03:48.180521,0.400000000000006,0.08000000000000014,0.8000000000000007,0.5000000000000028,2.8073936087204747
2026-05-18 11:03:49.183266,0.400000000000006,0.08000000000000014,0.8000000000000007,0.5000000000000028,2.8073936087204747
2026-05-18 11:03:50.183266,0.400000000000006,0.08000000000000014,0.8000000000000007,0.5000000000000028,2.8073936087204747
2026-05-18 11:03:51.183267,0.400000000000006,0.08000000000000014,0.8000000000000007,0.5000000000000028,2.8073936087204747
2026-05-18 11:04:34.625533,1.2,0.1,0.9,0.863,10000
2026-05-18 11:04:35.625533,1.2,0.1,0.9,0.863,10000
2026-05-18 11:04:36.625533,1.2,0.1,0.9,0.863,10000
2026-05-18 11:04:37.625533,1.2,0.1,0.9,0.863,10000
2026-05-18 11:04:38.625533,1.2,0.1,0.9,0.863,10000
2026-05-18 11:04:39.625533,1.2,0.1,0.9,0.863,10000
2026-05-18 11:04:40.625590,1.2,0.1,0.9,0.863,10000
2026-05-18 11:04:41.625590,1.2,0.1,0.9,0.863,10000
2026-05-18 11:04:42.625590,1.2,0.1,0.9,0.863,10000
2026-05-18 11:04:43.628199,0.6399999999999999,0.086,0.83,0.6089,2.8073936087204747
2026-05-18 11:04:44.628199,0.6399999999999999,0.086,0.83,0.6089,2.8073936087204747
2026-05-18 11:04:45.650956,0.6399999999999999,0.086,0.83,0.6089,2.8073936087204747
2026-05-18 11:04:46.650956,0.6399999999999999,0.086,0.83,0.6089,2.8073936087204747
2026-05-18 11:04:47.650956,0.6399999999999999,0.086,0.83,0.6089,2.8073936087204747
2026-05-18 11:04:48.650956,0.6399999999999999,0.086,0.83,0.6089,2.8073936087204747
2026-05-18 11:04:49.650956,0.6399999999999999,0.086,0.83,0.6089,2.8073936087204747
2026-05-18 11:04:50.650956,0.6399999999999999,0.086,0.83,0.6089,2.8073936087204747
2026-05-18 11:04:51.650956,0.6399999999999999,0.086,0.83,0.6089,2.8073936087204747
2026-05-18 11:04:52.650956,0.6399999999999999,0.086,0.83,0.6089,2.8073936087204747
2026-05-18 11:04:53.651005,0.472,0.08179999999999998,0.8089999999999999,0.53267,2.8073936087204747
2026-05-18 11:04:54.651005,0.472,0.08179999999999998,0.8089999999999999,0.53267,2.8073936087204747
2026-05-18 11:04:55.651005,0.472,0.08179999999999998,0.8089999999999999,0.53267,2.8073936087204747
2026-05-18 11:04:56.651005,0.472,0.08179999999999998,0.8089999999999999,0.53267,2.8073936087204747
2026-05-18 11:04:57.651060,0.472,0.08179999999999998,0.8089999999999999,0.53267,2.8073936087204747
2026-05-18 11:04:58.654872,0.472,0.08179999999999998,0.8089999999999999,0.53267,2.8073936087204747
2026-05-18 11:04:59.654872,0.472,0.08179999999999998,0.8089999999999999,0.53267,2.8073936087204747
2026-05-18 11:05:00.654873,0.472,0.08179999999999998,0.8089999999999999,0.53267,2.8073936087204747
2026-05-18 11:05:01.721472,0.472,0.08179999999999998,0.8089999999999999,0.53267,2.8073936087204747
2026-05-18 11:05:02.721472,0.472,0.08179999999999998,0.8089999999999999,0.53267,2.8073936087204747
2026-05-18 11:05:03.721472,0.4216,0.08053999999999999,0.8027,0.509801,2.8073936087204747
2026-05-18 11:05:04.721472,0.4216,0.08053999999999999,0.8027,0.509801,2.8073936087204747
2026-05-18 11:05:05.721472,0.4216,0.08053999999999999,0.8027,0.509801,2.8073936087204747
2026-05-18 11:05:06.721472,0.4216,0.08053999999999999,0.8027,0.509801,2.8073936087204747
2026-05-18 11:05:07.721472,0.4216,0.08053999999999999,0.8027,0.509801,2.8073936087204747
2026-05-18 11:05:08.721472,0.4216,0.08053999999999999,0.8027,0.509801,2.8073936087204747
2026-05-18 11:05:09.721472,0.4216,0.08053999999999999,0.8027,0.509801,2.8073936087204747
2026-05-18 11:05:10.721476,0.4216,0.08053999999999999,0.8027,0.509801,2.8073936087204747
2026-05-18 11:05:11.721476,0.4216,0.08053999999999999,0.8027,0.509801,2.8073936087204747
2026-05-18 11:05:12.721476,0.4216,0.08053999999999999,0.8027,0.509801,2.8073936087204747
2026-05-18 11:05:13.721476,0.40647999999999995,0.08016199999999998,0.8008099999999999,0.5029402999999999,3.0377808478640036
2026-05-18 11:05:14.721476,0.40647999999999995,0.08016199999999998,0.8008099999999999,0.5029402999999999,3.0377808478640036
2026-05-18 11:05:15.721476,0.40647999999999995,0.08016199999999998,0.8008099999999999,0.5029402999999999,3.0377808478640036
2026-05-18 11:05:16.721476,0.40647999999999995,0.08016199999999998,0.8008099999999999,0.5029402999999999,3.0377808478640036
2026-05-18 11:05:17.721476,0.40647999999999995,0.08016199999999998,0.8008099999999999,0.5029402999999999,3.0377808478640036
2026-05-18 11:05:18.732349,0.40647999999999995,0.08016199999999998,0.8008099999999999,0.5029402999999999,3.0377808478640036
2026-05-18 11:05:19.732349,0.40647999999999995,0.08016199999999998,0.8008099999999999,0.5029402999999999,3.0377808478640036
2026-05-18 11:05:20.745723,0.40647999999999995,0.08016199999999998,0.8008099999999999,0.5029402999999999,3.0377808478640036
2026-05-18 11:05:21.746943,0.40647999999999995,0.08016199999999998,0.8008099999999999,0.5029402999999999,3.0377808478640036
2026-05-18 11:05:22.746943,0.40647999999999995,0.08016199999999998,0.8008099999999999,0.5029402999999999,3.0377808478640036
2026-05-18 11:05:23.746943,0.40194399999999997,0.08004859999999998,0.8002429999999999,0.50088209,2.9383179777202826
2026-05-18 11:05:24.746943,0.40194399999999997,0.08004859999999998,0.8002429999999999,0.50088209,2.9383179777202826
2026-05-18 11:05:25.746943,0.40194399999999997,0.08004859999999998,0.8002429999999999,0.50088209,2.9383179777202826
2026-05-18 11:05:26.746943,0.40194399999999997,0.08004859999999998,0.8002429999999999,0.50088209,2.9383179777202826
2026-05-18 11:05:27.746945,0.40194399999999997,0.08004859999999998,0.8002429999999999,0.50088209,2.9383179777202826
2026-05-18 11:05:28.746945,0.40194399999999997,0.08004859999999998,0.8002429999999999,0.50088209,2.9383179777202826
2026-05-18 11:05:29.753738,0.40194399999999997,0.08004859999999998,0.8002429999999999,0.50088209,2.9383179777202826
2026-05-18 11:05:30.762380,0.40194399999999997,0.08004859999999998,0.8002429999999999,0.50088209,2.9383179777202826
2026-05-18 11:05:31.762417,0.40194399999999997,0.08004859999999998,0.8002429999999999,0.50088209,2.9383179777202826
2026-05-18 11:05:32.779770,0.40194399999999997,0.08004859999999998,0.8002429999999999,0.50088209,2.9383179777202826
2026-05-18 11:05:33.785365,0.40194399999999997,0.08004859999999998,0.8002429999999999,0.50088209,2.9383179777202826
2026-05-18 11:05:34.785365,0.4005832,0.08001457999999999,0.8000729,0.500264627,2.8879423295064637
2026-05-18 11:05:35.785365,0.4005832,0.08001457999999999,0.8000729,0.500264627,2.8879423295064637
2026-05-18 11:05:36.786492,0.4005832,0.08001457999999999,0.8000729,0.500264627,2.8879423295064637
2026-05-18 11:05:37.786770,0.4005832,0.08001457999999999,0.8000729,0.500264627,2.8879423295064637
2026-05-18 11:05:38.787471,0.4005832,0.08001457999999999,0.8000729,0.500264627,2.8879423295064637
2026-05-18 11:05:39.787471,0.4005832,0.08001457999999999,0.8000729,0.500264627,2.8879423295064637
2026-05-18 11:05:40.787472,0.4005832,0.08001457999999999,0.8000729,0.500264627,2.8879423295064637
2026-05-18 11:05:41.787472,0.4005832,0.08001457999999999,0.8000729,0.500264627,2.8879423295064637
2026-05-18 11:05:42.787472,0.4005832,0.08001457999999999,0.8000729,0.500264627,2.8879423295064637
2026-05-18 11:05:43.795842,0.4005832,0.08001457999999999,0.8000729,0.500264627,2.8879423295064637
2026-05-18 11:05:44.795842,0.40017495999999997,0.08000437399999999,0.8000218699999999,0.5000793881,2.8879423295064637
2026-05-18 11:05:45.795842,0.40017495999999997,0.08000437399999999,0.8000218699999999,0.5000793881,2.8879423295064637
2026-05-18 11:05:46.795842,0.40017495999999997,0.08000437399999999,0.8000218699999999,0.5000793881,2.8879423295064637
2026-05-18 11:05:47.795842,0.40017495999999997,0.08000437399999999,0.8000218699999999,0.5000793881,2.8879423295064637
2026-05-18 11:05:48.795842,0.40017495999999997,0.08000437399999999,0.8000218699999999,0.5000793881,2.8879423295064637
2026-05-18 11:05:49.795842,0.40017495999999997,0.08000437399999999,0.8000218699999999,0.5000793881,2.8879423295064637
2026-05-18 11:05:50.795842,0.40017495999999997,0.08000437399999999,0.8000218699999999,0.5000793881,2.8879423295064637
2026-05-18 11:05:51.795842,0.40017495999999997,0.08000437399999999,0.8000218699999999,0.5000793881,2.8879423295064637
2026-05-18 11:05:52.795842,0.40017495999999997,0.08000437399999999,0.8000218699999999,0.5000793881,2.8879423295064637
2026-05-18 11:05:53.796020,0.40017495999999997,0.08000437399999999,0.8000218699999999,0.5000793881,2.8879423295064637
2026-05-18 11:05:54.804414,0.40005248799999993,0.0800013122,0.8000065609999999,0.5000238164299999,2.8879423295064637
2026-05-18 11:05:55.804414,0.40005248799999993,0.0800013122,0.8000065609999999,0.5000238164299999,2.8879423295064637
2026-05-18 11:05:56.804432,0.40005248799999993,0.0800013122,0.8000065609999999,0.5000238164299999,2.8879423295064637
2026-05-18 11:05:57.804432,0.40005248799999993,0.0800013122,0.8000065609999999,0.5000238164299999,2.8879423295064637
2026-05-18 11:05:58.805108,0.40005248799999993,0.0800013122,0.8000065609999999,0.5000238164299999,2.8879423295064637
2026-05-18 11:05:59.805108,0.40005248799999993,0.0800013122,0.8000065609999999,0.5000238164299999,2.8879423295064637
2026-05-18 11:06:00.805108,0.40005248799999993,0.0800013122,0.8000065609999999,0.5000238164299999,2.8879423295064637
2026-05-18 11:06:01.805108,0.40005248799999993,0.0800013122,0.8000065609999999,0.5000238164299999,2.8879423295064637
2026-05-18 11:06:02.805108,0.40005248799999993,0.0800013122,0.8000065609999999,0.5000238164299999,2.8879423295064637
2026-05-18 11:06:03.805108,0.40005248799999993,0.0800013122,0.8000065609999999,0.5000238164299999,2.8879423295064637
2026-05-18 11:06:04.805108,0.40005248799999993,0.0800013122,0.8000065609999999,0.5000238164299999,2.8879423295064637
2026-05-18 11:06:05.805108,0.4000157463999999,0.08000039365999999,0.8000019682999999,0.500007144929,2.8879423295064637
2026-05-18 11:06:06.809340,0.4000157463999999,0.08000039365999999,0.8000019682999999,0.500007144929,2.8879423295064637
2026-05-18 11:06:07.809608,0.4000157463999999,0.08000039365999999,0.8000019682999999,0.500007144929,2.8879423295064637
2026-05-18 11:06:08.809637,0.4000157463999999,0.08000039365999999,0.8000019682999999,0.500007144929,2.8879423295064637
2026-05-18 11:06:09.812244,0.4000157463999999,0.08000039365999999,0.8000019682999999,0.500007144929,2.8879423295064637
2026-05-18 11:06:10.812244,0.4000157463999999,0.08000039365999999,0.8000019682999999,0.500007144929,2.8879423295064637
2026-05-18 11:06:11.812244,0.4000157463999999,0.08000039365999999,0.8000019682999999,0.500007144929,2.8879423295064637
2026-05-18 11:06:12.812244,0.4000157463999999,0.08000039365999999,0.8000019682999999,0.500007144929,2.8879423295064637
2026-05-18 11:06:13.812244,0.4000157463999999,0.08000039365999999,0.8000019682999999,0.500007144929,2.8879423295064637
2026-05-18 11:06:14.812244,0.4000157463999999,0.08000039365999999,0.8000019682999999,0.500007144929,2.8879423295064637
2026-05-18 11:06:15.814186,0.40000472391999997,0.08000011809799999,0.8000005904899999,0.5000021434787,2.8879423295064637
2026-05-18 11:06:16.814186,0.40000472391999997,0.08000011809799999,0.8000005904899999,0.5000021434787,2.8879423295064637
2026-05-18 11:06:17.822473,0.40000472391999997,0.08000011809799999,0.8000005904899999,0.5000021434787,2.8879423295064637
2026-05-18 11:06:18.822473,0.40000472391999997,0.08000011809799999,0.8000005904899999,0.5000021434787,2.8879423295064637
2026-05-18 11:06:19.822487,0.40000472391999997,0.08000011809799999,0.8000005904899999,0.5000021434787,2.8879423295064637
2026-05-18 11:06:20.822487,0.40000472391999997,0.08000011809799999,0.8000005904899999,0.5000021434787,2.8879423295064637
2026-05-18 11:06:21.822487,0.40000472391999997,0.08000011809799999,0.8000005904899999,0.5000021434787,2.8879423295064637
2026-05-18 11:06:22.822487,0.40000472391999997,0.08000011809799999,0.8000005904899999,0.5000021434787,2.8879423295064637
2026-05-18 11:06:23.822487,0.40000472391999997,0.08000011809799999,0.8000005904899999,0.5000021434787,2.8879423295064637
2026-05-18 11:06:24.822487,0.40000472391999997,0.08000011809799999,0.8000005904899999,0.5000021434787,2.8879423295064637
2026-05-18 11:06:25.822487,0.40000141717599996,0.08000003542939998,0.8000001771469999,0.5000006430436099,2.8879423295064637
2026-05-18 11:06:26.823686,0.40000141717599996,0.08000003542939998,0.8000001771469999,0.5000006430436099,2.8879423295064637
2026-05-18 11:06:27.823771,0.40000141717599996,0.08000003542939998,0.8000001771469999,0.5000006430436099,2.8879423295064637
2026-05-18 11:06:28.823771,0.40000141717599996,0.08000003542939998,0.8000001771469999,0.5000006430436099,2.8879423295064637
2026-05-18 11:06:29.823812,0.40000141717599996,0.08000003542939998,0.8000001771469999,0.5000006430436099,2.8879423295064637
2026-05-18 11:06:30.828506,0.40000141717599996,0.08000003542939998,0.8000001771469999,0.5000006430436099,2.8879423295064637
2026-05-18 11:06:31.828506,0.40000141717599996,0.08000003542939998,0.8000001771469999,0.5000006430436099,2.8879423295064637
2026-05-18 11:06:32.828512,0.40000141717599996,0.08000003542939998,0.8000001771469999,0.5000006430436099,2.8879423295064637
2026-05-18 11:06:33.830509,0.40000141717599996,0.08000003542939998,0.8000001771469999,0.5000006430436099,2.8879423295064637
2026-05-18 11:06:34.831762,0.40000141717599996,0.08000003542939998,0.8000001771469999,0.5000006430436099,2.8879423295064637
2026-05-18 11:06:35.831968,0.4000004251528,0.08000001062881999,0.8000000531440998,0.500000192913083,2.8879423295064637
2026-05-18 11:06:36.831968,0.4000004251528,0.08000001062881999,0.8000000531440998,0.500000192913083,2.8879423295064637
2026-05-18 11:06:37.831968,0.4000004251528,0.08000001062881999,0.8000000531440998,0.500000192913083,2.8879423295064637
2026-05-18 11:06:38.831969,0.4000004251528,0.08000001062881999,0.8000000531440998,0.500000192913083,2.8879423295064637
2026-05-18 11:06:39.836188,0.4000004251528,0.08000001062881999,0.8000000531440998,0.500000192913083,2.8879423295064637
2026-05-18 11:06:40.836318,0.4000004251528,0.08000001062881999,0.8000000531440998,0.500000192913083,2.8879423295064637
2026-05-18 11:06:41.840286,0.4000004251528,0.08000001062881999,0.8000000531440998,0.500000192913083,2.8879423295064637
2026-05-18 11:06:42.840286,0.4000004251528,0.08000001062881999,0.8000000531440998,0.500000192913083,2.8879423295064637
2026-05-18 11:06:43.841224,0.4000004251528,0.08000001062881999,0.8000000531440998,0.500000192913083,2.8879423295064637
2026-05-18 11:06:44.841225,0.4000004251528,0.08000001062881999,0.8000000531440998,0.500000192913083,2.8879423295064637
2026-05-18 11:06:45.841865,0.40000012754583997,0.08000000318864599,0.8000000159432299,0.5000000578739249,2.8879423295064637
2026-05-18 11:06:46.841876,0.40000012754583997,0.08000000318864599,0.8000000159432299,0.5000000578739249,2.8879423295064637
2026-05-18 11:06:47.842113,0.40000012754583997,0.08000000318864599,0.8000000159432299,0.5000000578739249,2.8879423295064637
2026-05-18 11:06:48.842131,0.40000012754583997,0.08000000318864599,0.8000000159432299,0.5000000578739249,2.8879423295064637
2026-05-18 11:06:49.842131,0.40000012754583997,0.08000000318864599,0.8000000159432299,0.5000000578739249,2.8879423295064637
2026-05-18 11:06:50.842131,0.40000012754583997,0.08000000318864599,0.8000000159432299,0.5000000578739249,2.8879423295064637
2026-05-18 11:06:51.842141,0.40000012754583997,0.08000000318864599,0.8000000159432299,0.5000000578739249,2.8879423295064637
2026-05-18 11:06:52.842929,0.40000012754583997,0.08000000318864599,0.8000000159432299,0.5000000578739249,2.8879423295064637
2026-05-18 11:06:53.843039,0.40000012754583997,0.08000000318864599,0.8000000159432299,0.5000000578739249,2.8879423295064637
2026-05-18 11:06:54.843039,0.40000012754583997,0.08000000318864599,0.8000000159432299,0.5000000578739249,2.8879423295064637
2026-05-18 11:06:55.843039,0.40000003826375197,0.08000000095659379,0.800000004782969,0.5000000173621775,2.8879423295064637
2026-05-18 11:06:56.843039,0.40000003826375197,0.08000000095659379,0.800000004782969,0.5000000173621775,2.8879423295064637
2026-05-18 11:06:57.852801,0.40000003826375197,0.08000000095659379,0.800000004782969,0.5000000173621775,2.8879423295064637
2026-05-18 11:06:58.852801,0.40000003826375197,0.08000000095659379,0.800000004782969,0.5000000173621775,2.8879423295064637
2026-05-18 11:06:59.852801,0.40000003826375197,0.08000000095659379,0.800000004782969,0.5000000173621775,2.8879423295064637
2026-05-18 11:07:00.852801,0.40000003826375197,0.08000000095659379,0.800000004782969,0.5000000173621775,2.8879423295064637
2026-05-18 11:07:01.852801,0.40000003826375197,0.08000000095659379,0.800000004782969,0.5000000173621775,2.8879423295064637
2026-05-18 11:07:02.859717,0.40000003826375197,0.08000000095659379,0.800000004782969,0.5000000173621775,2.8879423295064637
2026-05-18 11:07:03.860506,0.40000003826375197,0.08000000095659379,0.800000004782969,0.5000000173621775,2.8879423295064637
2026-05-18 11:07:04.861050,0.40000003826375197,0.08000000095659379,0.800000004782969,0.5000000173621775,2.8879423295064637
2026-05-18 11:07:05.861076,0.40000001147912556,0.08000000028697812,0.8000000014348906,0.5000000052086532,2.8879423295064637
2026-05-18 11:07:06.861076,0.40000001147912556,0.08000000028697812,0.8000000014348906,0.5000000052086532,2.8879423295064637
2026-05-18 11:07:07.861076,0.40000001147912556,0.08000000028697812,0.8000000014348906,0.5000000052086532,2.8879423295064637
2026-05-18 11:07:08.864739,0.40000001147912556,0.08000000028697812,0.8000000014348906,0.5000000052086532,2.8879423295064637
2026-05-18 11:07:09.864739,0.40000001147912556,0.08000000028697812,0.8000000014348906,0.5000000052086532,2.8879423295064637
2026-05-18 11:07:10.864739,0.40000001147912556,0.08000000028697812,0.8000000014348906,0.5000000052086532,2.8879423295064637
2026-05-18 11:07:11.866666,0.40000001147912556,0.08000000028697812,0.8000000014348906,0.5000000052086532,2.8879423295064637
2026-05-18 11:07:15.797110,0.40000001147912556,0.08000000028697812,0.8000000014348906,0.5000000052086532,2.8879423295064637
2026-05-18 11:07:16.797198,0.40000000344373765,0.08000000008609343,0.800000000430467,0.5000000015625959,2.9555920587855775
2026-05-18 11:07:17.798781,0.40000000344373765,0.08000000008609343,0.800000000430467,0.5000000015625959,2.9555920587855775
2026-05-18 11:07:18.799256,0.40000000344373765,0.08000000008609343,0.800000000430467,0.5000000015625959,2.9555920587855775
2026-05-18 11:07:19.799256,0.40000000344373765,0.08000000008609343,0.800000000430467,0.5000000015625959,2.9555920587855775
2026-05-18 11:07:20.800457,0.40000000344373765,0.08000000008609343,0.800000000430467,0.5000000015625959,2.9555920587855775
2026-05-18 11:07:21.800650,0.40000000344373765,0.08000000008609343,0.800000000430467,0.5000000015625959,2.9555920587855775
2026-05-18 11:07:22.800650,0.40000000344373765,0.08000000008609343,0.800000000430467,0.5000000015625959,2.9555920587855775
2026-05-18 11:07:23.800650,0.40000000344373765,0.08000000008609343,0.800000000430467,0.5000000015625959,2.9555920587855775
2026-05-18 11:07:24.800650,0.40000000344373765,0.08000000008609343,0.800000000430467,0.5000000015625959,2.9555920587855775
2026-05-18 11:21:20.238625,1.2,0.1,0.9,0.863,10000
2026-05-18 11:21:21.238625,1.2,0.1,0.9,0.863,10000
2026-05-18 11:21:22.238625,1.2,0.1,0.9,0.863,10000
2026-05-18 11:21:23.238625,1.2,0.1,0.9,0.863,10000
2026-05-18 11:21:24.240642,1.2,0.1,0.9,0.863,10000
2026-05-18 11:21:25.240642,1.2,0.1,0.9,0.863,10000
2026-05-18 11:21:26.240642,1.2,0.1,0.9,0.863,10000
2026-05-18 11:21:27.243896,1.2,0.1,0.9,0.863,10000
2026-05-18 11:21:28.243896,1.2,0.1,0.9,0.863,10000
2026-05-18 11:21:29.243896,0.6399999999999999,0.086,0.83,0.6089,2.9555920587855775
2026-05-18 11:21:30.243896,0.6399999999999999,0.086,0.83,0.6089,2.9555920587855775
2026-05-18 11:21:31.248590,0.6399999999999999,0.086,0.83,0.6089,2.9555920587855775
2026-05-18 11:21:32.248590,0.6399999999999999,0.086,0.83,0.6089,2.9555920587855775
2026-05-18 11:21:33.257177,0.6399999999999999,0.086,0.83,0.6089,2.9555920587855775
2026-05-18 11:21:34.257177,0.6399999999999999,0.086,0.83,0.6089,2.9555920587855775
2026-05-18 11:21:35.257177,0.6399999999999999,0.086,0.83,0.6089,2.9555920587855775
2026-05-18 11:21:36.257177,0.6399999999999999,0.086,0.83,0.6089,2.9555920587855775
2026-05-18 11:21:37.257189,0.6399999999999999,0.086,0.83,0.6089,2.9555920587855775
2026-05-18 11:21:38.257200,0.6399999999999999,0.086,0.83,0.6089,2.9555920587855775
2026-05-18 11:21:39.257205,0.472,0.08179999999999998,0.8089999999999999,0.53267,2.9555920587855775
2026-05-18 11:21:40.257205,0.472,0.08179999999999998,0.8089999999999999,0.53267,2.9555920587855775
2026-05-18 11:21:55.080560,1.2,0.1,0.9,0.863,10000
2026-05-18 11:21:56.080560,1.2,0.1,0.9,0.863,10000
2026-05-18 11:21:57.088768,1.2,0.1,0.9,0.863,10000
2026-05-18 11:21:58.088768,1.2,0.1,0.9,0.863,10000
2026-05-18 11:21:59.095524,1.2,0.1,0.9,0.863,10000
2026-05-18 11:22:00.098466,1.2,0.1,0.9,0.863,10000
2026-05-18 11:22:01.104147,1.2,0.1,0.9,0.863,10000
2026-05-18 11:22:02.104147,1.2,0.1,0.9,0.863,10000
2026-05-18 11:22:03.108979,1.2,0.1,0.9,0.863,10000
2026-05-18 11:22:04.132871,0.6399999999999999,0.086,0.83,0.6089,2.9555920587855775
2026-05-18 11:22:05.132872,0.6399999999999999,0.086,0.83,0.6089,2.9555920587855775
2026-05-18 11:22:06.134549,0.6399999999999999,0.086,0.83,0.6089,2.9555920587855775
2026-05-18 11:22:07.134549,0.6399999999999999,0.086,0.83,0.6089,2.9555920587855775
2026-05-18 11:22:08.134549,0.6399999999999999,0.086,0.83,0.6089,2.9555920587855775
2026-05-18 11:22:09.134551,0.6399999999999999,0.086,0.83,0.6089,2.9555920587855775
2026-05-18 11:22:10.174029,0.6399999999999999,0.086,0.83,0.6089,2.9555920587855775
2026-05-18 11:22:11.180324,0.6399999999999999,0.086,0.83,0.6089,2.9555920587855775
2026-05-18 11:22:12.180324,0.6399999999999999,0.086,0.83,0.6089,2.9555920587855775
2026-05-18 11:22:13.180324,0.6399999999999999,0.086,0.83,0.6089,2.9555920587855775
2026-05-18 11:22:14.180324,0.6399999999999999,0.086,0.83,0.6089,2.9555920587855775
2026-05-18 11:22:15.181666,0.472,0.08179999999999998,0.8089999999999999,0.53267,2.9555920587855775
2026-05-18 11:22:16.181666,0.472,0.08179999999999998,0.8089999999999999,0.53267,2.9555920587855775
2026-05-18 11:22:17.181666,0.472,0.08179999999999998,0.8089999999999999,0.53267,2.9555920587855775
2026-05-18 11:22:18.192933,0.472,0.08179999999999998,0.8089999999999999,0.53267,2.9555920587855775
2026-05-18 11:22:19.192933,0.472,0.08179999999999998,0.8089999999999999,0.53267,2.9555920587855775
2026-05-18 11:22:20.193022,0.472,0.08179999999999998,0.8089999999999999,0.53267,2.9555920587855775
2026-05-18 11:22:21.193047,0.472,0.08179999999999998,0.8089999999999999,0.53267,2.9555920587855775
2026-05-18 11:22:22.193047,0.472,0.08179999999999998,0.8089999999999999,0.53267,2.9555920587855775
2026-05-18 11:22:23.193047,0.472,0.08179999999999998,0.8089999999999999,0.53267,2.9555920587855775
2026-05-18 11:22:24.193702,0.472,0.08179999999999998,0.8089999999999999,0.53267,2.9555920587855775
2026-05-18 11:22:25.198167,0.4216,0.08053999999999999,0.8027,0.509801,2.9555920587855775
2026-05-18 11:22:26.198168,0.4216,0.08053999999999999,0.8027,0.509801,2.9555920587855775
2026-05-18 11:22:27.198857,0.4216,0.08053999999999999,0.8027,0.509801,2.9555920587855775
2026-05-18 11:22:28.198857,0.4216,0.08053999999999999,0.8027,0.509801,2.9555920587855775
2026-05-18 11:22:29.198857,0.4216,0.08053999999999999,0.8027,0.509801,2.9555920587855775
2026-05-18 11:22:30.198857,0.4216,0.08053999999999999,0.8027,0.509801,2.9555920587855775
2026-05-18 11:22:31.198857,0.4216,0.08053999999999999,0.8027,0.509801,2.9555920587855775
2026-05-18 11:22:32.198857,0.4216,0.08053999999999999,0.8027,0.509801,2.9555920587855775
2026-05-18 11:22:33.198857,0.4216,0.08053999999999999,0.8027,0.509801,2.9555920587855775
2026-05-18 11:22:34.207183,0.4216,0.08053999999999999,0.8027,0.509801,2.9555920587855775
2026-05-18 11:22:35.207183,0.40647999999999995,0.08016199999999998,0.8008099999999999,0.5029402999999999,2.9555920587855775
2026-05-18 11:22:36.207183,0.40647999999999995,0.08016199999999998,0.8008099999999999,0.5029402999999999,2.9555920587855775
2026-05-18 11:22:37.207183,0.40647999999999995,0.08016199999999998,0.8008099999999999,0.5029402999999999,2.9555920587855775
2026-05-18 11:22:38.207215,0.40647999999999995,0.08016199999999998,0.8008099999999999,0.5029402999999999,2.9555920587855775
2026-05-18 11:22:39.207215,0.40647999999999995,0.08016199999999998,0.8008099999999999,0.5029402999999999,2.9555920587855775
2026-05-18 11:22:40.209911,0.40647999999999995,0.08016199999999998,0.8008099999999999,0.5029402999999999,2.9555920587855775
2026-05-18 11:22:41.209911,0.40647999999999995,0.08016199999999998,0.8008099999999999,0.5029402999999999,2.9555920587855775
2026-05-18 11:22:42.209911,0.40647999999999995,0.08016199999999998,0.8008099999999999,0.5029402999999999,2.9555920587855775
2026-05-18 11:22:43.209911,0.40647999999999995,0.08016199999999998,0.8008099999999999,0.5029402999999999,2.9555920587855775
2026-05-18 11:22:44.219613,0.40647999999999995,0.08016199999999998,0.8008099999999999,0.5029402999999999,2.9555920587855775
2026-05-18 11:22:45.219615,0.40647999999999995,0.08016199999999998,0.8008099999999999,0.5029402999999999,2.9555920587855775
2026-05-18 11:22:46.219615,0.40194399999999997,0.08004859999999998,0.8002429999999999,0.50088209,2.9555920587855775
2026-05-18 11:22:47.219615,0.40194399999999997,0.08004859999999998,0.8002429999999999,0.50088209,2.9555920587855775
2026-05-18 11:22:48.219615,0.40194399999999997,0.08004859999999998,0.8002429999999999,0.50088209,2.9555920587855775
2026-05-18 11:22:49.219615,0.40194399999999997,0.08004859999999998,0.8002429999999999,0.50088209,2.9555920587855775
2026-05-18 11:22:50.219620,0.40194399999999997,0.08004859999999998,0.8002429999999999,0.50088209,2.9555920587855775
2026-05-18 11:22:51.219620,0.40194399999999997,0.08004859999999998,0.8002429999999999,0.50088209,2.9555920587855775
2026-05-18 11:22:52.219623,0.40194399999999997,0.08004859999999998,0.8002429999999999,0.50088209,2.9555920587855775
2026-05-18 11:22:53.226883,0.40194399999999997,0.08004859999999998,0.8002429999999999,0.50088209,2.9555920587855775
2026-05-18 11:22:54.226884,0.40194399999999997,0.08004859999999998,0.8002429999999999,0.50088209,2.9555920587855775
2026-05-18 11:22:55.226884,0.40194399999999997,0.08004859999999998,0.8002429999999999,0.50088209,2.9555920587855775
2026-05-18 11:22:56.226884,0.4005832,0.08001457999999999,0.8000729,0.500264627,2.9555920587855775
2026-05-18 11:22:57.226884,0.4005832,0.08001457999999999,0.8000729,0.500264627,2.9555920587855775
2026-05-18 11:22:58.227139,0.4005832,0.08001457999999999,0.8000729,0.500264627,2.9555920587855775
2026-05-18 11:22:59.235681,0.4005832,0.08001457999999999,0.8000729,0.500264627,2.9555920587855775
2026-05-18 11:23:00.236520,0.4005832,0.08001457999999999,0.8000729,0.500264627,2.9555920587855775
2026-05-18 11:23:01.237006,0.4005832,0.08001457999999999,0.8000729,0.500264627,2.9555920587855775
2026-05-18 11:23:02.237007,0.4005832,0.08001457999999999,0.8000729,0.500264627,2.9555920587855775
2026-05-18 11:23:03.238318,0.4005832,0.08001457999999999,0.8000729,0.500264627,2.9555920587855775
2026-05-18 11:23:04.238318,0.4005832,0.08001457999999999,0.8000729,0.500264627,2.9555920587855775
2026-05-18 11:23:05.238318,0.4005832,0.08001457999999999,0.8000729,0.500264627,2.9555920587855775
2026-05-18 11:23:06.238318,0.40017495999999997,0.08000437399999999,0.8000218699999999,0.5000793881,2.9555920587855775
2026-05-18 11:23:07.244885,0.40017495999999997,0.08000437399999999,0.8000218699999999,0.5000793881,2.9555920587855775
2026-05-18 11:23:08.244885,0.40017495999999997,0.08000437399999999,0.8000218699999999,0.5000793881,2.9555920587855775
2026-05-18 11:23:09.244885,0.40017495999999997,0.08000437399999999,0.8000218699999999,0.5000793881,2.9555920587855775
2026-05-18 11:23:10.244885,0.40017495999999997,0.08000437399999999,0.8000218699999999,0.5000793881,2.9555920587855775
2026-05-18 11:23:11.250969,0.40017495999999997,0.08000437399999999,0.8000218699999999,0.5000793881,2.9555920587855775
2026-05-18 11:23:12.250969,0.40017495999999997,0.08000437399999999,0.8000218699999999,0.5000793881,2.9555920587855775
2026-05-18 11:23:13.260191,0.40017495999999997,0.08000437399999999,0.8000218699999999,0.5000793881,2.9555920587855775
2026-05-18 11:23:14.260193,0.40017495999999997,0.08000437399999999,0.8000218699999999,0.5000793881,2.9555920587855775
2026-05-18 11:23:15.260193,0.40017495999999997,0.08000437399999999,0.8000218699999999,0.5000793881,2.9555920587855775
2026-05-18 11:23:16.260193,0.40005248799999993,0.0800013122,0.8000065609999999,0.5000238164299999,2.9555920587855775
2026-05-18 11:23:17.260193,0.40005248799999993,0.0800013122,0.8000065609999999,0.5000238164299999,2.9555920587855775
2026-05-18 11:23:18.260193,0.40005248799999993,0.0800013122,0.8000065609999999,0.5000238164299999,2.9555920587855775
2026-05-18 11:23:19.274738,0.40005248799999993,0.0800013122,0.8000065609999999,0.5000238164299999,2.9555920587855775
2026-05-18 11:23:20.274738,0.40005248799999993,0.0800013122,0.8000065609999999,0.5000238164299999,2.9555920587855775
2026-05-18 11:23:21.277964,0.40005248799999993,0.0800013122,0.8000065609999999,0.5000238164299999,2.9555920587855775
2026-05-18 11:23:22.277964,0.40005248799999993,0.0800013122,0.8000065609999999,0.5000238164299999,2.9555920587855775
2026-05-18 11:23:23.278971,0.40005248799999993,0.0800013122,0.8000065609999999,0.5000238164299999,2.9555920587855775
2026-05-18 11:23:24.278971,0.40005248799999993,0.0800013122,0.8000065609999999,0.5000238164299999,2.9555920587855775
2026-05-18 11:23:25.278978,0.40005248799999993,0.0800013122,0.8000065609999999,0.5000238164299999,2.9555920587855775
2026-05-18 11:23:26.308411,0.4000157463999999,0.08000039365999999,0.8000019682999999,0.500007144929,3.098956754686
2026-05-18 11:23:27.308411,0.4000157463999999,0.08000039365999999,0.8000019682999999,0.500007144929,3.098956754686
2026-05-18 11:23:28.308411,0.4000157463999999,0.08000039365999999,0.8000019682999999,0.500007144929,3.098956754686
2026-05-18 11:23:29.308411,0.4000157463999999,0.08000039365999999,0.8000019682999999,0.500007144929,3.098956754686
2026-05-18 11:23:30.308411,0.4000157463999999,0.08000039365999999,0.8000019682999999,0.500007144929,3.098956754686
2026-05-18 11:23:31.308411,0.4000157463999999,0.08000039365999999,0.8000019682999999,0.500007144929,3.098956754686
2026-05-18 11:23:32.310885,0.4000157463999999,0.08000039365999999,0.8000019682999999,0.500007144929,3.098956754686
2026-05-18 11:23:33.312591,0.4000157463999999,0.08000039365999999,0.8000019682999999,0.500007144929,3.098956754686
2026-05-18 11:23:34.313228,0.4000157463999999,0.08000039365999999,0.8000019682999999,0.500007144929,3.098956754686
2026-05-18 11:23:35.313229,0.4000157463999999,0.08000039365999999,0.8000019682999999,0.500007144929,3.098956754686
2026-05-18 11:23:36.313229,0.4000157463999999,0.08000039365999999,0.8000019682999999,0.500007144929,3.098956754686
2026-05-18 11:23:37.313229,0.40000472391999997,0.08000011809799999,0.8000005904899999,0.5000021434787,2.9528235427390976
2026-05-18 11:23:38.313229,0.40000472391999997,0.08000011809799999,0.8000005904899999,0.5000021434787,2.9528235427390976
2026-05-18 11:23:39.314935,0.40000472391999997,0.08000011809799999,0.8000005904899999,0.5000021434787,2.9528235427390976
2026-05-18 11:23:40.314935,0.40000472391999997,0.08000011809799999,0.8000005904899999,0.5000021434787,2.9528235427390976
2026-05-18 11:23:41.315462,0.40000472391999997,0.08000011809799999,0.8000005904899999,0.5000021434787,2.9528235427390976
2026-05-18 11:23:42.315462,0.40000472391999997,0.08000011809799999,0.8000005904899999,0.5000021434787,2.9528235427390976
2026-05-18 11:23:43.315462,0.40000472391999997,0.08000011809799999,0.8000005904899999,0.5000021434787,2.9528235427390976
2026-05-18 11:23:44.315462,0.40000472391999997,0.08000011809799999,0.8000005904899999,0.5000021434787,2.9528235427390976
2026-05-18 11:23:45.315462,0.40000472391999997,0.08000011809799999,0.8000005904899999,0.5000021434787,2.9528235427390976
2026-05-18 11:23:46.315462,0.40000472391999997,0.08000011809799999,0.8000005904899999,0.5000021434787,2.9528235427390976
2026-05-18 11:23:47.322578,0.40000141717599996,0.08000003542939998,0.8000001771469999,0.5000006430436099,2.830265764297159
2026-05-18 11:23:48.322578,0.40000141717599996,0.08000003542939998,0.8000001771469999,0.5000006430436099,2.830265764297159
2026-05-18 11:23:49.322656,0.40000141717599996,0.08000003542939998,0.8000001771469999,0.5000006430436099,2.830265764297159
2026-05-18 11:23:50.322656,0.40000141717599996,0.08000003542939998,0.8000001771469999,0.5000006430436099,2.830265764297159
2026-05-18 11:23:51.322656,0.40000141717599996,0.08000003542939998,0.8000001771469999,0.5000006430436099,2.830265764297159
2026-05-18 11:23:52.323370,0.40000141717599996,0.08000003542939998,0.8000001771469999,0.5000006430436099,2.830265764297159
2026-05-18 11:23:53.326213,0.40000141717599996,0.08000003542939998,0.8000001771469999,0.5000006430436099,2.830265764297159
2026-05-18 11:23:54.326213,0.40000141717599996,0.08000003542939998,0.8000001771469999,0.5000006430436099,2.830265764297159
2026-05-18 11:23:55.326333,0.40000141717599996,0.08000003542939998,0.8000001771469999,0.5000006430436099,2.830265764297159
2026-05-18 11:23:56.327496,0.40000141717599996,0.08000003542939998,0.8000001771469999,0.5000006430436099,2.830265764297159
2026-05-18 11:23:57.327496,0.40000141717599996,0.08000003542939998,0.8000001771469999,0.5000006430436099,2.830265764297159
2026-05-18 11:23:58.328073,0.4000004251528,0.08000001062881999,0.8000000531440998,0.500000192913083,2.7248273036110695
2026-05-18 11:23:59.328073,0.4000004251528,0.08000001062881999,0.8000000531440998,0.500000192913083,2.7248273036110695
2026-05-18 11:24:00.328073,0.4000004251528,0.08000001062881999,0.8000000531440998,0.500000192913083,2.7248273036110695
2026-05-18 11:24:01.328073,0.4000004251528,0.08000001062881999,0.8000000531440998,0.500000192913083,2.7248273036110695
2026-05-18 11:24:02.329796,0.4000004251528,0.08000001062881999,0.8000000531440998,0.500000192913083,2.7248273036110695
2026-05-18 11:24:03.329796,0.4000004251528,0.08000001062881999,0.8000000531440998,0.500000192913083,2.7248273036110695
2026-05-18 11:24:04.329796,0.4000004251528,0.08000001062881999,0.8000000531440998,0.500000192913083,2.7248273036110695
2026-05-18 11:24:05.334544,0.4000004251528,0.08000001062881999,0.8000000531440998,0.500000192913083,2.7248273036110695
2026-05-18 11:24:06.334598,0.4000004251528,0.08000001062881999,0.8000000531440998,0.500000192913083,2.7248273036110695
2026-05-18 11:24:07.335989,0.4000004251528,0.08000001062881999,0.8000000531440998,0.500000192913083,2.7248273036110695
2026-05-18 11:24:08.337321,0.40000012754583997,0.08000000318864599,0.8000000159432299,0.5000000578739249,2.629914736532142
2026-05-18 11:24:09.337323,0.40000012754583997,0.08000000318864599,0.8000000159432299,0.5000000578739249,2.629914736532142
2026-05-18 11:24:10.338843,0.40000012754583997,0.08000000318864599,0.8000000159432299,0.5000000578739249,2.629914736532142
