timestamp,a_cal,d_cal,c_cal,T_cal,J_final
2026-05-26 10:33:45.041989,1.2,0.1,0.9,0.863,10000
2026-05-26 10:33:46.047402,1.2,0.1,0.9,0.863,10000
2026-05-26 10:33:47.047402,1.2,0.1,0.9,0.863,10000
2026-05-26 10:33:48.047402,1.2,0.1,0.9,0.863,10000
2026-05-26 10:33:49.050457,1.2,0.1,0.9,0.863,10000
2026-05-26 10:33:50.050457,1.2,0.1,0.9,0.863,10000
2026-05-26 10:33:51.050457,1.2,0.1,0.9,0.863,10000
2026-05-26 10:33:52.050500,1.2,0.1,0.9,0.863,10000
2026-05-26 10:33:53.050500,1.2,0.1,0.9,0.863,10000
2026-05-26 10:33:54.050525,0.6399999999999999,0.086,0.83,0.6089,3.6912111851868317
2026-05-26 10:33:55.050525,0.6399999999999999,0.086,0.83,0.6089,3.6912111851868317
2026-05-26 10:33:56.050587,0.6399999999999999,0.086,0.83,0.6089,3.6912111851868317
2026-05-26 10:33:57.050587,0.6399999999999999,0.086,0.83,0.6089,3.6912111851868317
2026-05-26 10:33:58.050587,0.6399999999999999,0.086,0.83,0.6089,3.6912111851868317
2026-05-26 10:33:59.050608,0.6399999999999999,0.086,0.83,0.6089,3.6912111851868317
2026-05-26 10:34:00.050608,0.6399999999999999,0.086,0.83,0.6089,3.6912111851868317
2026-05-26 10:34:01.050608,0.6399999999999999,0.086,0.83,0.6089,3.6912111851868317
2026-05-26 10:34:02.052667,0.6399999999999999,0.086,0.83,0.6089,3.6912111851868317
2026-05-26 10:34:03.072244,0.6399999999999999,0.086,0.83,0.6089,3.6912111851868317
2026-05-26 10:34:04.072244,0.472,0.08179999999999998,0.8089999999999999,0.53267,3.6912111851868317
2026-05-26 10:34:05.072246,0.472,0.08179999999999998,0.8089999999999999,0.53267,3.6912111851868317
2026-05-26 10:34:06.072246,0.472,0.08179999999999998,0.8089999999999999,0.53267,3.6912111851868317
2026-05-26 10:34:07.072263,0.472,0.08179999999999998,0.8089999999999999,0.53267,3.6912111851868317
2026-05-26 10:34:08.077695,0.472,0.08179999999999998,0.8089999999999999,0.53267,3.6912111851868317
2026-05-26 10:34:09.077949,0.472,0.08179999999999998,0.8089999999999999,0.53267,3.6912111851868317
2026-05-26 10:34:10.081754,0.472,0.08179999999999998,0.8089999999999999,0.53267,3.6912111851868317
2026-05-26 10:34:11.081754,0.472,0.08179999999999998,0.8089999999999999,0.53267,3.6912111851868317
2026-05-26 10:34:12.081754,0.472,0.08179999999999998,0.8089999999999999,0.53267,3.6912111851868317
2026-05-26 10:34:13.081754,0.472,0.08179999999999998,0.8089999999999999,0.53267,3.6912111851868317
2026-05-26 10:34:14.081754,0.472,0.08179999999999998,0.8089999999999999,0.53267,3.6912111851868317
2026-05-26 10:34:15.081754,0.4216,0.08053999999999999,0.8027,0.509801,3.6912111851868317
2026-05-26 10:34:16.081754,0.4216,0.08053999999999999,0.8027,0.509801,3.6912111851868317
2026-05-26 10:34:17.081754,0.4216,0.08053999999999999,0.8027,0.509801,3.6912111851868317
2026-05-26 10:35:41.276258,1.2,0.1,0.9,0.863,10000
2026-05-26 10:35:42.276258,1.2,0.1,0.9,0.863,10000
2026-05-26 10:35:43.276261,1.2,0.1,0.9,0.863,10000
2026-05-26 10:35:44.276278,1.2,0.1,0.9,0.863,10000
2026-05-26 10:35:45.276278,1.2,0.1,0.9,0.863,10000
2026-05-26 10:35:46.276317,1.2,0.1,0.9,0.863,10000
2026-05-26 10:35:47.276317,1.2,0.1,0.9,0.863,10000
2026-05-26 10:35:48.276317,1.2,0.1,0.9,0.863,10000
2026-05-26 10:35:49.279348,1.2,0.1,0.9,0.863,10000
2026-05-26 10:35:50.279348,0.6399999999999999,0.086,0.83,0.6089,3.6912111851868317
2026-05-26 10:35:51.284412,0.6399999999999999,0.086,0.83,0.6089,3.6912111851868317
2026-05-26 10:35:52.284412,0.6399999999999999,0.086,0.83,0.6089,3.6912111851868317
2026-05-26 10:35:53.284454,0.6399999999999999,0.086,0.83,0.6089,3.6912111851868317
2026-05-26 10:35:54.284454,0.6399999999999999,0.086,0.83,0.6089,3.6912111851868317
2026-05-26 10:35:55.284454,0.6399999999999999,0.086,0.83,0.6089,3.6912111851868317
2026-05-26 10:35:56.284454,0.6399999999999999,0.086,0.83,0.6089,3.6912111851868317
2026-05-26 10:35:57.284454,0.6399999999999999,0.086,0.83,0.6089,3.6912111851868317
2026-05-26 10:35:58.284962,0.6399999999999999,0.086,0.83,0.6089,3.6912111851868317
2026-05-26 10:35:59.284962,0.6399999999999999,0.086,0.83,0.6089,3.6912111851868317
2026-05-26 10:36:00.284963,0.472,0.08179999999999998,0.8089999999999999,0.53267,3.6912111851868317
2026-05-26 10:36:01.284963,0.472,0.08179999999999998,0.8089999999999999,0.53267,3.6912111851868317
2026-05-26 10:36:02.284963,0.472,0.08179999999999998,0.8089999999999999,0.53267,3.6912111851868317
2026-05-26 10:36:03.284996,0.472,0.08179999999999998,0.8089999999999999,0.53267,3.6912111851868317
2026-05-26 10:36:04.285197,0.472,0.08179999999999998,0.8089999999999999,0.53267,3.6912111851868317
2026-05-26 10:36:05.285197,0.472,0.08179999999999998,0.8089999999999999,0.53267,3.6912111851868317
2026-05-26 10:36:06.285197,0.472,0.08179999999999998,0.8089999999999999,0.53267,3.6912111851868317
2026-05-26 10:36:07.299095,0.472,0.08179999999999998,0.8089999999999999,0.53267,3.6912111851868317
2026-05-26 10:36:08.300008,0.472,0.08179999999999998,0.8089999999999999,0.53267,3.6912111851868317
2026-05-26 10:36:09.300014,0.472,0.08179999999999998,0.8089999999999999,0.53267,3.6912111851868317
2026-05-26 10:36:10.301015,0.472,0.08179999999999998,0.8089999999999999,0.53267,3.6912111851868317
2026-05-26 10:36:11.301016,0.4216,0.08053999999999999,0.8027,0.509801,3.6912111851868317
2026-05-26 10:36:12.301016,0.4216,0.08053999999999999,0.8027,0.509801,3.6912111851868317
2026-05-26 10:36:13.301016,0.4216,0.08053999999999999,0.8027,0.509801,3.6912111851868317
2026-05-26 10:36:14.301016,0.4216,0.08053999999999999,0.8027,0.509801,3.6912111851868317
2026-05-26 10:36:15.301016,0.4216,0.08053999999999999,0.8027,0.509801,3.6912111851868317
2026-05-26 10:36:16.313648,0.4216,0.08053999999999999,0.8027,0.509801,3.6912111851868317
2026-05-26 10:36:17.313679,0.4216,0.08053999999999999,0.8027,0.509801,3.6912111851868317
2026-05-26 10:36:18.313682,0.4216,0.08053999999999999,0.8027,0.509801,3.6912111851868317
2026-05-26 10:36:19.313773,0.4216,0.08053999999999999,0.8027,0.509801,3.6912111851868317
2026-05-26 10:36:20.313773,0.4216,0.08053999999999999,0.8027,0.509801,3.6912111851868317
2026-05-26 10:36:21.313773,0.40647999999999995,0.08016199999999998,0.8008099999999999,0.5029402999999999,3.6912111851868317
2026-05-26 10:36:22.313773,0.40647999999999995,0.08016199999999998,0.8008099999999999,0.5029402999999999,3.6912111851868317
2026-05-26 10:36:23.313773,0.40647999999999995,0.08016199999999998,0.8008099999999999,0.5029402999999999,3.6912111851868317
2026-05-26 10:36:24.313779,0.40647999999999995,0.08016199999999998,0.8008099999999999,0.5029402999999999,3.6912111851868317
2026-05-26 10:36:25.313779,0.40647999999999995,0.08016199999999998,0.8008099999999999,0.5029402999999999,3.6912111851868317
2026-05-26 10:36:26.313779,0.40647999999999995,0.08016199999999998,0.8008099999999999,0.5029402999999999,3.6912111851868317
2026-05-26 10:36:27.313789,0.40647999999999995,0.08016199999999998,0.8008099999999999,0.5029402999999999,3.6912111851868317
2026-05-26 10:36:28.317737,0.40647999999999995,0.08016199999999998,0.8008099999999999,0.5029402999999999,3.6912111851868317
2026-05-26 10:36:29.317737,0.40647999999999995,0.08016199999999998,0.8008099999999999,0.5029402999999999,3.6912111851868317
2026-05-26 10:36:30.326986,0.40647999999999995,0.08016199999999998,0.8008099999999999,0.5029402999999999,3.6912111851868317
2026-05-26 10:36:31.327447,0.40194399999999997,0.08004859999999998,0.8002429999999999,0.50088209,3.6912111851868317
2026-05-26 10:36:32.327447,0.40194399999999997,0.08004859999999998,0.8002429999999999,0.50088209,3.6912111851868317
2026-05-26 10:36:33.328142,0.40194399999999997,0.08004859999999998,0.8002429999999999,0.50088209,3.6912111851868317
2026-05-26 10:36:34.328142,0.40194399999999997,0.08004859999999998,0.8002429999999999,0.50088209,3.6912111851868317
2026-05-26 10:36:35.328150,0.40194399999999997,0.08004859999999998,0.8002429999999999,0.50088209,3.6912111851868317
2026-05-26 10:36:36.328150,0.40194399999999997,0.08004859999999998,0.8002429999999999,0.50088209,3.6912111851868317
2026-05-26 10:36:37.328150,0.40194399999999997,0.08004859999999998,0.8002429999999999,0.50088209,3.6912111851868317
2026-05-26 10:36:38.337271,0.40194399999999997,0.08004859999999998,0.8002429999999999,0.50088209,3.6912111851868317
2026-05-26 10:36:39.337271,0.40194399999999997,0.08004859999999998,0.8002429999999999,0.50088209,3.6912111851868317
2026-05-26 10:36:40.337271,0.40194399999999997,0.08004859999999998,0.8002429999999999,0.50088209,3.6912111851868317
2026-05-26 10:36:41.337283,0.4005832,0.08001457999999999,0.8000729,0.500264627,3.6912111851868317
2026-05-26 10:36:42.337283,0.4005832,0.08001457999999999,0.8000729,0.500264627,3.6912111851868317
2026-05-26 10:36:43.337493,0.4005832,0.08001457999999999,0.8000729,0.500264627,3.6912111851868317
2026-05-26 10:36:44.345968,0.4005832,0.08001457999999999,0.8000729,0.500264627,3.6912111851868317
2026-05-26 10:36:45.345968,0.4005832,0.08001457999999999,0.8000729,0.500264627,3.6912111851868317
2026-05-26 10:36:46.345971,0.4005832,0.08001457999999999,0.8000729,0.500264627,3.6912111851868317
2026-05-26 10:36:47.353820,0.4005832,0.08001457999999999,0.8000729,0.500264627,3.6912111851868317
2026-05-26 10:36:48.359676,0.4005832,0.08001457999999999,0.8000729,0.500264627,3.6912111851868317
2026-05-26 10:36:49.359680,0.4005832,0.08001457999999999,0.8000729,0.500264627,3.6912111851868317
2026-05-26 10:36:50.359680,0.4005832,0.08001457999999999,0.8000729,0.500264627,3.6912111851868317
2026-05-26 10:36:51.359680,0.40017495999999997,0.08000437399999999,0.8000218699999999,0.5000793881,3.6912111851868317
2026-05-26 10:36:52.359680,0.40017495999999997,0.08000437399999999,0.8000218699999999,0.5000793881,3.6912111851868317
2026-05-26 10:36:53.359680,0.40017495999999997,0.08000437399999999,0.8000218699999999,0.5000793881,3.6912111851868317
2026-05-26 10:36:54.359680,0.40017495999999997,0.08000437399999999,0.8000218699999999,0.5000793881,3.6912111851868317
2026-05-26 10:36:55.359680,0.40017495999999997,0.08000437399999999,0.8000218699999999,0.5000793881,3.6912111851868317
2026-05-26 10:36:56.362601,0.40017495999999997,0.08000437399999999,0.8000218699999999,0.5000793881,3.6912111851868317
2026-05-26 10:36:57.384130,0.40017495999999997,0.08000437399999999,0.8000218699999999,0.5000793881,3.6912111851868317
2026-05-26 10:36:58.384130,0.40017495999999997,0.08000437399999999,0.8000218699999999,0.5000793881,3.6912111851868317
2026-05-26 10:36:59.384130,0.40017495999999997,0.08000437399999999,0.8000218699999999,0.5000793881,3.6912111851868317
2026-05-26 10:37:00.385241,0.40017495999999997,0.08000437399999999,0.8000218699999999,0.5000793881,3.6912111851868317
2026-05-26 10:37:01.385241,0.40017495999999997,0.08000437399999999,0.8000218699999999,0.5000793881,3.6912111851868317
2026-05-26 10:37:02.389372,0.40005248799999993,0.0800013122,0.8000065609999999,0.5000238164299999,3.7975827725385303
2026-05-26 10:37:03.389372,0.40005248799999993,0.0800013122,0.8000065609999999,0.5000238164299999,3.7975827725385303
2026-05-26 10:37:04.389372,0.40005248799999993,0.0800013122,0.8000065609999999,0.5000238164299999,3.7975827725385303
2026-05-26 10:37:05.389372,0.40005248799999993,0.0800013122,0.8000065609999999,0.5000238164299999,3.7975827725385303
2026-05-26 10:37:06.389372,0.40005248799999993,0.0800013122,0.8000065609999999,0.5000238164299999,3.7975827725385303
2026-05-26 10:37:07.389372,0.40005248799999993,0.0800013122,0.8000065609999999,0.5000238164299999,3.7975827725385303
2026-05-26 10:37:08.392152,0.40005248799999993,0.0800013122,0.8000065609999999,0.5000238164299999,3.7975827725385303
2026-05-26 10:37:09.392152,0.40005248799999993,0.0800013122,0.8000065609999999,0.5000238164299999,3.7975827725385303
2026-05-26 10:37:10.435044,0.40005248799999993,0.0800013122,0.8000065609999999,0.5000238164299999,3.7975827725385303
2026-05-26 10:37:11.443281,0.40005248799999993,0.0800013122,0.8000065609999999,0.5000238164299999,3.7975827725385303
2026-05-26 10:37:12.443287,0.4000157463999999,0.08000039365999999,0.8000019682999999,0.500007144929,3.7975827725385303
2026-05-26 10:37:13.443287,0.4000157463999999,0.08000039365999999,0.8000019682999999,0.500007144929,3.7975827725385303
2026-05-26 10:37:14.443287,0.4000157463999999,0.08000039365999999,0.8000019682999999,0.500007144929,3.7975827725385303
2026-05-26 10:37:15.443287,0.4000157463999999,0.08000039365999999,0.8000019682999999,0.500007144929,3.7975827725385303
2026-05-26 10:37:16.443287,0.4000157463999999,0.08000039365999999,0.8000019682999999,0.500007144929,3.7975827725385303
2026-05-26 10:37:17.443287,0.4000157463999999,0.08000039365999999,0.8000019682999999,0.500007144929,3.7975827725385303
2026-05-26 10:37:18.443287,0.4000157463999999,0.08000039365999999,0.8000019682999999,0.500007144929,3.7975827725385303
2026-05-26 10:37:19.444642,0.4000157463999999,0.08000039365999999,0.8000019682999999,0.500007144929,3.7975827725385303
2026-05-26 10:37:20.444642,0.4000157463999999,0.08000039365999999,0.8000019682999999,0.500007144929,3.7975827725385303
2026-05-26 10:37:21.444642,0.4000157463999999,0.08000039365999999,0.8000019682999999,0.500007144929,3.7975827725385303
2026-05-26 10:37:22.444644,0.40000472391999997,0.08000011809799999,0.8000005904899999,0.5000021434787,3.785305559060489
2026-05-26 10:37:23.450132,0.40000472391999997,0.08000011809799999,0.8000005904899999,0.5000021434787,3.785305559060489
2026-05-26 10:37:24.450132,0.40000472391999997,0.08000011809799999,0.8000005904899999,0.5000021434787,3.785305559060489
2026-05-26 10:37:25.455420,0.40000472391999997,0.08000011809799999,0.8000005904899999,0.5000021434787,3.785305559060489
2026-05-26 10:37:26.455422,0.40000472391999997,0.08000011809799999,0.8000005904899999,0.5000021434787,3.785305559060489
2026-05-26 10:37:27.455753,0.40000472391999997,0.08000011809799999,0.8000005904899999,0.5000021434787,3.785305559060489
2026-05-26 10:37:28.455919,0.40000472391999997,0.08000011809799999,0.8000005904899999,0.5000021434787,3.785305559060489
2026-05-26 10:37:29.490594,0.40000472391999997,0.08000011809799999,0.8000005904899999,0.5000021434787,3.785305559060489
2026-05-26 10:37:30.490594,0.40000472391999997,0.08000011809799999,0.8000005904899999,0.5000021434787,3.785305559060489
2026-05-26 10:37:31.490594,0.40000472391999997,0.08000011809799999,0.8000005904899999,0.5000021434787,3.785305559060489
2026-05-26 10:37:32.490940,0.40000141717599996,0.08000003542939998,0.8000001771469999,0.5000006430436099,3.785305559060489
2026-05-26 10:37:33.490940,0.40000141717599996,0.08000003542939998,0.8000001771469999,0.5000006430436099,3.785305559060489
2026-05-26 10:37:34.490940,0.40000141717599996,0.08000003542939998,0.8000001771469999,0.5000006430436099,3.785305559060489
2026-05-26 10:37:35.493562,0.40000141717599996,0.08000003542939998,0.8000001771469999,0.5000006430436099,3.785305559060489
2026-05-26 10:37:36.494248,0.40000141717599996,0.08000003542939998,0.8000001771469999,0.5000006430436099,3.785305559060489
2026-05-26 10:37:37.494248,0.40000141717599996,0.08000003542939998,0.8000001771469999,0.5000006430436099,3.785305559060489
2026-05-26 10:37:38.494248,0.40000141717599996,0.08000003542939998,0.8000001771469999,0.5000006430436099,3.785305559060489
2026-05-26 10:37:39.494252,0.40000141717599996,0.08000003542939998,0.8000001771469999,0.5000006430436099,3.785305559060489
2026-05-26 10:37:40.494252,0.40000141717599996,0.08000003542939998,0.8000001771469999,0.5000006430436099,3.785305559060489
2026-05-26 10:37:41.494252,0.40000141717599996,0.08000003542939998,0.8000001771469999,0.5000006430436099,3.785305559060489
2026-05-26 10:37:42.494252,0.40000141717599996,0.08000003542939998,0.8000001771469999,0.5000006430436099,3.785305559060489
2026-05-26 10:37:43.494252,0.4000004251528,0.08000001062881999,0.8000000531440998,0.500000192913083,3.785305559060489
2026-05-26 10:37:44.504319,0.4000004251528,0.08000001062881999,0.8000000531440998,0.500000192913083,3.785305559060489
2026-05-26 10:37:45.504468,0.4000004251528,0.08000001062881999,0.8000000531440998,0.500000192913083,3.785305559060489
2026-05-26 10:37:46.504468,0.4000004251528,0.08000001062881999,0.8000000531440998,0.500000192913083,3.785305559060489
2026-05-26 10:37:47.504468,0.4000004251528,0.08000001062881999,0.8000000531440998,0.500000192913083,3.785305559060489
2026-05-26 10:37:48.504468,0.4000004251528,0.08000001062881999,0.8000000531440998,0.500000192913083,3.785305559060489
2026-05-26 10:37:49.504468,0.4000004251528,0.08000001062881999,0.8000000531440998,0.500000192913083,3.785305559060489
2026-05-26 10:37:50.504468,0.4000004251528,0.08000001062881999,0.8000000531440998,0.500000192913083,3.785305559060489
2026-05-26 10:37:51.504826,0.4000004251528,0.08000001062881999,0.8000000531440998,0.500000192913083,3.785305559060489
2026-05-26 10:37:52.507757,0.4000004251528,0.08000001062881999,0.8000000531440998,0.500000192913083,3.785305559060489
2026-05-26 10:37:53.507757,0.40000012754583997,0.08000000318864599,0.8000000159432299,0.5000000578739249,3.785305559060489
2026-05-26 10:37:54.507757,0.40000012754583997,0.08000000318864599,0.8000000159432299,0.5000000578739249,3.785305559060489
2026-05-26 10:37:55.507800,0.40000012754583997,0.08000000318864599,0.8000000159432299,0.5000000578739249,3.785305559060489
2026-05-26 10:37:56.507800,0.40000012754583997,0.08000000318864599,0.8000000159432299,0.5000000578739249,3.785305559060489
2026-05-26 10:37:57.507800,0.40000012754583997,0.08000000318864599,0.8000000159432299,0.5000000578739249,3.785305559060489
2026-05-26 10:37:58.507800,0.40000012754583997,0.08000000318864599,0.8000000159432299,0.5000000578739249,3.785305559060489
2026-05-26 10:37:59.507800,0.40000012754583997,0.08000000318864599,0.8000000159432299,0.5000000578739249,3.785305559060489
2026-05-26 10:38:00.507800,0.40000012754583997,0.08000000318864599,0.8000000159432299,0.5000000578739249,3.785305559060489
2026-05-26 10:38:01.508481,0.40000012754583997,0.08000000318864599,0.8000000159432299,0.5000000578739249,3.785305559060489
2026-05-26 10:38:02.508481,0.40000012754583997,0.08000000318864599,0.8000000159432299,0.5000000578739249,3.785305559060489
2026-05-26 10:38:03.508495,0.40000003826375197,0.08000000095659379,0.800000004782969,0.5000000173621775,3.785305559060489
2026-05-26 10:38:04.508495,0.40000003826375197,0.08000000095659379,0.800000004782969,0.5000000173621775,3.785305559060489
2026-05-26 10:38:05.508495,0.40000003826375197,0.08000000095659379,0.800000004782969,0.5000000173621775,3.785305559060489
2026-05-26 10:38:06.508495,0.40000003826375197,0.08000000095659379,0.800000004782969,0.5000000173621775,3.785305559060489
2026-05-26 10:38:07.508495,0.40000003826375197,0.08000000095659379,0.800000004782969,0.5000000173621775,3.785305559060489
2026-05-26 10:38:08.508495,0.40000003826375197,0.08000000095659379,0.800000004782969,0.5000000173621775,3.785305559060489
2026-05-26 10:38:09.508495,0.40000003826375197,0.08000000095659379,0.800000004782969,0.5000000173621775,3.785305559060489
2026-05-26 10:38:10.508495,0.40000003826375197,0.08000000095659379,0.800000004782969,0.5000000173621775,3.785305559060489
2026-05-26 10:38:11.508499,0.40000003826375197,0.08000000095659379,0.800000004782969,0.5000000173621775,3.785305559060489
2026-05-26 10:38:12.511455,0.40000003826375197,0.08000000095659379,0.800000004782969,0.5000000173621775,3.785305559060489
2026-05-26 10:38:13.511455,0.40000003826375197,0.08000000095659379,0.800000004782969,0.5000000173621775,3.785305559060489
2026-05-26 10:38:14.511489,0.40000001147912556,0.08000000028697812,0.8000000014348906,0.5000000052086532,3.785305559060489
2026-05-26 10:38:15.511489,0.40000001147912556,0.08000000028697812,0.8000000014348906,0.5000000052086532,3.785305559060489
2026-05-26 10:38:16.511489,0.40000001147912556,0.08000000028697812,0.8000000014348906,0.5000000052086532,3.785305559060489
2026-05-26 10:38:17.511489,0.40000001147912556,0.08000000028697812,0.8000000014348906,0.5000000052086532,3.785305559060489
2026-05-26 10:38:18.512358,0.40000001147912556,0.08000000028697812,0.8000000014348906,0.5000000052086532,3.785305559060489
2026-05-26 10:38:19.512358,0.40000001147912556,0.08000000028697812,0.8000000014348906,0.5000000052086532,3.785305559060489
2026-05-26 10:38:20.514264,0.40000001147912556,0.08000000028697812,0.8000000014348906,0.5000000052086532,3.785305559060489
2026-05-26 10:38:21.514264,0.40000001147912556,0.08000000028697812,0.8000000014348906,0.5000000052086532,3.785305559060489
2026-05-26 10:38:22.514264,0.40000001147912556,0.08000000028697812,0.8000000014348906,0.5000000052086532,3.785305559060489
2026-05-26 10:38:23.514264,0.40000001147912556,0.08000000028697812,0.8000000014348906,0.5000000052086532,3.785305559060489
2026-05-26 10:38:24.514264,0.40000001147912556,0.08000000028697812,0.8000000014348906,0.5000000052086532,3.785305559060489
2026-05-26 10:38:25.514264,0.40000000344373765,0.08000000008609343,0.800000000430467,0.5000000015625959,3.785305559060489
2026-05-26 10:38:26.514264,0.40000000344373765,0.08000000008609343,0.800000000430467,0.5000000015625959,3.785305559060489
2026-05-26 10:38:27.514264,0.40000000344373765,0.08000000008609343,0.800000000430467,0.5000000015625959,3.785305559060489
2026-05-26 10:38:28.514264,0.40000000344373765,0.08000000008609343,0.800000000430467,0.5000000015625959,3.785305559060489
2026-05-26 10:38:29.514264,0.40000000344373765,0.08000000008609343,0.800000000430467,0.5000000015625959,3.785305559060489
2026-05-26 10:38:30.514333,0.40000000344373765,0.08000000008609343,0.800000000430467,0.5000000015625959,3.785305559060489
2026-05-26 10:38:31.514333,0.40000000344373765,0.08000000008609343,0.800000000430467,0.5000000015625959,3.785305559060489
2026-05-26 10:38:32.514333,0.40000000344373765,0.08000000008609343,0.800000000430467,0.5000000015625959,3.785305559060489
2026-05-26 10:38:33.514353,0.40000000344373765,0.08000000008609343,0.800000000430467,0.5000000015625959,3.785305559060489
2026-05-26 10:38:34.514498,0.40000000344373765,0.08000000008609343,0.800000000430467,0.5000000015625959,3.785305559060489
2026-05-26 10:38:35.514498,0.4000000010331213,0.08000000002582802,0.8000000001291401,0.5000000004687788,3.785305559060489
2026-05-26 10:38:36.514599,0.4000000010331213,0.08000000002582802,0.8000000001291401,0.5000000004687788,3.785305559060489
2026-05-26 10:38:37.520090,0.4000000010331213,0.08000000002582802,0.8000000001291401,0.5000000004687788,3.785305559060489
2026-05-26 10:38:38.520125,0.4000000010331213,0.08000000002582802,0.8000000001291401,0.5000000004687788,3.785305559060489
2026-05-26 10:38:39.520125,0.4000000010331213,0.08000000002582802,0.8000000001291401,0.5000000004687788,3.785305559060489
2026-05-26 10:38:40.520125,0.4000000010331213,0.08000000002582802,0.8000000001291401,0.5000000004687788,3.785305559060489
2026-05-26 10:38:41.520125,0.4000000010331213,0.08000000002582802,0.8000000001291401,0.5000000004687788,3.785305559060489
2026-05-26 10:38:42.520125,0.4000000010331213,0.08000000002582802,0.8000000001291401,0.5000000004687788,3.785305559060489
2026-05-26 10:38:43.520368,0.4000000010331213,0.08000000002582802,0.8000000001291401,0.5000000004687788,3.785305559060489
2026-05-26 10:38:44.520368,0.4000000010331213,0.08000000002582802,0.8000000001291401,0.5000000004687788,3.785305559060489
2026-05-26 10:38:45.520368,0.4000000003099363,0.0800000000077484,0.8000000000387419,0.5000000001406336,3.785305559060489
2026-05-26 10:38:46.521288,0.4000000003099363,0.0800000000077484,0.8000000000387419,0.5000000001406336,3.785305559060489
2026-05-26 10:38:47.521394,0.4000000003099363,0.0800000000077484,0.8000000000387419,0.5000000001406336,3.785305559060489
2026-05-26 10:38:48.530114,0.4000000003099363,0.0800000000077484,0.8000000000387419,0.5000000001406336,3.785305559060489
2026-05-26 10:38:49.530114,0.4000000003099363,0.0800000000077484,0.8000000000387419,0.5000000001406336,3.785305559060489
2026-05-26 10:38:50.530423,0.4000000003099363,0.0800000000077484,0.8000000000387419,0.5000000001406336,3.785305559060489
2026-05-26 10:38:51.530494,0.4000000003099363,0.0800000000077484,0.8000000000387419,0.5000000001406336,3.785305559060489
2026-05-26 10:38:52.530494,0.4000000003099363,0.0800000000077484,0.8000000000387419,0.5000000001406336,3.785305559060489
2026-05-26 10:38:53.530494,0.4000000003099363,0.0800000000077484,0.8000000000387419,0.5000000001406336,3.785305559060489
2026-05-26 10:38:54.530494,0.4000000003099363,0.0800000000077484,0.8000000000387419,0.5000000001406336,3.785305559060489
2026-05-26 10:38:55.540832,0.40000000009298087,0.08000000000232452,0.8000000000116225,0.50000000004219,3.785305559060489
2026-05-26 10:38:56.548725,0.40000000009298087,0.08000000000232452,0.8000000000116225,0.50000000004219,3.785305559060489
2026-05-26 10:38:57.548725,0.40000000009298087,0.08000000000232452,0.8000000000116225,0.50000000004219,3.785305559060489
2026-05-26 10:38:58.548725,0.40000000009298087,0.08000000000232452,0.8000000000116225,0.50000000004219,3.785305559060489
2026-05-26 10:38:59.548725,0.40000000009298087,0.08000000000232452,0.8000000000116225,0.50000000004219,3.785305559060489
2026-05-26 10:39:00.548725,0.40000000009298087,0.08000000000232452,0.8000000000116225,0.50000000004219,3.785305559060489
2026-05-26 10:39:01.548725,0.40000000009298087,0.08000000000232452,0.8000000000116225,0.50000000004219,3.785305559060489
2026-05-26 10:39:02.548728,0.40000000009298087,0.08000000000232452,0.8000000000116225,0.50000000004219,3.785305559060489
2026-05-26 10:39:03.623492,0.40000000009298087,0.08000000000232452,0.8000000000116225,0.50000000004219,3.785305559060489
2026-05-26 10:39:04.623492,0.40000000009298087,0.08000000000232452,0.8000000000116225,0.50000000004219,3.785305559060489
2026-05-26 10:39:05.623579,0.4000000000278942,0.08000000000069735,0.8000000000034867,0.500000000012657,3.785305559060489
2026-05-26 10:39:06.623579,0.4000000000278942,0.08000000000069735,0.8000000000034867,0.500000000012657,3.785305559060489
2026-05-26 10:39:07.623837,0.4000000000278942,0.08000000000069735,0.8000000000034867,0.500000000012657,3.785305559060489
2026-05-26 10:39:08.624184,0.4000000000278942,0.08000000000069735,0.8000000000034867,0.500000000012657,3.785305559060489
2026-05-26 10:39:09.624184,0.4000000000278942,0.08000000000069735,0.8000000000034867,0.500000000012657,3.785305559060489
2026-05-26 10:39:10.624184,0.4000000000278942,0.08000000000069735,0.8000000000034867,0.500000000012657,3.785305559060489
2026-05-26 10:39:11.624192,0.4000000000278942,0.08000000000069735,0.8000000000034867,0.500000000012657,3.785305559060489
2026-05-26 10:39:12.624192,0.4000000000278942,0.08000000000069735,0.8000000000034867,0.500000000012657,3.785305559060489
2026-05-26 10:39:13.624192,0.4000000000278942,0.08000000000069735,0.8000000000034867,0.500000000012657,3.785305559060489
2026-05-26 10:39:14.624204,0.4000000000278942,0.08000000000069735,0.8000000000034867,0.500000000012657,3.785305559060489
2026-05-26 10:39:15.624204,0.4000000000278942,0.08000000000069735,0.8000000000034867,0.500000000012657,3.785305559060489
2026-05-26 10:39:16.624204,0.4000000000083682,0.0800000000002092,0.8000000000010459,0.5000000000037971,3.785305559060489
2026-05-26 10:39:17.626943,0.4000000000083682,0.0800000000002092,0.8000000000010459,0.5000000000037971,3.785305559060489
2026-05-26 10:39:18.627972,0.4000000000083682,0.0800000000002092,0.8000000000010459,0.5000000000037971,3.785305559060489
2026-05-26 10:39:19.627977,0.4000000000083682,0.0800000000002092,0.8000000000010459,0.5000000000037971,3.785305559060489
2026-05-26 10:39:20.627977,0.4000000000083682,0.0800000000002092,0.8000000000010459,0.5000000000037971,3.785305559060489
2026-05-26 10:39:21.627977,0.4000000000083682,0.0800000000002092,0.8000000000010459,0.5000000000037971,3.785305559060489
2026-05-26 10:39:22.627977,0.4000000000083682,0.0800000000002092,0.8000000000010459,0.5000000000037971,3.785305559060489
2026-05-26 10:39:23.627977,0.4000000000083682,0.0800000000002092,0.8000000000010459,0.5000000000037971,3.785305559060489
2026-05-26 10:39:24.628066,0.4000000000083682,0.0800000000002092,0.8000000000010459,0.5000000000037971,3.785305559060489
2026-05-26 10:39:25.628066,0.4000000000083682,0.0800000000002092,0.8000000000010459,0.5000000000037971,3.785305559060489
2026-05-26 10:39:26.628066,0.40000000000251046,0.08000000000006276,0.8000000000003137,0.5000000000011391,3.785305559060489
2026-05-26 10:39:27.628068,0.40000000000251046,0.08000000000006276,0.8000000000003137,0.5000000000011391,3.785305559060489
2026-05-26 10:39:28.628693,0.40000000000251046,0.08000000000006276,0.8000000000003137,0.5000000000011391,3.785305559060489
2026-05-26 10:39:29.629046,0.40000000000251046,0.08000000000006276,0.8000000000003137,0.5000000000011391,3.785305559060489
2026-05-26 10:39:30.629046,0.40000000000251046,0.08000000000006276,0.8000000000003137,0.5000000000011391,3.785305559060489
2026-05-26 10:39:31.630892,0.40000000000251046,0.08000000000006276,0.8000000000003137,0.5000000000011391,3.785305559060489
2026-05-26 10:39:32.630907,0.40000000000251046,0.08000000000006276,0.8000000000003137,0.5000000000011391,3.785305559060489
2026-05-26 10:39:33.630913,0.40000000000251046,0.08000000000006276,0.8000000000003137,0.5000000000011391,3.785305559060489
2026-05-26 10:39:34.630913,0.40000000000251046,0.08000000000006276,0.8000000000003137,0.5000000000011391,3.785305559060489
2026-05-26 10:39:35.633620,0.40000000000251046,0.08000000000006276,0.8000000000003137,0.5000000000011391,3.785305559060489
2026-05-26 10:39:36.633620,0.40000000000251046,0.08000000000006276,0.8000000000003137,0.5000000000011391,3.785305559060489
2026-05-26 10:39:37.633620,0.4000000000007531,0.08000000000001882,0.800000000000094,0.5000000000003417,3.785305559060489
2026-05-26 10:39:38.637184,0.4000000000007531,0.08000000000001882,0.800000000000094,0.5000000000003417,3.785305559060489
2026-05-26 10:39:39.638703,0.4000000000007531,0.08000000000001882,0.800000000000094,0.5000000000003417,3.785305559060489
2026-05-26 10:39:40.638703,0.4000000000007531,0.08000000000001882,0.800000000000094,0.5000000000003417,3.785305559060489
2026-05-26 10:39:41.638703,0.4000000000007531,0.08000000000001882,0.800000000000094,0.5000000000003417,3.785305559060489
2026-05-26 10:39:42.638703,0.4000000000007531,0.08000000000001882,0.800000000000094,0.5000000000003417,3.785305559060489
2026-05-26 10:39:43.638703,0.4000000000007531,0.08000000000001882,0.800000000000094,0.5000000000003417,3.785305559060489
2026-05-26 10:39:44.638703,0.4000000000007531,0.08000000000001882,0.800000000000094,0.5000000000003417,3.785305559060489
2026-05-26 10:39:45.638725,0.4000000000007531,0.08000000000001882,0.800000000000094,0.5000000000003417,3.785305559060489
2026-05-26 10:39:46.638795,0.4000000000007531,0.08000000000001882,0.800000000000094,0.5000000000003417,3.785305559060489
2026-05-26 10:39:47.638795,0.4000000000002259,0.08000000000000564,0.8000000000000281,0.5000000000001025,3.785305559060489
2026-05-26 10:39:48.639255,0.4000000000002259,0.08000000000000564,0.8000000000000281,0.5000000000001025,3.785305559060489
2026-05-26 10:39:49.639255,0.4000000000002259,0.08000000000000564,0.8000000000000281,0.5000000000001025,3.785305559060489
2026-05-26 10:39:50.639255,0.4000000000002259,0.08000000000000564,0.8000000000000281,0.5000000000001025,3.785305559060489
2026-05-26 10:39:51.647559,0.4000000000002259,0.08000000000000564,0.8000000000000281,0.5000000000001025,3.785305559060489
2026-05-26 10:39:52.647559,0.4000000000002259,0.08000000000000564,0.8000000000000281,0.5000000000001025,3.785305559060489
2026-05-26 10:39:53.647583,0.4000000000002259,0.08000000000000564,0.8000000000000281,0.5000000000001025,3.785305559060489
2026-05-26 10:39:54.648337,0.4000000000002259,0.08000000000000564,0.8000000000000281,0.5000000000001025,3.785305559060489
2026-05-26 10:39:55.660012,0.4000000000002259,0.08000000000000564,0.8000000000000281,0.5000000000001025,3.785305559060489
2026-05-26 10:39:56.660012,0.4000000000002259,0.08000000000000564,0.8000000000000281,0.5000000000001025,3.785305559060489
2026-05-26 10:39:57.660012,0.4000000000002259,0.08000000000000564,0.8000000000000281,0.5000000000001025,3.785305559060489
2026-05-26 10:39:58.660012,0.40000000000006775,0.08000000000000168,0.8000000000000084,0.5000000000000308,3.785305559060489
2026-05-26 10:39:59.660012,0.40000000000006775,0.08000000000000168,0.8000000000000084,0.5000000000000308,3.785305559060489
2026-05-26 10:40:00.660012,0.40000000000006775,0.08000000000000168,0.8000000000000084,0.5000000000000308,3.785305559060489
2026-05-26 10:40:01.660544,0.40000000000006775,0.08000000000000168,0.8000000000000084,0.5000000000000308,3.785305559060489
2026-05-26 10:40:02.660835,0.40000000000006775,0.08000000000000168,0.8000000000000084,0.5000000000000308,3.785305559060489
2026-05-26 10:40:03.667249,0.40000000000006775,0.08000000000000168,0.8000000000000084,0.5000000000000308,3.785305559060489
2026-05-26 10:40:04.667249,0.40000000000006775,0.08000000000000168,0.8000000000000084,0.5000000000000308,3.785305559060489
2026-05-26 10:40:05.677767,0.40000000000006775,0.08000000000000168,0.8000000000000084,0.5000000000000308,3.785305559060489
2026-05-26 10:40:06.677767,0.40000000000006775,0.08000000000000168,0.8000000000000084,0.5000000000000308,3.785305559060489
2026-05-26 10:40:07.700615,0.40000000000006775,0.08000000000000168,0.8000000000000084,0.5000000000000308,3.785305559060489
2026-05-26 10:40:08.722962,0.4000000000000203,0.0800000000000005,0.8000000000000025,0.5000000000000092,3.785305559060489
2026-05-26 10:40:09.723818,0.4000000000000203,0.0800000000000005,0.8000000000000025,0.5000000000000092,3.785305559060489
2026-05-26 10:40:10.723818,0.4000000000000203,0.0800000000000005,0.8000000000000025,0.5000000000000092,3.785305559060489
2026-05-26 10:40:11.723818,0.4000000000000203,0.0800000000000005,0.8000000000000025,0.5000000000000092,3.785305559060489
2026-05-26 10:40:12.723828,0.4000000000000203,0.0800000000000005,0.8000000000000025,0.5000000000000092,3.785305559060489
2026-05-26 10:40:13.724319,0.4000000000000203,0.0800000000000005,0.8000000000000025,0.5000000000000092,3.785305559060489
2026-05-26 10:40:14.724319,0.4000000000000203,0.0800000000000005,0.8000000000000025,0.5000000000000092,3.785305559060489
2026-05-26 10:40:15.724319,0.4000000000000203,0.0800000000000005,0.8000000000000025,0.5000000000000092,3.785305559060489
2026-05-26 10:40:16.731003,0.4000000000000203,0.0800000000000005,0.8000000000000025,0.5000000000000092,3.785305559060489
2026-05-26 10:40:17.754541,0.4000000000000203,0.0800000000000005,0.8000000000000025,0.5000000000000092,3.785305559060489
2026-05-26 10:40:18.754541,0.400000000000006,0.08000000000000014,0.8000000000000007,0.5000000000000028,3.785305559060489
2026-05-26 10:40:19.755361,0.400000000000006,0.08000000000000014,0.8000000000000007,0.5000000000000028,3.785305559060489
2026-05-26 10:40:20.755361,0.400000000000006,0.08000000000000014,0.8000000000000007,0.5000000000000028,3.785305559060489
2026-05-26 10:40:21.755361,0.400000000000006,0.08000000000000014,0.8000000000000007,0.5000000000000028,3.785305559060489
2026-05-26 10:40:22.755361,0.400000000000006,0.08000000000000014,0.8000000000000007,0.5000000000000028,3.785305559060489
2026-05-26 10:40:23.755361,0.400000000000006,0.08000000000000014,0.8000000000000007,0.5000000000000028,3.785305559060489
2026-05-26 10:40:24.755433,0.400000000000006,0.08000000000000014,0.8000000000000007,0.5000000000000028,3.785305559060489
2026-05-26 10:40:25.755433,0.400000000000006,0.08000000000000014,0.8000000000000007,0.5000000000000028,3.785305559060489
2026-05-26 10:40:26.758988,0.400000000000006,0.08000000000000014,0.8000000000000007,0.5000000000000028,3.785305559060489
2026-05-26 10:40:27.759523,0.400000000000006,0.08000000000000014,0.8000000000000007,0.5000000000000028,3.785305559060489
2026-05-26 10:40:28.759523,0.4000000000000018,0.08000000000000004,0.8000000000000002,0.5000000000000008,3.785305559060489
2026-05-26 10:40:29.759556,0.4000000000000018,0.08000000000000004,0.8000000000000002,0.5000000000000008,3.785305559060489
2026-05-26 10:40:30.759556,0.4000000000000018,0.08000000000000004,0.8000000000000002,0.5000000000000008,3.785305559060489
2026-05-26 10:40:31.759589,0.4000000000000018,0.08000000000000004,0.8000000000000002,0.5000000000000008,3.785305559060489
2026-05-26 10:40:32.760124,0.4000000000000018,0.08000000000000004,0.8000000000000002,0.5000000000000008,3.785305559060489
2026-05-26 10:40:33.760128,0.4000000000000018,0.08000000000000004,0.8000000000000002,0.5000000000000008,3.785305559060489
2026-05-26 10:40:34.760128,0.4000000000000018,0.08000000000000004,0.8000000000000002,0.5000000000000008,3.785305559060489
2026-05-26 10:40:35.760128,0.4000000000000018,0.08000000000000004,0.8000000000000002,0.5000000000000008,3.785305559060489
2026-05-26 10:40:36.760149,0.4000000000000018,0.08000000000000004,0.8000000000000002,0.5000000000000008,3.785305559060489
2026-05-26 10:40:37.760149,0.4000000000000018,0.08000000000000004,0.8000000000000002,0.5000000000000008,3.785305559060489
2026-05-26 10:40:38.760359,0.4000000000000005,0.08,0.8,0.5000000000000002,3.785305559060489
2026-05-26 10:40:39.760359,0.4000000000000005,0.08,0.8,0.5000000000000002,3.785305559060489
2026-05-26 10:40:40.760359,0.4000000000000005,0.08,0.8,0.5000000000000002,3.785305559060489
2026-05-26 10:40:41.764987,0.4000000000000005,0.08,0.8,0.5000000000000002,3.785305559060489
2026-05-26 10:40:42.765321,0.4000000000000005,0.08,0.8,0.5000000000000002,3.785305559060489
2026-05-26 10:40:43.765321,0.4000000000000005,0.08,0.8,0.5000000000000002,3.785305559060489
2026-05-26 10:40:44.765321,0.4000000000000005,0.08,0.8,0.5000000000000002,3.785305559060489
2026-05-26 10:40:45.766280,0.4000000000000005,0.08,0.8,0.5000000000000002,3.785305559060489
2026-05-26 10:40:46.766283,0.4000000000000005,0.08,0.8,0.5000000000000002,3.785305559060489
2026-05-26 10:40:47.766283,0.4000000000000005,0.08,0.8,0.5000000000000002,3.785305559060489
2026-05-26 10:40:48.766283,0.40000000000000013,0.07999999999999999,0.7999999999999999,0.5,3.630348953444598
2026-05-26 10:40:49.766286,0.40000000000000013,0.07999999999999999,0.7999999999999999,0.5,3.630348953444598
2026-05-26 10:40:50.766286,0.40000000000000013,0.07999999999999999,0.7999999999999999,0.5,3.630348953444598
2026-05-26 10:40:51.774935,0.40000000000000013,0.07999999999999999,0.7999999999999999,0.5,3.630348953444598
2026-05-26 10:40:52.775500,0.40000000000000013,0.07999999999999999,0.7999999999999999,0.5,3.630348953444598
2026-05-26 10:40:53.782304,0.40000000000000013,0.07999999999999999,0.7999999999999999,0.5,3.630348953444598
2026-05-26 10:40:54.793711,0.40000000000000013,0.07999999999999999,0.7999999999999999,0.5,3.630348953444598
2026-05-26 10:40:55.793711,0.40000000000000013,0.07999999999999999,0.7999999999999999,0.5,3.630348953444598
2026-05-26 10:40:56.793711,0.40000000000000013,0.07999999999999999,0.7999999999999999,0.5,3.630348953444598
2026-05-26 10:40:57.793711,0.40000000000000013,0.07999999999999999,0.7999999999999999,0.5,3.630348953444598
2026-05-26 10:40:58.793711,0.4,0.07999999999999999,0.7999999999999999,0.5,3.508023831336594
2026-05-26 10:40:59.793711,0.4,0.07999999999999999,0.7999999999999999,0.5,3.508023831336594
2026-05-26 10:41:00.793711,0.4,0.07999999999999999,0.7999999999999999,0.5,3.508023831336594
2026-05-26 10:41:01.793711,0.4,0.07999999999999999,0.7999999999999999,0.5,3.508023831336594
2026-05-26 10:41:02.793711,0.4,0.07999999999999999,0.7999999999999999,0.5,3.508023831336594
2026-05-26 10:41:03.793711,0.4,0.07999999999999999,0.7999999999999999,0.5,3.508023831336594
2026-05-26 10:41:04.795116,0.4,0.07999999999999999,0.7999999999999999,0.5,3.508023831336594
2026-05-26 10:41:05.796453,0.4,0.07999999999999999,0.7999999999999999,0.5,3.508023831336594
2026-05-26 10:41:06.796505,0.4,0.07999999999999999,0.7999999999999999,0.5,3.508023831336594
2026-05-26 10:41:07.796505,0.4,0.07999999999999999,0.7999999999999999,0.5,3.508023831336594
2026-05-26 10:41:08.796505,0.4,0.07999999999999999,0.7999999999999999,0.5,3.508023831336594
2026-05-26 10:41:09.797688,0.39999999999999997,0.07999999999999999,0.7999999999999999,0.5,3.508023831336594
2026-05-26 10:41:10.797688,0.39999999999999997,0.07999999999999999,0.7999999999999999,0.5,3.508023831336594
2026-05-26 10:41:11.797688,0.39999999999999997,0.07999999999999999,0.7999999999999999,0.5,3.508023831336594
2026-05-26 10:41:12.800927,0.39999999999999997,0.07999999999999999,0.7999999999999999,0.5,3.508023831336594
2026-05-26 10:41:13.800927,0.39999999999999997,0.07999999999999999,0.7999999999999999,0.5,3.508023831336594
2026-05-26 10:41:14.800927,0.39999999999999997,0.07999999999999999,0.7999999999999999,0.5,3.508023831336594
2026-05-26 10:41:15.800929,0.39999999999999997,0.07999999999999999,0.7999999999999999,0.5,3.508023831336594
2026-05-26 10:41:16.809127,0.39999999999999997,0.07999999999999999,0.7999999999999999,0.5,3.508023831336594
2026-05-26 10:41:17.809311,0.39999999999999997,0.07999999999999999,0.7999999999999999,0.5,3.508023831336594
2026-05-26 10:41:18.809311,0.39999999999999997,0.07999999999999999,0.7999999999999999,0.5,3.508023831336594
2026-05-26 10:41:19.809311,0.39999999999999997,0.07999999999999999,0.7999999999999999,0.5,3.508023831336594
2026-05-26 10:41:20.809311,0.39999999999999997,0.07999999999999999,0.7999999999999999,0.5,3.508023831336594
2026-05-26 10:41:21.809311,0.39999999999999997,0.07999999999999999,0.7999999999999999,0.5,3.508023831336594
2026-05-26 10:41:22.809311,0.39999999999999997,0.07999999999999999,0.7999999999999999,0.5,3.508023831336594
2026-05-26 10:41:23.818620,0.39999999999999997,0.07999999999999999,0.7999999999999999,0.5,3.508023831336594
2026-05-26 10:41:24.818620,0.39999999999999997,0.07999999999999999,0.7999999999999999,0.5,3.508023831336594
2026-05-26 10:41:25.820014,0.39999999999999997,0.07999999999999999,0.7999999999999999,0.5,3.508023831336594
2026-05-26 10:41:26.820844,0.39999999999999997,0.07999999999999999,0.7999999999999999,0.5,3.508023831336594
2026-05-26 10:41:27.820844,0.39999999999999997,0.07999999999999999,0.7999999999999999,0.5,3.508023831336594
2026-05-26 10:41:28.826946,0.39999999999999997,0.07999999999999999,0.7999999999999999,0.5,3.508023831336594
2026-05-26 10:41:29.827196,0.39999999999999997,0.07999999999999999,0.7999999999999999,0.5,3.508023831336594
2026-05-26 10:41:30.827204,0.39999999999999997,0.07999999999999999,0.7999999999999999,0.5,3.508023831336594
2026-05-26 10:41:31.827204,0.39999999999999997,0.07999999999999999,0.7999999999999999,0.5,3.508023831336594
2026-05-26 10:41:32.827204,0.39999999999999997,0.07999999999999999,0.7999999999999999,0.5,3.508023831336594
2026-05-26 10:41:33.827204,0.39999999999999997,0.07999999999999999,0.7999999999999999,0.5,3.508023831336594
2026-05-26 10:41:34.828301,0.39999999999999997,0.07999999999999999,0.7999999999999999,0.5,3.508023831336594
2026-05-26 10:41:35.831803,0.39999999999999997,0.07999999999999999,0.7999999999999999,0.5,3.508023831336594
2026-05-26 10:41:36.831803,0.39999999999999997,0.07999999999999999,0.7999999999999999,0.5,3.508023831336594
2026-05-26 10:41:37.831803,0.39999999999999997,0.07999999999999999,0.7999999999999999,0.5,3.508023831336594
2026-05-26 10:41:38.832238,0.39999999999999997,0.07999999999999999,0.7999999999999999,0.5,3.508023831336594
2026-05-26 10:41:39.840516,0.39999999999999997,0.07999999999999999,0.7999999999999999,0.5,3.508023831336594
2026-05-26 10:41:40.846335,0.39999999999999997,0.07999999999999999,0.7999999999999999,0.5,3.508023831336594
2026-05-26 10:41:41.846359,0.39999999999999997,0.07999999999999999,0.7999999999999999,0.5,3.508023831336594
2026-05-26 10:41:42.846359,0.39999999999999997,0.07999999999999999,0.7999999999999999,0.5,3.508023831336594
2026-05-26 10:41:43.846359,0.39999999999999997,0.07999999999999999,0.7999999999999999,0.5,3.508023831336594
2026-05-26 10:41:44.846550,0.39999999999999997,0.07999999999999999,0.7999999999999999,0.5,3.508023831336594
2026-05-26 10:41:45.846550,0.39999999999999997,0.07999999999999999,0.7999999999999999,0.5,3.508023831336594
2026-05-26 10:47:34.154791,1.2,0.1,0.9,0.863,10000
2026-05-26 10:47:35.159064,1.2,0.1,0.9,0.863,10000
2026-05-26 10:47:36.159064,1.2,0.1,0.9,0.863,10000
2026-05-26 10:47:37.159064,1.2,0.1,0.9,0.863,10000
2026-05-26 10:47:38.159176,1.2,0.1,0.9,0.863,10000
2026-05-26 10:47:39.162439,1.2,0.1,0.9,0.863,10000
2026-05-26 10:47:40.162439,1.2,0.1,0.9,0.863,10000
2026-05-26 10:47:41.162439,1.2,0.1,0.9,0.863,10000
2026-05-26 10:47:42.162441,1.2,0.1,0.9,0.863,10000
2026-05-26 10:47:43.162441,0.6399999999999999,0.086,0.83,0.6089,3.508023831336594
2026-05-26 10:47:44.173119,0.6399999999999999,0.086,0.83,0.6089,3.508023831336594
2026-05-26 10:47:45.173131,0.6399999999999999,0.086,0.83,0.6089,3.508023831336594
2026-05-26 10:47:46.173161,0.6399999999999999,0.086,0.83,0.6089,3.508023831336594
2026-05-26 10:47:47.174812,0.6399999999999999,0.086,0.83,0.6089,3.508023831336594
2026-05-26 10:47:48.174812,0.6399999999999999,0.086,0.83,0.6089,3.508023831336594
2026-05-26 10:47:49.174812,0.6399999999999999,0.086,0.83,0.6089,3.508023831336594
2026-05-26 10:47:50.174812,0.6399999999999999,0.086,0.83,0.6089,3.508023831336594
2026-05-26 10:47:51.188961,0.6399999999999999,0.086,0.83,0.6089,3.508023831336594
2026-05-26 10:47:52.188961,0.6399999999999999,0.086,0.83,0.6089,3.508023831336594
2026-05-26 10:47:53.188961,0.472,0.08179999999999998,0.8089999999999999,0.53267,3.508023831336594
2026-05-26 10:47:54.188961,0.472,0.08179999999999998,0.8089999999999999,0.53267,3.508023831336594
2026-05-26 10:47:55.188961,0.472,0.08179999999999998,0.8089999999999999,0.53267,3.508023831336594
2026-05-26 10:47:56.188961,0.472,0.08179999999999998,0.8089999999999999,0.53267,3.508023831336594
2026-05-26 10:47:57.188961,0.472,0.08179999999999998,0.8089999999999999,0.53267,3.508023831336594
2026-05-26 10:47:58.189056,0.472,0.08179999999999998,0.8089999999999999,0.53267,3.508023831336594
2026-05-26 10:47:59.189056,0.472,0.08179999999999998,0.8089999999999999,0.53267,3.508023831336594
2026-05-26 10:48:00.189883,0.472,0.08179999999999998,0.8089999999999999,0.53267,3.508023831336594
2026-05-26 10:48:01.189986,0.472,0.08179999999999998,0.8089999999999999,0.53267,3.508023831336594
2026-05-26 10:48:02.189991,0.472,0.08179999999999998,0.8089999999999999,0.53267,3.508023831336594
2026-05-26 10:48:03.189991,0.4216,0.08053999999999999,0.8027,0.509801,3.508023831336594
2026-05-26 10:48:04.189991,0.4216,0.08053999999999999,0.8027,0.509801,3.508023831336594
2026-05-26 10:48:05.189991,0.4216,0.08053999999999999,0.8027,0.509801,3.508023831336594
2026-05-26 10:48:06.189991,0.4216,0.08053999999999999,0.8027,0.509801,3.508023831336594
2026-05-26 10:48:07.189991,0.4216,0.08053999999999999,0.8027,0.509801,3.508023831336594
2026-05-26 10:48:08.194761,0.4216,0.08053999999999999,0.8027,0.509801,3.508023831336594
2026-05-26 10:48:09.197059,0.4216,0.08053999999999999,0.8027,0.509801,3.508023831336594
2026-05-26 10:48:10.197059,0.4216,0.08053999999999999,0.8027,0.509801,3.508023831336594
2026-05-26 10:48:11.197059,0.4216,0.08053999999999999,0.8027,0.509801,3.508023831336594
2026-05-26 10:48:12.197059,0.4216,0.08053999999999999,0.8027,0.509801,3.508023831336594
2026-05-26 10:48:13.199875,0.40647999999999995,0.08016199999999998,0.8008099999999999,0.5029402999999999,3.508023831336594
2026-05-26 10:48:14.199875,0.40647999999999995,0.08016199999999998,0.8008099999999999,0.5029402999999999,3.508023831336594
2026-05-26 10:49:26.238420,0.40194399999999997,0.08004859999999998,0.8002429999999999,0.50088209,3.508023831336594
2026-05-26 10:49:27.238714,0.40194399999999997,0.08004859999999998,0.8002429999999999,0.50088209,3.508023831336594
2026-05-26 10:49:28.238714,0.40194399999999997,0.08004859999999998,0.8002429999999999,0.50088209,3.508023831336594
2026-05-26 10:49:29.238773,0.40194399999999997,0.08004859999999998,0.8002429999999999,0.50088209,3.508023831336594
2026-05-26 10:49:30.238773,0.40194399999999997,0.08004859999999998,0.8002429999999999,0.50088209,3.508023831336594
2026-05-26 10:49:31.239081,0.40194399999999997,0.08004859999999998,0.8002429999999999,0.50088209,3.508023831336594
2026-05-26 10:49:32.239081,0.40194399999999997,0.08004859999999998,0.8002429999999999,0.50088209,3.508023831336594
2026-05-26 10:49:33.239081,0.40194399999999997,0.08004859999999998,0.8002429999999999,0.50088209,3.508023831336594
2026-05-26 10:49:34.246352,0.40194399999999997,0.08004859999999998,0.8002429999999999,0.50088209,3.508023831336594
2026-05-26 10:49:35.246352,0.40194399999999997,0.08004859999999998,0.8002429999999999,0.50088209,3.508023831336594
2026-05-26 10:49:36.246352,0.4005832,0.08001457999999999,0.8000729,0.500264627,3.5614385514934566
2026-05-26 10:49:37.249444,0.4005832,0.08001457999999999,0.8000729,0.500264627,3.5614385514934566
2026-05-26 10:49:38.249444,0.4005832,0.08001457999999999,0.8000729,0.500264627,3.5614385514934566
2026-05-26 10:49:39.249444,0.4005832,0.08001457999999999,0.8000729,0.500264627,3.5614385514934566
2026-05-26 10:49:40.249444,0.4005832,0.08001457999999999,0.8000729,0.500264627,3.5614385514934566
2026-05-26 10:49:41.253109,0.4005832,0.08001457999999999,0.8000729,0.500264627,3.5614385514934566
2026-05-26 10:49:42.253109,0.4005832,0.08001457999999999,0.8000729,0.500264627,3.5614385514934566
2026-05-26 10:49:43.253496,0.4005832,0.08001457999999999,0.8000729,0.500264627,3.5614385514934566
2026-05-26 10:49:44.253496,0.4005832,0.08001457999999999,0.8000729,0.500264627,3.5614385514934566
2026-05-26 10:49:45.253496,0.4005832,0.08001457999999999,0.8000729,0.500264627,3.5614385514934566
2026-05-26 10:49:46.253496,0.4005832,0.08001457999999999,0.8000729,0.500264627,3.5614385514934566
2026-05-26 10:49:47.253496,0.40017495999999997,0.08000437399999999,0.8000218699999999,0.5000793881,3.5614385514934566
2026-05-26 10:49:48.253496,0.40017495999999997,0.08000437399999999,0.8000218699999999,0.5000793881,3.5614385514934566
2026-05-26 10:49:49.253855,0.40017495999999997,0.08000437399999999,0.8000218699999999,0.5000793881,3.5614385514934566
2026-05-26 10:49:50.253856,0.40017495999999997,0.08000437399999999,0.8000218699999999,0.5000793881,3.5614385514934566
2026-05-26 10:49:51.264837,0.40017495999999997,0.08000437399999999,0.8000218699999999,0.5000793881,3.5614385514934566
2026-05-26 10:49:52.264837,0.40017495999999997,0.08000437399999999,0.8000218699999999,0.5000793881,3.5614385514934566
2026-05-26 10:49:53.264837,0.40017495999999997,0.08000437399999999,0.8000218699999999,0.5000793881,3.5614385514934566
2026-05-26 10:49:54.264837,0.40017495999999997,0.08000437399999999,0.8000218699999999,0.5000793881,3.5614385514934566
2026-05-26 10:49:55.264837,0.40017495999999997,0.08000437399999999,0.8000218699999999,0.5000793881,3.5614385514934566
2026-05-26 10:49:56.264837,0.40017495999999997,0.08000437399999999,0.8000218699999999,0.5000793881,3.5614385514934566
2026-05-26 10:49:57.264837,0.40005248799999993,0.0800013122,0.8000065609999999,0.5000238164299999,3.5614385514934566
2026-05-26 10:49:58.264837,0.40005248799999993,0.0800013122,0.8000065609999999,0.5000238164299999,3.5614385514934566
2026-05-26 10:49:59.271632,0.40005248799999993,0.0800013122,0.8000065609999999,0.5000238164299999,3.5614385514934566
2026-05-26 10:50:00.271632,0.40005248799999993,0.0800013122,0.8000065609999999,0.5000238164299999,3.5614385514934566
2026-05-26 10:50:01.271632,0.40005248799999993,0.0800013122,0.8000065609999999,0.5000238164299999,3.5614385514934566
2026-05-26 10:50:02.271632,0.40005248799999993,0.0800013122,0.8000065609999999,0.5000238164299999,3.5614385514934566
2026-05-26 10:50:03.271632,0.40005248799999993,0.0800013122,0.8000065609999999,0.5000238164299999,3.5614385514934566
2026-05-26 10:50:04.271632,0.40005248799999993,0.0800013122,0.8000065609999999,0.5000238164299999,3.5614385514934566
2026-05-26 10:50:05.273504,0.40005248799999993,0.0800013122,0.8000065609999999,0.5000238164299999,3.5614385514934566
2026-05-26 10:50:06.273504,0.40005248799999993,0.0800013122,0.8000065609999999,0.5000238164299999,3.5614385514934566
2026-05-26 10:50:07.273504,0.4000157463999999,0.08000039365999999,0.8000019682999999,0.500007144929,3.5614385514934566
2026-05-26 10:50:08.273518,0.4000157463999999,0.08000039365999999,0.8000019682999999,0.500007144929,3.5614385514934566
2026-05-26 10:50:09.273518,0.4000157463999999,0.08000039365999999,0.8000019682999999,0.500007144929,3.5614385514934566
2026-05-26 10:50:23.057815,1.2,0.1,0.9,0.863,10000
2026-05-26 10:50:24.057819,1.2,0.1,0.9,0.863,10000
2026-05-26 10:50:25.057819,1.2,0.1,0.9,0.863,10000
2026-05-26 10:50:26.059932,1.2,0.1,0.9,0.863,10000
2026-05-26 10:50:27.060409,1.2,0.1,0.9,0.863,10000
2026-05-26 10:50:28.060409,1.2,0.1,0.9,0.863,10000
2026-05-26 10:50:29.060409,1.2,0.1,0.9,0.863,10000
2026-05-26 10:50:30.060409,1.2,0.1,0.9,0.863,10000
2026-05-26 10:50:31.063170,1.2,0.1,0.9,0.863,10000
2026-05-26 10:50:32.063970,0.6399999999999999,0.086,0.83,0.6089,3.5614385514934566
2026-05-26 10:50:33.067307,0.6399999999999999,0.086,0.83,0.6089,3.5614385514934566
2026-05-26 10:50:34.067320,0.6399999999999999,0.086,0.83,0.6089,3.5614385514934566
2026-05-26 10:50:35.085119,0.6399999999999999,0.086,0.83,0.6089,3.5614385514934566
2026-05-26 10:50:36.130806,0.6399999999999999,0.086,0.83,0.6089,3.5614385514934566
2026-05-26 10:50:37.136390,0.6399999999999999,0.086,0.83,0.6089,3.5614385514934566
2026-05-26 10:50:38.136390,0.6399999999999999,0.086,0.83,0.6089,3.5614385514934566
2026-05-26 10:50:39.136390,0.6399999999999999,0.086,0.83,0.6089,3.5614385514934566
2026-05-26 10:50:40.137470,0.6399999999999999,0.086,0.83,0.6089,3.5614385514934566
2026-05-26 10:50:41.137470,0.6399999999999999,0.086,0.83,0.6089,3.5614385514934566
2026-05-26 10:50:42.137477,0.472,0.08179999999999998,0.8089999999999999,0.53267,3.5614385514934566
2026-05-26 10:50:43.137477,0.472,0.08179999999999998,0.8089999999999999,0.53267,3.5614385514934566
2026-05-26 10:50:44.137477,0.472,0.08179999999999998,0.8089999999999999,0.53267,3.5614385514934566
2026-05-26 10:50:45.137477,0.472,0.08179999999999998,0.8089999999999999,0.53267,3.5614385514934566
2026-05-26 10:50:46.137477,0.472,0.08179999999999998,0.8089999999999999,0.53267,3.5614385514934566
2026-05-26 10:50:47.137477,0.472,0.08179999999999998,0.8089999999999999,0.53267,3.5614385514934566
2026-05-26 10:50:48.137477,0.472,0.08179999999999998,0.8089999999999999,0.53267,3.5614385514934566
2026-05-26 10:50:49.162244,0.472,0.08179999999999998,0.8089999999999999,0.53267,3.5614385514934566
2026-05-26 10:50:50.162244,0.472,0.08179999999999998,0.8089999999999999,0.53267,3.5614385514934566
2026-05-26 10:50:51.162244,0.472,0.08179999999999998,0.8089999999999999,0.53267,3.5614385514934566
2026-05-26 10:50:52.162244,0.4216,0.08053999999999999,0.8027,0.509801,3.5614385514934566
2026-05-26 10:50:53.163867,0.4216,0.08053999999999999,0.8027,0.509801,3.5614385514934566
2026-05-26 10:50:54.163868,0.4216,0.08053999999999999,0.8027,0.509801,3.5614385514934566
2026-05-26 10:50:55.163868,0.4216,0.08053999999999999,0.8027,0.509801,3.5614385514934566
2026-05-26 10:50:56.163868,0.4216,0.08053999999999999,0.8027,0.509801,3.5614385514934566
2026-05-26 10:50:57.163868,0.4216,0.08053999999999999,0.8027,0.509801,3.5614385514934566
2026-05-26 10:50:58.164056,0.4216,0.08053999999999999,0.8027,0.509801,3.5614385514934566
2026-05-26 10:50:59.164056,0.4216,0.08053999999999999,0.8027,0.509801,3.5614385514934566
2026-05-26 10:51:00.164056,0.4216,0.08053999999999999,0.8027,0.509801,3.5614385514934566
2026-05-26 10:51:01.173683,0.4216,0.08053999999999999,0.8027,0.509801,3.5614385514934566
2026-05-26 10:51:02.173684,0.4216,0.08053999999999999,0.8027,0.509801,3.5614385514934566
2026-05-26 10:51:03.173684,0.40647999999999995,0.08016199999999998,0.8008099999999999,0.5029402999999999,3.5614385514934566
2026-05-26 10:51:04.173684,0.40647999999999995,0.08016199999999998,0.8008099999999999,0.5029402999999999,3.5614385514934566
2026-05-26 10:51:05.173684,0.40647999999999995,0.08016199999999998,0.8008099999999999,0.5029402999999999,3.5614385514934566
2026-05-26 10:51:06.173684,0.40647999999999995,0.08016199999999998,0.8008099999999999,0.5029402999999999,3.5614385514934566
2026-05-26 10:51:07.173684,0.40647999999999995,0.08016199999999998,0.8008099999999999,0.5029402999999999,3.5614385514934566
2026-05-26 10:51:08.173684,0.40647999999999995,0.08016199999999998,0.8008099999999999,0.5029402999999999,3.5614385514934566
2026-05-26 10:51:09.173684,0.40647999999999995,0.08016199999999998,0.8008099999999999,0.5029402999999999,3.5614385514934566
2026-05-26 10:51:10.173684,0.40647999999999995,0.08016199999999998,0.8008099999999999,0.5029402999999999,3.5614385514934566
2026-05-26 10:51:11.173684,0.40647999999999995,0.08016199999999998,0.8008099999999999,0.5029402999999999,3.5614385514934566
2026-05-26 10:51:12.175849,0.40647999999999995,0.08016199999999998,0.8008099999999999,0.5029402999999999,3.5614385514934566
2026-05-26 10:51:13.175849,0.40647999999999995,0.08016199999999998,0.8008099999999999,0.5029402999999999,3.5614385514934566
2026-05-26 10:51:14.180382,0.40194399999999997,0.08004859999999998,0.8002429999999999,0.50088209,3.408218254943944
2026-05-26 10:51:15.180382,0.40194399999999997,0.08004859999999998,0.8002429999999999,0.50088209,3.408218254943944
2026-05-26 10:51:16.181108,0.40194399999999997,0.08004859999999998,0.8002429999999999,0.50088209,3.408218254943944
2026-05-26 10:51:17.187983,0.40194399999999997,0.08004859999999998,0.8002429999999999,0.50088209,3.408218254943944
2026-05-26 10:51:18.187983,0.40194399999999997,0.08004859999999998,0.8002429999999999,0.50088209,3.408218254943944
2026-05-26 10:51:19.187984,0.40194399999999997,0.08004859999999998,0.8002429999999999,0.50088209,3.408218254943944
2026-05-26 10:51:20.192934,0.40194399999999997,0.08004859999999998,0.8002429999999999,0.50088209,3.408218254943944
2026-05-26 10:51:21.194028,0.40194399999999997,0.08004859999999998,0.8002429999999999,0.50088209,3.408218254943944
2026-05-26 10:51:22.194028,0.40194399999999997,0.08004859999999998,0.8002429999999999,0.50088209,3.408218254943944
2026-05-26 10:51:23.194028,0.40194399999999997,0.08004859999999998,0.8002429999999999,0.50088209,3.408218254943944
2026-05-26 10:51:49.194028,0.4005832,0.08001457999999999,0.8000729,0.500264627,3.3518572607091395
2026-05-26 10:51:50.195204,0.4005832,0.08001457999999999,0.8000729,0.500264627,3.3518572607091395
2026-05-26 10:51:51.195439,0.4005832,0.08001457999999999,0.8000729,0.500264627,3.3518572607091395
2026-05-26 10:51:52.195460,0.4005832,0.08001457999999999,0.8000729,0.500264627,3.3518572607091395
2026-05-26 10:51:53.195460,0.4005832,0.08001457999999999,0.8000729,0.500264627,3.3518572607091395
2026-05-26 10:51:54.195460,0.4005832,0.08001457999999999,0.8000729,0.500264627,3.3518572607091395
2026-05-26 10:51:55.195460,0.4005832,0.08001457999999999,0.8000729,0.500264627,3.3518572607091395
2026-05-26 10:51:56.195460,0.4005832,0.08001457999999999,0.8000729,0.500264627,3.3518572607091395
2026-05-26 10:51:57.195460,0.4005832,0.08001457999999999,0.8000729,0.500264627,3.3518572607091395
2026-05-26 10:51:58.195461,0.4005832,0.08001457999999999,0.8000729,0.500264627,3.3518572607091395
2026-05-26 10:51:59.196488,0.4005832,0.08001457999999999,0.8000729,0.500264627,3.3518572607091395
2026-05-26 10:52:00.196488,0.40017495999999997,0.08000437399999999,0.8000218699999999,0.5000793881,3.3518572607091395
2026-05-26 10:52:01.196488,0.40017495999999997,0.08000437399999999,0.8000218699999999,0.5000793881,3.3518572607091395
2026-05-26 10:52:02.196488,0.40017495999999997,0.08000437399999999,0.8000218699999999,0.5000793881,3.3518572607091395
2026-05-26 10:52:03.196672,0.40017495999999997,0.08000437399999999,0.8000218699999999,0.5000793881,3.3518572607091395
2026-05-26 10:52:04.203494,0.40017495999999997,0.08000437399999999,0.8000218699999999,0.5000793881,3.3518572607091395
2026-05-26 10:52:05.203494,0.40017495999999997,0.08000437399999999,0.8000218699999999,0.5000793881,3.3518572607091395
2026-05-26 10:52:06.203495,0.40017495999999997,0.08000437399999999,0.8000218699999999,0.5000793881,3.3518572607091395
2026-05-26 10:52:07.208642,0.40017495999999997,0.08000437399999999,0.8000218699999999,0.5000793881,3.3518572607091395
2026-05-26 10:52:08.208642,0.40017495999999997,0.08000437399999999,0.8000218699999999,0.5000793881,3.3518572607091395
2026-05-26 10:52:09.208642,0.40017495999999997,0.08000437399999999,0.8000218699999999,0.5000793881,3.3518572607091395
2026-05-26 10:52:10.209452,0.40005248799999993,0.0800013122,0.8000065609999999,0.5000238164299999,3.3518572607091395
2026-05-26 10:52:11.210639,0.40005248799999993,0.0800013122,0.8000065609999999,0.5000238164299999,3.3518572607091395
2026-05-26 10:52:12.210639,0.40005248799999993,0.0800013122,0.8000065609999999,0.5000238164299999,3.3518572607091395
2026-05-26 10:52:13.210639,0.40005248799999993,0.0800013122,0.8000065609999999,0.5000238164299999,3.3518572607091395
2026-05-26 10:52:14.210639,0.40005248799999993,0.0800013122,0.8000065609999999,0.5000238164299999,3.3518572607091395
2026-05-26 10:52:15.210639,0.40005248799999993,0.0800013122,0.8000065609999999,0.5000238164299999,3.3518572607091395
2026-05-26 10:52:16.212236,0.40005248799999993,0.0800013122,0.8000065609999999,0.5000238164299999,3.3518572607091395
2026-05-26 10:52:17.212236,0.40005248799999993,0.0800013122,0.8000065609999999,0.5000238164299999,3.3518572607091395
2026-05-26 10:52:18.218283,0.40005248799999993,0.0800013122,0.8000065609999999,0.5000238164299999,3.3518572607091395
2026-05-26 10:52:19.218283,0.40005248799999993,0.0800013122,0.8000065609999999,0.5000238164299999,3.3518572607091395
2026-05-26 10:52:20.218283,0.40005248799999993,0.0800013122,0.8000065609999999,0.5000238164299999,3.3518572607091395
2026-05-26 10:52:21.218283,0.4000157463999999,0.08000039365999999,0.8000019682999999,0.500007144929,3.3518572607091395
2026-05-26 10:52:22.220537,0.4000157463999999,0.08000039365999999,0.8000019682999999,0.500007144929,3.3518572607091395
2026-05-26 10:52:23.220537,0.4000157463999999,0.08000039365999999,0.8000019682999999,0.500007144929,3.3518572607091395
2026-05-26 10:52:24.220537,0.4000157463999999,0.08000039365999999,0.8000019682999999,0.500007144929,3.3518572607091395
2026-05-26 10:52:25.228302,0.4000157463999999,0.08000039365999999,0.8000019682999999,0.500007144929,3.3518572607091395
2026-05-26 10:52:26.228302,0.4000157463999999,0.08000039365999999,0.8000019682999999,0.500007144929,3.3518572607091395
2026-05-26 10:52:27.239659,0.4000157463999999,0.08000039365999999,0.8000019682999999,0.500007144929,3.3518572607091395
2026-05-26 10:52:28.268987,0.4000157463999999,0.08000039365999999,0.8000019682999999,0.500007144929,3.3518572607091395
2026-05-26 10:52:29.268987,0.4000157463999999,0.08000039365999999,0.8000019682999999,0.500007144929,3.3518572607091395
2026-05-26 10:52:30.274909,0.4000157463999999,0.08000039365999999,0.8000019682999999,0.500007144929,3.3518572607091395
2026-05-26 10:52:31.274909,0.4000157463999999,0.08000039365999999,0.8000019682999999,0.500007144929,3.3518572607091395
2026-05-26 10:52:32.274917,0.40000472391999997,0.08000011809799999,0.8000005904899999,0.5000021434787,3.3518572607091395
2026-05-26 10:52:33.298150,0.40000472391999997,0.08000011809799999,0.8000005904899999,0.5000021434787,3.3518572607091395
2026-05-26 10:52:34.300382,0.40000472391999997,0.08000011809799999,0.8000005904899999,0.5000021434787,3.3518572607091395
2026-05-26 10:52:35.300382,0.40000472391999997,0.08000011809799999,0.8000005904899999,0.5000021434787,3.3518572607091395
2026-05-26 10:52:36.300382,0.40000472391999997,0.08000011809799999,0.8000005904899999,0.5000021434787,3.3518572607091395
2026-05-26 10:52:37.300382,0.40000472391999997,0.08000011809799999,0.8000005904899999,0.5000021434787,3.3518572607091395
2026-05-26 10:52:38.300382,0.40000472391999997,0.08000011809799999,0.8000005904899999,0.5000021434787,3.3518572607091395
2026-05-26 10:52:39.300415,0.40000472391999997,0.08000011809799999,0.8000005904899999,0.5000021434787,3.3518572607091395
2026-05-26 10:52:40.300415,0.40000472391999997,0.08000011809799999,0.8000005904899999,0.5000021434787,3.3518572607091395
2026-05-26 10:52:41.300415,0.40000472391999997,0.08000011809799999,0.8000005904899999,0.5000021434787,3.3518572607091395
2026-05-26 10:52:42.300415,0.40000141717599996,0.08000003542939998,0.8000001771469999,0.5000006430436099,3.3518572607091395
2026-05-26 10:52:43.301011,0.40000141717599996,0.08000003542939998,0.8000001771469999,0.5000006430436099,3.3518572607091395
2026-05-26 10:52:44.301011,0.40000141717599996,0.08000003542939998,0.8000001771469999,0.5000006430436099,3.3518572607091395
2026-05-26 10:52:45.301011,0.40000141717599996,0.08000003542939998,0.8000001771469999,0.5000006430436099,3.3518572607091395
2026-05-26 10:52:46.301011,0.40000141717599996,0.08000003542939998,0.8000001771469999,0.5000006430436099,3.3518572607091395
2026-05-26 10:52:47.301012,0.40000141717599996,0.08000003542939998,0.8000001771469999,0.5000006430436099,3.3518572607091395
2026-05-26 10:52:48.301013,0.40000141717599996,0.08000003542939998,0.8000001771469999,0.5000006430436099,3.3518572607091395
2026-05-26 10:52:49.302181,0.40000141717599996,0.08000003542939998,0.8000001771469999,0.5000006430436099,3.3518572607091395
2026-05-26 10:52:50.304688,0.40000141717599996,0.08000003542939998,0.8000001771469999,0.5000006430436099,3.3518572607091395
2026-05-26 10:52:51.307844,0.40000141717599996,0.08000003542939998,0.8000001771469999,0.5000006430436099,3.3518572607091395
2026-05-26 10:52:52.307844,0.4000004251528,0.08000001062881999,0.8000000531440998,0.500000192913083,3.3518572607091395
2026-05-26 10:52:53.307844,0.4000004251528,0.08000001062881999,0.8000000531440998,0.500000192913083,3.3518572607091395
2026-05-26 10:52:54.307844,0.4000004251528,0.08000001062881999,0.8000000531440998,0.500000192913083,3.3518572607091395
2026-05-26 10:52:55.307847,0.4000004251528,0.08000001062881999,0.8000000531440998,0.500000192913083,3.3518572607091395
2026-05-26 10:52:56.311492,0.4000004251528,0.08000001062881999,0.8000000531440998,0.500000192913083,3.3518572607091395
2026-05-26 10:52:57.311492,0.4000004251528,0.08000001062881999,0.8000000531440998,0.500000192913083,3.3518572607091395
2026-05-26 10:52:58.311492,0.4000004251528,0.08000001062881999,0.8000000531440998,0.500000192913083,3.3518572607091395
2026-05-26 10:52:59.312464,0.4000004251528,0.08000001062881999,0.8000000531440998,0.500000192913083,3.3518572607091395
2026-05-26 10:53:00.314741,0.4000004251528,0.08000001062881999,0.8000000531440998,0.500000192913083,3.3518572607091395
2026-05-26 10:53:01.314741,0.4000004251528,0.08000001062881999,0.8000000531440998,0.500000192913083,3.3518572607091395
2026-05-26 10:53:07.314741,0.40000012754583997,0.08000000318864599,0.8000000159432299,0.5000000578739249,3.3518572607091395
2026-05-26 10:53:08.314741,0.40000012754583997,0.08000000318864599,0.8000000159432299,0.5000000578739249,3.3518572607091395
2026-05-26 10:53:09.314750,0.40000012754583997,0.08000000318864599,0.8000000159432299,0.5000000578739249,3.3518572607091395
2026-05-26 10:53:10.317170,0.40000012754583997,0.08000000318864599,0.8000000159432299,0.5000000578739249,3.3518572607091395
2026-05-26 10:53:11.336295,0.40000012754583997,0.08000000318864599,0.8000000159432299,0.5000000578739249,3.3518572607091395
2026-05-26 10:53:12.336295,0.40000012754583997,0.08000000318864599,0.8000000159432299,0.5000000578739249,3.3518572607091395
2026-05-26 10:53:13.336295,0.40000012754583997,0.08000000318864599,0.8000000159432299,0.5000000578739249,3.3518572607091395
2026-05-26 10:53:14.336295,0.40000012754583997,0.08000000318864599,0.8000000159432299,0.5000000578739249,3.3518572607091395
2026-05-26 10:53:15.357804,0.40000012754583997,0.08000000318864599,0.8000000159432299,0.5000000578739249,3.3518572607091395
2026-05-26 10:53:16.362528,0.40000012754583997,0.08000000318864599,0.8000000159432299,0.5000000578739249,3.3518572607091395
2026-05-26 10:53:17.362528,0.40000003826375197,0.08000000095659379,0.800000004782969,0.5000000173621775,3.3518572607091395
2026-05-26 10:53:18.362529,0.40000003826375197,0.08000000095659379,0.800000004782969,0.5000000173621775,3.3518572607091395
2026-05-26 10:53:19.362530,0.40000003826375197,0.08000000095659379,0.800000004782969,0.5000000173621775,3.3518572607091395
2026-05-26 10:53:20.362821,0.40000003826375197,0.08000000095659379,0.800000004782969,0.5000000173621775,3.3518572607091395
2026-05-26 10:53:21.365625,0.40000003826375197,0.08000000095659379,0.800000004782969,0.5000000173621775,3.3518572607091395
2026-05-26 10:53:22.365625,0.40000003826375197,0.08000000095659379,0.800000004782969,0.5000000173621775,3.3518572607091395
2026-05-26 10:53:23.365625,0.40000003826375197,0.08000000095659379,0.800000004782969,0.5000000173621775,3.3518572607091395
2026-05-26 10:53:24.366113,0.40000003826375197,0.08000000095659379,0.800000004782969,0.5000000173621775,3.3518572607091395
2026-05-26 10:53:25.366113,0.40000003826375197,0.08000000095659379,0.800000004782969,0.5000000173621775,3.3518572607091395
2026-05-26 10:53:26.366113,0.40000003826375197,0.08000000095659379,0.800000004782969,0.5000000173621775,3.3518572607091395
2026-05-26 10:53:27.366113,0.40000001147912556,0.08000000028697812,0.8000000014348906,0.5000000052086532,3.3518572607091395
2026-05-26 10:53:28.366117,0.40000001147912556,0.08000000028697812,0.8000000014348906,0.5000000052086532,3.3518572607091395
2026-05-26 10:53:29.366117,0.40000001147912556,0.08000000028697812,0.8000000014348906,0.5000000052086532,3.3518572607091395
2026-05-26 10:53:30.366339,0.40000001147912556,0.08000000028697812,0.8000000014348906,0.5000000052086532,3.3518572607091395
2026-05-26 10:53:31.366339,0.40000001147912556,0.08000000028697812,0.8000000014348906,0.5000000052086532,3.3518572607091395
2026-05-26 10:53:32.375544,0.40000001147912556,0.08000000028697812,0.8000000014348906,0.5000000052086532,3.3518572607091395
2026-05-26 10:53:33.378242,0.40000001147912556,0.08000000028697812,0.8000000014348906,0.5000000052086532,3.3518572607091395
2026-05-26 10:53:34.387180,0.40000001147912556,0.08000000028697812,0.8000000014348906,0.5000000052086532,3.3518572607091395
2026-05-26 10:53:35.387180,0.40000001147912556,0.08000000028697812,0.8000000014348906,0.5000000052086532,3.3518572607091395
2026-05-26 10:53:36.428526,0.40000001147912556,0.08000000028697812,0.8000000014348906,0.5000000052086532,3.3518572607091395
2026-05-26 10:53:37.428533,0.40000000344373765,0.08000000008609343,0.800000000430467,0.5000000015625959,3.3518572607091395
2026-05-26 10:53:38.437524,0.40000000344373765,0.08000000008609343,0.800000000430467,0.5000000015625959,3.3518572607091395
2026-05-26 10:53:39.437524,0.40000000344373765,0.08000000008609343,0.800000000430467,0.5000000015625959,3.3518572607091395
2026-05-26 10:53:40.437524,0.40000000344373765,0.08000000008609343,0.800000000430467,0.5000000015625959,3.3518572607091395
2026-05-26 10:53:41.444939,0.40000000344373765,0.08000000008609343,0.800000000430467,0.5000000015625959,3.3518572607091395
2026-05-26 10:53:42.444939,0.40000000344373765,0.08000000008609343,0.800000000430467,0.5000000015625959,3.3518572607091395
2026-05-26 10:53:43.444939,0.40000000344373765,0.08000000008609343,0.800000000430467,0.5000000015625959,3.3518572607091395
2026-05-26 10:53:44.449186,0.40000000344373765,0.08000000008609343,0.800000000430467,0.5000000015625959,3.3518572607091395
2026-05-26 10:53:45.449186,0.40000000344373765,0.08000000008609343,0.800000000430467,0.5000000015625959,3.3518572607091395
2026-05-26 10:53:46.449698,0.40000000344373765,0.08000000008609343,0.800000000430467,0.5000000015625959,3.3518572607091395
2026-05-26 10:53:47.450658,0.4000000010331213,0.08000000002582802,0.8000000001291401,0.5000000004687788,3.3518572607091395
2026-05-26 10:53:48.450669,0.4000000010331213,0.08000000002582802,0.8000000001291401,0.5000000004687788,3.3518572607091395
2026-05-26 10:53:49.450669,0.4000000010331213,0.08000000002582802,0.8000000001291401,0.5000000004687788,3.3518572607091395
2026-05-26 10:53:50.450669,0.4000000010331213,0.08000000002582802,0.8000000001291401,0.5000000004687788,3.3518572607091395
2026-05-26 10:53:51.450669,0.4000000010331213,0.08000000002582802,0.8000000001291401,0.5000000004687788,3.3518572607091395
2026-05-26 10:53:52.450669,0.4000000010331213,0.08000000002582802,0.8000000001291401,0.5000000004687788,3.3518572607091395
2026-05-26 10:53:53.450669,0.4000000010331213,0.08000000002582802,0.8000000001291401,0.5000000004687788,3.3518572607091395
2026-05-26 10:53:54.450688,0.4000000010331213,0.08000000002582802,0.8000000001291401,0.5000000004687788,3.3518572607091395
2026-05-26 10:53:55.450688,0.4000000010331213,0.08000000002582802,0.8000000001291401,0.5000000004687788,3.3518572607091395
2026-05-26 10:53:56.450688,0.4000000010331213,0.08000000002582802,0.8000000001291401,0.5000000004687788,3.3518572607091395
2026-05-26 10:53:57.451913,0.4000000003099363,0.0800000000077484,0.8000000000387419,0.5000000001406336,3.3518572607091395
2026-05-26 10:53:58.451913,0.4000000003099363,0.0800000000077484,0.8000000000387419,0.5000000001406336,3.3518572607091395
2026-05-26 10:53:59.451913,0.4000000003099363,0.0800000000077484,0.8000000000387419,0.5000000001406336,3.3518572607091395
2026-05-26 10:54:00.451914,0.4000000003099363,0.0800000000077484,0.8000000000387419,0.5000000001406336,3.3518572607091395
2026-05-26 10:54:01.451914,0.4000000003099363,0.0800000000077484,0.8000000000387419,0.5000000001406336,3.3518572607091395
2026-05-26 10:54:02.451914,0.4000000003099363,0.0800000000077484,0.8000000000387419,0.5000000001406336,3.3518572607091395
2026-05-26 10:54:03.451914,0.4000000003099363,0.0800000000077484,0.8000000000387419,0.5000000001406336,3.3518572607091395
2026-05-26 10:54:04.452163,0.4000000003099363,0.0800000000077484,0.8000000000387419,0.5000000001406336,3.3518572607091395
2026-05-26 10:54:05.452213,0.4000000003099363,0.0800000000077484,0.8000000000387419,0.5000000001406336,3.3518572607091395
2026-05-26 10:54:06.452213,0.4000000003099363,0.0800000000077484,0.8000000000387419,0.5000000001406336,3.3518572607091395
2026-05-26 10:54:07.452415,0.4000000003099363,0.0800000000077484,0.8000000000387419,0.5000000001406336,3.3518572607091395
2026-05-26 10:54:08.452421,0.40000000009298087,0.08000000000232452,0.8000000000116225,0.50000000004219,3.3518572607091395
2026-05-26 10:54:09.452421,0.40000000009298087,0.08000000000232452,0.8000000000116225,0.50000000004219,3.3518572607091395
2026-05-26 10:54:10.452595,0.40000000009298087,0.08000000000232452,0.8000000000116225,0.50000000004219,3.3518572607091395
2026-05-26 10:54:11.452595,0.40000000009298087,0.08000000000232452,0.8000000000116225,0.50000000004219,3.3518572607091395
2026-05-26 10:54:12.452595,0.40000000009298087,0.08000000000232452,0.8000000000116225,0.50000000004219,3.3518572607091395
2026-05-26 10:54:13.452597,0.40000000009298087,0.08000000000232452,0.8000000000116225,0.50000000004219,3.3518572607091395
2026-05-26 10:54:14.452597,0.40000000009298087,0.08000000000232452,0.8000000000116225,0.50000000004219,3.3518572607091395
2026-05-26 10:54:15.452663,0.40000000009298087,0.08000000000232452,0.8000000000116225,0.50000000004219,3.3518572607091395
2026-05-26 10:54:16.452685,0.40000000009298087,0.08000000000232452,0.8000000000116225,0.50000000004219,3.3518572607091395
2026-05-26 10:54:17.457152,0.40000000009298087,0.08000000000232452,0.8000000000116225,0.50000000004219,3.3518572607091395
2026-05-26 10:54:18.457158,0.40000000009298087,0.08000000000232452,0.8000000000116225,0.50000000004219,3.3518572607091395
2026-05-26 10:54:19.457158,0.4000000000278942,0.08000000000069735,0.8000000000034867,0.500000000012657,3.3518572607091395
2026-05-26 10:54:20.457164,0.4000000000278942,0.08000000000069735,0.8000000000034867,0.500000000012657,3.3518572607091395
2026-05-26 10:54:21.457164,0.4000000000278942,0.08000000000069735,0.8000000000034867,0.500000000012657,3.3518572607091395
2026-05-26 10:54:22.457164,0.4000000000278942,0.08000000000069735,0.8000000000034867,0.500000000012657,3.3518572607091395
2026-05-26 10:54:23.457164,0.4000000000278942,0.08000000000069735,0.8000000000034867,0.500000000012657,3.3518572607091395
2026-05-26 10:54:24.457164,0.4000000000278942,0.08000000000069735,0.8000000000034867,0.500000000012657,3.3518572607091395
2026-05-26 10:54:25.465597,0.4000000000278942,0.08000000000069735,0.8000000000034867,0.500000000012657,3.3518572607091395
2026-05-26 10:54:26.466703,0.4000000000278942,0.08000000000069735,0.8000000000034867,0.500000000012657,3.3518572607091395
2026-05-26 10:54:27.466704,0.4000000000278942,0.08000000000069735,0.8000000000034867,0.500000000012657,3.3518572607091395
2026-05-26 10:54:28.473003,0.4000000000278942,0.08000000000069735,0.8000000000034867,0.500000000012657,3.3518572607091395
2026-05-26 10:54:29.473007,0.4000000000083682,0.0800000000002092,0.8000000000010459,0.5000000000037971,3.3518572607091395
2026-05-26 10:54:30.473007,0.4000000000083682,0.0800000000002092,0.8000000000010459,0.5000000000037971,3.3518572607091395
2026-05-26 10:54:31.473007,0.4000000000083682,0.0800000000002092,0.8000000000010459,0.5000000000037971,3.3518572607091395
2026-05-26 10:54:32.473025,0.4000000000083682,0.0800000000002092,0.8000000000010459,0.5000000000037971,3.3518572607091395
2026-05-26 10:54:33.473364,0.4000000000083682,0.0800000000002092,0.8000000000010459,0.5000000000037971,3.3518572607091395
2026-05-26 10:54:34.473364,0.4000000000083682,0.0800000000002092,0.8000000000010459,0.5000000000037971,3.3518572607091395
2026-05-26 10:54:35.473364,0.4000000000083682,0.0800000000002092,0.8000000000010459,0.5000000000037971,3.3518572607091395
2026-05-26 10:54:36.473389,0.4000000000083682,0.0800000000002092,0.8000000000010459,0.5000000000037971,3.3518572607091395
2026-05-26 10:54:37.473389,0.4000000000083682,0.0800000000002092,0.8000000000010459,0.5000000000037971,3.3518572607091395
2026-05-26 10:54:38.473389,0.4000000000083682,0.0800000000002092,0.8000000000010459,0.5000000000037971,3.3518572607091395
2026-05-26 10:54:39.473750,0.40000000000251046,0.08000000000006276,0.8000000000003137,0.5000000000011391,3.3518572607091395
2026-05-26 10:54:40.473750,0.40000000000251046,0.08000000000006276,0.8000000000003137,0.5000000000011391,3.3518572607091395
2026-05-26 10:54:41.473750,0.40000000000251046,0.08000000000006276,0.8000000000003137,0.5000000000011391,3.3518572607091395
2026-05-26 10:54:42.473896,0.40000000000251046,0.08000000000006276,0.8000000000003137,0.5000000000011391,3.3518572607091395
2026-05-26 10:54:43.473896,0.40000000000251046,0.08000000000006276,0.8000000000003137,0.5000000000011391,3.3518572607091395
2026-05-26 10:54:44.474001,0.40000000000251046,0.08000000000006276,0.8000000000003137,0.5000000000011391,3.3518572607091395
2026-05-26 10:54:45.476684,0.40000000000251046,0.08000000000006276,0.8000000000003137,0.5000000000011391,3.3518572607091395
2026-05-26 10:54:46.476684,0.40000000000251046,0.08000000000006276,0.8000000000003137,0.5000000000011391,3.3518572607091395
2026-05-26 10:54:47.476684,0.40000000000251046,0.08000000000006276,0.8000000000003137,0.5000000000011391,3.3518572607091395
2026-05-26 10:54:48.476684,0.40000000000251046,0.08000000000006276,0.8000000000003137,0.5000000000011391,3.3518572607091395
2026-05-26 10:54:49.481137,0.4000000000007531,0.08000000000001882,0.800000000000094,0.5000000000003417,3.6607260829041457
2026-05-26 10:54:50.491811,0.4000000000007531,0.08000000000001882,0.800000000000094,0.5000000000003417,3.6607260829041457
2026-05-26 10:54:51.491811,0.4000000000007531,0.08000000000001882,0.800000000000094,0.5000000000003417,3.6607260829041457
2026-05-26 10:54:52.491811,0.4000000000007531,0.08000000000001882,0.800000000000094,0.5000000000003417,3.6607260829041457
2026-05-26 10:54:53.491814,0.4000000000007531,0.08000000000001882,0.800000000000094,0.5000000000003417,3.6607260829041457
2026-05-26 10:54:54.491814,0.4000000000007531,0.08000000000001882,0.800000000000094,0.5000000000003417,3.6607260829041457
2026-05-26 10:54:55.491814,0.4000000000007531,0.08000000000001882,0.800000000000094,0.5000000000003417,3.6607260829041457
2026-05-26 10:54:56.491814,0.4000000000007531,0.08000000000001882,0.800000000000094,0.5000000000003417,3.6607260829041457
2026-05-26 10:54:57.491814,0.4000000000007531,0.08000000000001882,0.800000000000094,0.5000000000003417,3.6607260829041457
2026-05-26 10:54:58.516035,0.4000000000007531,0.08000000000001882,0.800000000000094,0.5000000000003417,3.6607260829041457
2026-05-26 10:54:59.516035,0.4000000000007531,0.08000000000001882,0.800000000000094,0.5000000000003417,3.6607260829041457
2026-05-26 10:55:00.516040,0.4000000000002259,0.08000000000000564,0.8000000000000281,0.5000000000001025,3.5689668458627897
2026-05-26 10:55:01.516078,0.4000000000002259,0.08000000000000564,0.8000000000000281,0.5000000000001025,3.5689668458627897
2026-05-26 10:55:02.516452,0.4000000000002259,0.08000000000000564,0.8000000000000281,0.5000000000001025,3.5689668458627897
2026-05-26 10:55:03.516452,0.4000000000002259,0.08000000000000564,0.8000000000000281,0.5000000000001025,3.5689668458627897
2026-05-26 10:55:04.516453,0.4000000000002259,0.08000000000000564,0.8000000000000281,0.5000000000001025,3.5689668458627897
2026-05-26 10:55:05.516453,0.4000000000002259,0.08000000000000564,0.8000000000000281,0.5000000000001025,3.5689668458627897
2026-05-26 10:55:06.516460,0.4000000000002259,0.08000000000000564,0.8000000000000281,0.5000000000001025,3.5689668458627897
2026-05-26 10:55:07.516460,0.4000000000002259,0.08000000000000564,0.8000000000000281,0.5000000000001025,3.5689668458627897
2026-05-26 10:55:08.557801,0.4000000000002259,0.08000000000000564,0.8000000000000281,0.5000000000001025,3.5689668458627897
2026-05-26 10:55:09.558469,0.4000000000002259,0.08000000000000564,0.8000000000000281,0.5000000000001025,3.5689668458627897
2026-05-26 10:55:10.558640,0.40000000000006775,0.08000000000000168,0.8000000000000084,0.5000000000000308,3.5689668458627897
2026-05-26 10:55:11.558646,0.40000000000006775,0.08000000000000168,0.8000000000000084,0.5000000000000308,3.5689668458627897
2026-05-26 10:55:12.560580,0.40000000000006775,0.08000000000000168,0.8000000000000084,0.5000000000000308,3.5689668458627897
2026-05-26 10:55:13.560580,0.40000000000006775,0.08000000000000168,0.8000000000000084,0.5000000000000308,3.5689668458627897
2026-05-26 10:55:14.560751,0.40000000000006775,0.08000000000000168,0.8000000000000084,0.5000000000000308,3.5689668458627897
2026-05-26 10:55:15.560751,0.40000000000006775,0.08000000000000168,0.8000000000000084,0.5000000000000308,3.5689668458627897
2026-05-26 10:55:16.560822,0.40000000000006775,0.08000000000000168,0.8000000000000084,0.5000000000000308,3.5689668458627897
2026-05-26 10:55:17.560822,0.40000000000006775,0.08000000000000168,0.8000000000000084,0.5000000000000308,3.5689668458627897
2026-05-26 10:55:18.560822,0.40000000000006775,0.08000000000000168,0.8000000000000084,0.5000000000000308,3.5689668458627897
2026-05-26 10:55:19.560822,0.40000000000006775,0.08000000000000168,0.8000000000000084,0.5000000000000308,3.5689668458627897
2026-05-26 10:55:20.574886,0.4000000000000203,0.0800000000000005,0.8000000000000025,0.5000000000000092,3.5689668458627897
2026-05-26 10:55:21.574886,0.4000000000000203,0.0800000000000005,0.8000000000000025,0.5000000000000092,3.5689668458627897
2026-05-26 10:55:22.574886,0.4000000000000203,0.0800000000000005,0.8000000000000025,0.5000000000000092,3.5689668458627897
2026-05-26 10:55:23.574886,0.4000000000000203,0.0800000000000005,0.8000000000000025,0.5000000000000092,3.5689668458627897
2026-05-26 10:55:24.574886,0.4000000000000203,0.0800000000000005,0.8000000000000025,0.5000000000000092,3.5689668458627897
2026-05-26 10:55:25.575031,0.4000000000000203,0.0800000000000005,0.8000000000000025,0.5000000000000092,3.5689668458627897
2026-05-26 10:55:26.575031,0.4000000000000203,0.0800000000000005,0.8000000000000025,0.5000000000000092,3.5689668458627897
2026-05-26 10:55:27.575031,0.4000000000000203,0.0800000000000005,0.8000000000000025,0.5000000000000092,3.5689668458627897
2026-05-26 10:55:28.575992,0.4000000000000203,0.0800000000000005,0.8000000000000025,0.5000000000000092,3.5689668458627897
2026-05-26 10:55:29.576006,0.4000000000000203,0.0800000000000005,0.8000000000000025,0.5000000000000092,3.5689668458627897
2026-05-26 10:55:30.576006,0.4000000000000203,0.0800000000000005,0.8000000000000025,0.5000000000000092,3.5689668458627897
2026-05-26 10:55:31.576006,0.400000000000006,0.08000000000000014,0.8000000000000007,0.5000000000000028,3.5689668458627897
2026-05-26 10:55:32.576006,0.400000000000006,0.08000000000000014,0.8000000000000007,0.5000000000000028,3.5689668458627897
2026-05-26 10:55:33.576952,0.400000000000006,0.08000000000000014,0.8000000000000007,0.5000000000000028,3.5689668458627897
2026-05-26 10:55:34.576952,0.400000000000006,0.08000000000000014,0.8000000000000007,0.5000000000000028,3.5689668458627897
2026-05-26 10:55:35.576952,0.400000000000006,0.08000000000000014,0.8000000000000007,0.5000000000000028,3.5689668458627897
2026-05-26 10:55:36.576957,0.400000000000006,0.08000000000000014,0.8000000000000007,0.5000000000000028,3.5689668458627897
2026-05-26 10:55:37.576972,0.400000000000006,0.08000000000000014,0.8000000000000007,0.5000000000000028,3.5689668458627897
2026-05-26 10:55:38.576972,0.400000000000006,0.08000000000000014,0.8000000000000007,0.5000000000000028,3.5689668458627897
2026-05-26 10:55:39.576972,0.400000000000006,0.08000000000000014,0.8000000000000007,0.5000000000000028,3.5689668458627897
2026-05-26 10:55:40.576972,0.400000000000006,0.08000000000000014,0.8000000000000007,0.5000000000000028,3.5689668458627897
2026-05-26 10:55:41.576972,0.4000000000000018,0.08000000000000004,0.8000000000000002,0.5000000000000008,3.5689668458627897
2026-05-26 10:55:42.576972,0.4000000000000018,0.08000000000000004,0.8000000000000002,0.5000000000000008,3.5689668458627897
2026-05-26 10:55:43.576972,0.4000000000000018,0.08000000000000004,0.8000000000000002,0.5000000000000008,3.5689668458627897
2026-05-26 10:55:44.576972,0.4000000000000018,0.08000000000000004,0.8000000000000002,0.5000000000000008,3.5689668458627897
2026-05-26 10:55:45.576977,0.4000000000000018,0.08000000000000004,0.8000000000000002,0.5000000000000008,3.5689668458627897
2026-05-26 10:55:46.576977,0.4000000000000018,0.08000000000000004,0.8000000000000002,0.5000000000000008,3.5689668458627897
2026-05-26 10:55:47.580629,0.4000000000000018,0.08000000000000004,0.8000000000000002,0.5000000000000008,3.5689668458627897
2026-05-26 10:55:48.580654,0.4000000000000018,0.08000000000000004,0.8000000000000002,0.5000000000000008,3.5689668458627897
2026-05-26 10:55:49.591391,0.4000000000000018,0.08000000000000004,0.8000000000000002,0.5000000000000008,3.5689668458627897
2026-05-26 10:55:50.591391,0.4000000000000018,0.08000000000000004,0.8000000000000002,0.5000000000000008,3.5689668458627897
2026-05-26 10:55:51.591525,0.4000000000000005,0.08,0.8,0.5000000000000002,3.5689668458627897
2026-05-26 10:55:52.591525,0.4000000000000005,0.08,0.8,0.5000000000000002,3.5689668458627897
2026-05-26 10:55:53.591525,0.4000000000000005,0.08,0.8,0.5000000000000002,3.5689668458627897
2026-05-26 10:55:54.591525,0.4000000000000005,0.08,0.8,0.5000000000000002,3.5689668458627897
2026-05-26 10:55:55.591585,0.4000000000000005,0.08,0.8,0.5000000000000002,3.5689668458627897
2026-05-26 10:55:56.591671,0.4000000000000005,0.08,0.8,0.5000000000000002,3.5689668458627897
2026-05-26 10:55:57.591671,0.4000000000000005,0.08,0.8,0.5000000000000002,3.5689668458627897
2026-05-26 10:55:58.591671,0.4000000000000005,0.08,0.8,0.5000000000000002,3.5689668458627897
2026-05-26 10:55:59.591833,0.4000000000000005,0.08,0.8,0.5000000000000002,3.5689668458627897
2026-05-26 10:56:00.591833,0.4000000000000005,0.08,0.8,0.5000000000000002,3.5689668458627897
2026-05-26 10:56:01.591833,0.4000000000000005,0.08,0.8,0.5000000000000002,3.5689668458627897
2026-05-26 10:56:02.592193,0.40000000000000013,0.07999999999999999,0.7999999999999999,0.5,3.5689668458627897
2026-05-26 10:56:03.592193,0.40000000000000013,0.07999999999999999,0.7999999999999999,0.5,3.5689668458627897
2026-05-26 10:56:04.616342,0.40000000000000013,0.07999999999999999,0.7999999999999999,0.5,3.5689668458627897
2026-05-26 10:56:05.618524,0.40000000000000013,0.07999999999999999,0.7999999999999999,0.5,3.5689668458627897
2026-05-26 10:56:06.622539,0.40000000000000013,0.07999999999999999,0.7999999999999999,0.5,3.5689668458627897
2026-05-26 10:56:07.623043,0.40000000000000013,0.07999999999999999,0.7999999999999999,0.5,3.5689668458627897
2026-05-26 10:56:08.623043,0.40000000000000013,0.07999999999999999,0.7999999999999999,0.5,3.5689668458627897
2026-05-26 10:56:09.623045,0.40000000000000013,0.07999999999999999,0.7999999999999999,0.5,3.5689668458627897
2026-05-26 10:56:10.623053,0.40000000000000013,0.07999999999999999,0.7999999999999999,0.5,3.5689668458627897
2026-05-26 10:56:11.623053,0.40000000000000013,0.07999999999999999,0.7999999999999999,0.5,3.5689668458627897
2026-05-26 10:56:12.623213,0.4,0.07999999999999999,0.7999999999999999,0.5,3.5689668458627897
2026-05-26 10:56:13.623213,0.4,0.07999999999999999,0.7999999999999999,0.5,3.5689668458627897
2026-05-26 10:56:14.623213,0.4,0.07999999999999999,0.7999999999999999,0.5,3.5689668458627897
2026-05-26 10:56:15.623757,0.4,0.07999999999999999,0.7999999999999999,0.5,3.5689668458627897
2026-05-26 10:56:16.632948,0.4,0.07999999999999999,0.7999999999999999,0.5,3.5689668458627897
2026-05-26 10:56:17.633042,0.4,0.07999999999999999,0.7999999999999999,0.5,3.5689668458627897
2026-05-26 10:56:18.633042,0.4,0.07999999999999999,0.7999999999999999,0.5,3.5689668458627897
2026-05-26 10:56:19.633080,0.4,0.07999999999999999,0.7999999999999999,0.5,3.5689668458627897
2026-05-26 10:56:20.648021,0.4,0.07999999999999999,0.7999999999999999,0.5,3.5689668458627897
2026-05-26 10:56:21.648021,0.4,0.07999999999999999,0.7999999999999999,0.5,3.5689668458627897
2026-05-26 10:56:22.651388,0.39999999999999997,0.07999999999999999,0.7999999999999999,0.5,3.5689668458627897
2026-05-26 10:56:23.651388,0.39999999999999997,0.07999999999999999,0.7999999999999999,0.5,3.5689668458627897
2026-05-26 10:56:24.651388,0.39999999999999997,0.07999999999999999,0.7999999999999999,0.5,3.5689668458627897
2026-05-26 10:56:25.651388,0.39999999999999997,0.07999999999999999,0.7999999999999999,0.5,3.5689668458627897
2026-05-26 10:56:26.651388,0.39999999999999997,0.07999999999999999,0.7999999999999999,0.5,3.5689668458627897
2026-05-26 10:56:27.651388,0.39999999999999997,0.07999999999999999,0.7999999999999999,0.5,3.5689668458627897
2026-05-26 10:56:28.651388,0.39999999999999997,0.07999999999999999,0.7999999999999999,0.5,3.5689668458627897
2026-05-26 10:56:29.683833,0.39999999999999997,0.07999999999999999,0.7999999999999999,0.5,3.5689668458627897
2026-05-26 10:56:30.683834,0.39999999999999997,0.07999999999999999,0.7999999999999999,0.5,3.5689668458627897
2026-05-26 10:56:31.683834,0.39999999999999997,0.07999999999999999,0.7999999999999999,0.5,3.5689668458627897
2026-05-26 10:56:32.683834,0.39999999999999997,0.07999999999999999,0.7999999999999999,0.5,3.5297445693898744
2026-05-26 10:56:33.683839,0.39999999999999997,0.07999999999999999,0.7999999999999999,0.5,3.5297445693898744
2026-05-26 10:56:34.683839,0.39999999999999997,0.07999999999999999,0.7999999999999999,0.5,3.5297445693898744
2026-05-26 10:56:35.683839,0.39999999999999997,0.07999999999999999,0.7999999999999999,0.5,3.5297445693898744
2026-05-26 10:56:36.683839,0.39999999999999997,0.07999999999999999,0.7999999999999999,0.5,3.5297445693898744
2026-05-26 10:56:37.687489,0.39999999999999997,0.07999999999999999,0.7999999999999999,0.5,3.5297445693898744
2026-05-26 10:56:38.691708,0.39999999999999997,0.07999999999999999,0.7999999999999999,0.5,3.5297445693898744
2026-05-26 10:56:39.691708,0.39999999999999997,0.07999999999999999,0.7999999999999999,0.5,3.5297445693898744
2026-05-26 10:56:40.691708,0.39999999999999997,0.07999999999999999,0.7999999999999999,0.5,3.5297445693898744
2026-05-26 10:56:41.691708,0.39999999999999997,0.07999999999999999,0.7999999999999999,0.5,3.5297445693898744
2026-05-26 10:56:42.691708,0.39999999999999997,0.07999999999999999,0.7999999999999999,0.5,3.2923719722154225
2026-05-26 10:56:43.692654,0.39999999999999997,0.07999999999999999,0.7999999999999999,0.5,3.2923719722154225
2026-05-26 10:56:44.692654,0.39999999999999997,0.07999999999999999,0.7999999999999999,0.5,3.2923719722154225
2026-05-26 10:56:45.692654,0.39999999999999997,0.07999999999999999,0.7999999999999999,0.5,3.2923719722154225
2026-05-26 10:56:46.692654,0.39999999999999997,0.07999999999999999,0.7999999999999999,0.5,3.2923719722154225
2026-05-26 10:56:47.692654,0.39999999999999997,0.07999999999999999,0.7999999999999999,0.5,3.2923719722154225
2026-05-26 10:56:48.697637,0.39999999999999997,0.07999999999999999,0.7999999999999999,0.5,3.2923719722154225
2026-05-26 10:56:49.697676,0.39999999999999997,0.07999999999999999,0.7999999999999999,0.5,3.2923719722154225
2026-05-26 10:56:50.697696,0.39999999999999997,0.07999999999999999,0.7999999999999999,0.5,3.2923719722154225
2026-05-26 10:56:51.697696,0.39999999999999997,0.07999999999999999,0.7999999999999999,0.5,3.2923719722154225
2026-05-26 10:56:52.697696,0.39999999999999997,0.07999999999999999,0.7999999999999999,0.5,3.2923719722154225
2026-05-26 10:56:53.697696,0.39999999999999997,0.07999999999999999,0.7999999999999999,0.5,3.2398601273723098
2026-05-26 10:56:54.698779,0.39999999999999997,0.07999999999999999,0.7999999999999999,0.5,3.2398601273723098
2026-05-26 10:56:55.698779,0.39999999999999997,0.07999999999999999,0.7999999999999999,0.5,3.2398601273723098
2026-05-26 10:56:56.701452,0.39999999999999997,0.07999999999999999,0.7999999999999999,0.5,3.2398601273723098
2026-05-26 10:56:57.705167,0.39999999999999997,0.07999999999999999,0.7999999999999999,0.5,3.2398601273723098
2026-05-26 10:56:58.705167,0.39999999999999997,0.07999999999999999,0.7999999999999999,0.5,3.2398601273723098
2026-05-26 10:56:59.705167,0.39999999999999997,0.07999999999999999,0.7999999999999999,0.5,3.2398601273723098
2026-05-26 10:57:00.705170,0.39999999999999997,0.07999999999999999,0.7999999999999999,0.5,3.2398601273723098
2026-05-26 10:57:08.716567,0.39999999999999997,0.07999999999999999,0.7999999999999999,0.5,3.2398601273723098
2026-05-26 10:57:09.716569,0.39999999999999997,0.07999999999999999,0.7999999999999999,0.5,3.2398601273723098
2026-05-26 10:57:10.716569,0.39999999999999997,0.07999999999999999,0.7999999999999999,0.5,3.2398601273723098
2026-05-26 10:57:11.716569,0.39999999999999997,0.07999999999999999,0.7999999999999999,0.5,3.2398601273723098
2026-05-26 10:57:12.716569,0.39999999999999997,0.07999999999999999,0.7999999999999999,0.5,3.2398601273723098
2026-05-26 10:57:13.716569,0.39999999999999997,0.07999999999999999,0.7999999999999999,0.5,3.2398601273723098
2026-05-26 10:57:14.717022,0.39999999999999997,0.07999999999999999,0.7999999999999999,0.5,3.2398601273723098
2026-05-26 10:57:15.717022,0.39999999999999997,0.07999999999999999,0.7999999999999999,0.5,3.2398601273723098
2026-05-26 10:57:16.717025,0.39999999999999997,0.07999999999999999,0.7999999999999999,0.5,3.2398601273723098
2026-05-26 10:57:17.717025,0.39999999999999997,0.07999999999999999,0.7999999999999999,0.5,3.2398601273723098
2026-05-26 10:57:18.717025,0.39999999999999997,0.07999999999999999,0.7999999999999999,0.5,3.2398601273723098
2026-05-26 10:57:19.717027,0.39999999999999997,0.07999999999999999,0.7999999999999999,0.5,3.2398601273723098
2026-05-26 10:57:20.717027,0.39999999999999997,0.07999999999999999,0.7999999999999999,0.5,3.2398601273723098
2026-05-26 10:57:21.717027,0.39999999999999997,0.07999999999999999,0.7999999999999999,0.5,3.2398601273723098
2026-05-26 10:57:22.717027,0.39999999999999997,0.07999999999999999,0.7999999999999999,0.5,3.2398601273723098
2026-05-26 10:57:23.720292,0.39999999999999997,0.07999999999999999,0.7999999999999999,0.5,3.2398601273723098
2026-05-26 10:57:24.720292,0.39999999999999997,0.07999999999999999,0.7999999999999999,0.5,3.2398601273723098
2026-05-26 10:57:25.720292,0.39999999999999997,0.07999999999999999,0.7999999999999999,0.5,3.2398601273723098
2026-05-26 10:57:26.720827,0.39999999999999997,0.07999999999999999,0.7999999999999999,0.5,3.2398601273723098
2026-05-26 10:57:27.720827,0.39999999999999997,0.07999999999999999,0.7999999999999999,0.5,3.2398601273723098
2026-05-26 10:57:28.720827,0.39999999999999997,0.07999999999999999,0.7999999999999999,0.5,3.2398601273723098
2026-05-26 10:57:29.720827,0.39999999999999997,0.07999999999999999,0.7999999999999999,0.5,3.2398601273723098
2026-05-26 10:57:30.720827,0.39999999999999997,0.07999999999999999,0.7999999999999999,0.5,3.2398601273723098
2026-05-26 10:57:31.720827,0.39999999999999997,0.07999999999999999,0.7999999999999999,0.5,3.2398601273723098
2026-05-26 10:57:32.721564,0.39999999999999997,0.07999999999999999,0.7999999999999999,0.5,3.2398601273723098
2026-05-26 10:57:33.721872,0.39999999999999997,0.07999999999999999,0.7999999999999999,0.5,3.2398601273723098
2026-05-26 10:57:34.721872,0.39999999999999997,0.07999999999999999,0.7999999999999999,0.5,3.2398601273723098
2026-05-26 10:57:35.721872,0.39999999999999997,0.07999999999999999,0.7999999999999999,0.5,3.2398601273723098
2026-05-26 10:57:36.721986,0.39999999999999997,0.07999999999999999,0.7999999999999999,0.5,3.2398601273723098
2026-05-26 10:57:37.721988,0.39999999999999997,0.07999999999999999,0.7999999999999999,0.5,3.2398601273723098
2026-05-26 10:57:38.722582,0.39999999999999997,0.07999999999999999,0.7999999999999999,0.5,3.2398601273723098
2026-05-26 10:57:39.722582,0.39999999999999997,0.07999999999999999,0.7999999999999999,0.5,3.2398601273723098
2026-05-26 10:57:40.725702,0.39999999999999997,0.07999999999999999,0.7999999999999999,0.5,3.2398601273723098
2026-05-26 10:57:41.725702,0.39999999999999997,0.07999999999999999,0.7999999999999999,0.5,3.2398601273723098
2026-05-26 10:57:42.725702,0.39999999999999997,0.07999999999999999,0.7999999999999999,0.5,3.2398601273723098
2026-05-26 10:57:43.725702,0.39999999999999997,0.07999999999999999,0.7999999999999999,0.5,3.2398601273723098
2026-05-26 10:57:44.726539,0.39999999999999997,0.07999999999999999,0.7999999999999999,0.5,3.2398601273723098
2026-05-26 10:57:45.726539,0.39999999999999997,0.07999999999999999,0.7999999999999999,0.5,3.2398601273723098
2026-05-26 10:57:46.726901,0.39999999999999997,0.07999999999999999,0.7999999999999999,0.5,3.2398601273723098
2026-05-26 10:57:47.726901,0.39999999999999997,0.07999999999999999,0.7999999999999999,0.5,3.2398601273723098
2026-05-26 10:57:48.726901,0.39999999999999997,0.07999999999999999,0.7999999999999999,0.5,3.2398601273723098
2026-05-26 10:57:49.726904,0.39999999999999997,0.07999999999999999,0.7999999999999999,0.5,3.2398601273723098
2026-05-26 10:57:50.730111,0.39999999999999997,0.07999999999999999,0.7999999999999999,0.5,3.2398601273723098
2026-05-26 10:57:51.730111,0.39999999999999997,0.07999999999999999,0.7999999999999999,0.5,3.2398601273723098
2026-05-26 10:57:52.730111,0.39999999999999997,0.07999999999999999,0.7999999999999999,0.5,3.2398601273723098
2026-05-26 10:57:53.730202,0.39999999999999997,0.07999999999999999,0.7999999999999999,0.5,3.2398601273723098
2026-05-26 10:57:54.741735,0.39999999999999997,0.07999999999999999,0.7999999999999999,0.5,3.2398601273723098
2026-05-26 10:57:55.741735,0.39999999999999997,0.07999999999999999,0.7999999999999999,0.5,3.2398601273723098
2026-05-26 10:57:56.741981,0.39999999999999997,0.07999999999999999,0.7999999999999999,0.5,3.2398601273723098
2026-05-26 10:57:57.745809,0.39999999999999997,0.07999999999999999,0.7999999999999999,0.5,3.2398601273723098
2026-05-26 10:57:58.745825,0.39999999999999997,0.07999999999999999,0.7999999999999999,0.5,3.2398601273723098
2026-05-26 10:57:59.745825,0.39999999999999997,0.07999999999999999,0.7999999999999999,0.5,3.2398601273723098
2026-05-26 10:58:00.745825,0.39999999999999997,0.07999999999999999,0.7999999999999999,0.5,3.2398601273723098
2026-05-26 10:58:01.745825,0.39999999999999997,0.07999999999999999,0.7999999999999999,0.5,3.2398601273723098
2026-05-26 10:58:02.745825,0.39999999999999997,0.07999999999999999,0.7999999999999999,0.5,3.2398601273723098
2026-05-26 10:58:03.745825,0.39999999999999997,0.07999999999999999,0.7999999999999999,0.5,3.2398601273723098
2026-05-26 10:58:04.745825,0.39999999999999997,0.07999999999999999,0.7999999999999999,0.5,3.2398601273723098
2026-05-26 10:58:05.765288,0.39999999999999997,0.07999999999999999,0.7999999999999999,0.5,3.2398601273723098
2026-05-26 10:58:06.765288,0.39999999999999997,0.07999999999999999,0.7999999999999999,0.5,3.2398601273723098
2026-05-26 10:58:07.765297,0.39999999999999997,0.07999999999999999,0.7999999999999999,0.5,3.2398601273723098
2026-05-26 10:58:08.765297,0.39999999999999997,0.07999999999999999,0.7999999999999999,0.5,3.2398601273723098
2026-05-26 10:58:09.765301,0.39999999999999997,0.07999999999999999,0.7999999999999999,0.5,3.2398601273723098
2026-05-26 10:58:10.765301,0.39999999999999997,0.07999999999999999,0.7999999999999999,0.5,3.2398601273723098
2026-05-26 10:58:11.765301,0.39999999999999997,0.07999999999999999,0.7999999999999999,0.5,3.2398601273723098
2026-05-26 10:58:12.765301,0.39999999999999997,0.07999999999999999,0.7999999999999999,0.5,3.2398601273723098
2026-05-26 10:58:13.765301,0.39999999999999997,0.07999999999999999,0.7999999999999999,0.5,3.2398601273723098
2026-05-26 10:58:14.765317,0.39999999999999997,0.07999999999999999,0.7999999999999999,0.5,3.2398601273723098
2026-05-26 10:58:15.765317,0.39999999999999997,0.07999999999999999,0.7999999999999999,0.5,3.2398601273723098
2026-05-26 10:58:16.767195,0.39999999999999997,0.07999999999999999,0.7999999999999999,0.5,3.2398601273723098
2026-05-26 10:58:17.775131,0.39999999999999997,0.07999999999999999,0.7999999999999999,0.5,3.2398601273723098
2026-05-26 10:58:18.775131,0.39999999999999997,0.07999999999999999,0.7999999999999999,0.5,3.2398601273723098
2026-05-26 10:58:19.830678,0.39999999999999997,0.07999999999999999,0.7999999999999999,0.5,4.121532041516658
2026-05-26 10:58:20.830678,0.39999999999999997,0.07999999999999999,0.7999999999999999,0.5,4.121532041516658
2026-05-26 10:58:21.830678,0.39999999999999997,0.07999999999999999,0.7999999999999999,0.5,4.121532041516658
2026-05-26 10:58:22.830698,0.39999999999999997,0.07999999999999999,0.7999999999999999,0.5,4.121532041516658
2026-05-26 10:58:23.830702,0.39999999999999997,0.07999999999999999,0.7999999999999999,0.5,4.121532041516658
2026-05-26 10:58:24.830702,0.39999999999999997,0.07999999999999999,0.7999999999999999,0.5,4.121532041516658
2026-05-26 10:58:25.831202,0.39999999999999997,0.07999999999999999,0.7999999999999999,0.5,4.121532041516658
2026-05-26 10:58:26.832084,0.39999999999999997,0.07999999999999999,0.7999999999999999,0.5,4.121532041516658
2026-05-26 10:58:27.832084,0.39999999999999997,0.07999999999999999,0.7999999999999999,0.5,4.121532041516658
2026-05-26 10:58:28.832084,0.39999999999999997,0.07999999999999999,0.7999999999999999,0.5,4.121532041516658
2026-05-26 10:58:29.832707,0.39999999999999997,0.07999999999999999,0.7999999999999999,0.5,3.6588623096178865
2026-05-26 10:58:30.832707,0.39999999999999997,0.07999999999999999,0.7999999999999999,0.5,3.6588623096178865
2026-05-26 10:58:31.832709,0.39999999999999997,0.07999999999999999,0.7999999999999999,0.5,3.6588623096178865
2026-05-26 10:58:32.833727,0.39999999999999997,0.07999999999999999,0.7999999999999999,0.5,3.6588623096178865
2026-05-26 10:58:33.833727,0.39999999999999997,0.07999999999999999,0.7999999999999999,0.5,3.6588623096178865
2026-05-26 10:58:34.834221,0.39999999999999997,0.07999999999999999,0.7999999999999999,0.5,3.6588623096178865
2026-05-26 10:58:35.834388,0.39999999999999997,0.07999999999999999,0.7999999999999999,0.5,3.6588623096178865
2026-05-26 10:58:36.834388,0.39999999999999997,0.07999999999999999,0.7999999999999999,0.5,3.6588623096178865
2026-05-26 10:58:37.837728,0.39999999999999997,0.07999999999999999,0.7999999999999999,0.5,3.6588623096178865
2026-05-26 10:58:38.837728,0.39999999999999997,0.07999999999999999,0.7999999999999999,0.5,3.6588623096178865
2026-05-26 10:58:39.837728,0.39999999999999997,0.07999999999999999,0.7999999999999999,0.5,3.6588623096178865
2026-05-26 10:58:40.837730,0.39999999999999997,0.07999999999999999,0.7999999999999999,0.5,3.576082835539718
2026-05-26 10:58:41.837865,0.39999999999999997,0.07999999999999999,0.7999999999999999,0.5,3.576082835539718
2026-05-26 10:58:42.837865,0.39999999999999997,0.07999999999999999,0.7999999999999999,0.5,3.576082835539718
2026-05-26 10:58:43.837882,0.39999999999999997,0.07999999999999999,0.7999999999999999,0.5,3.576082835539718
2026-05-26 10:58:44.838868,0.39999999999999997,0.07999999999999999,0.7999999999999999,0.5,3.576082835539718
2026-05-26 10:58:45.838868,0.39999999999999997,0.07999999999999999,0.7999999999999999,0.5,3.576082835539718
2026-05-26 10:58:46.838868,0.39999999999999997,0.07999999999999999,0.7999999999999999,0.5,3.576082835539718
2026-05-26 10:58:47.838868,0.39999999999999997,0.07999999999999999,0.7999999999999999,0.5,3.576082835539718
2026-05-26 10:58:48.849524,0.39999999999999997,0.07999999999999999,0.7999999999999999,0.5,3.576082835539718
2026-05-26 10:58:49.849524,0.39999999999999997,0.07999999999999999,0.7999999999999999,0.5,3.576082835539718
2026-05-26 10:58:50.849569,0.39999999999999997,0.07999999999999999,0.7999999999999999,0.5,3.576082835539718
2026-05-26 10:58:51.849569,0.39999999999999997,0.07999999999999999,0.7999999999999999,0.5,3.576082835539718
2026-05-26 10:58:52.849569,0.39999999999999997,0.07999999999999999,0.7999999999999999,0.5,3.576082835539718
2026-05-26 10:58:53.908387,0.39999999999999997,0.07999999999999999,0.7999999999999999,0.5,3.576082835539718
2026-05-26 10:58:54.908648,0.39999999999999997,0.07999999999999999,0.7999999999999999,0.5,3.576082835539718
2026-05-26 10:58:55.908648,0.39999999999999997,0.07999999999999999,0.7999999999999999,0.5,3.576082835539718
2026-05-26 10:58:56.908714,0.39999999999999997,0.07999999999999999,0.7999999999999999,0.5,3.576082835539718
2026-05-26 10:58:57.908714,0.39999999999999997,0.07999999999999999,0.7999999999999999,0.5,3.576082835539718
2026-05-26 10:58:58.908714,0.39999999999999997,0.07999999999999999,0.7999999999999999,0.5,3.576082835539718
2026-05-26 10:58:59.908714,0.39999999999999997,0.07999999999999999,0.7999999999999999,0.5,3.576082835539718
2026-05-26 10:59:00.908719,0.39999999999999997,0.07999999999999999,0.7999999999999999,0.5,3.576082835539718
2026-05-26 10:59:01.908736,0.39999999999999997,0.07999999999999999,0.7999999999999999,0.5,3.576082835539718
2026-05-26 10:59:02.908760,0.39999999999999997,0.07999999999999999,0.7999999999999999,0.5,3.576082835539718
2026-05-26 10:59:03.908760,0.39999999999999997,0.07999999999999999,0.7999999999999999,0.5,3.576082835539718
2026-05-26 10:59:04.908766,0.39999999999999997,0.07999999999999999,0.7999999999999999,0.5,3.576082835539718
2026-05-26 10:59:05.924701,0.39999999999999997,0.07999999999999999,0.7999999999999999,0.5,3.576082835539718
2026-05-26 10:59:06.924701,0.39999999999999997,0.07999999999999999,0.7999999999999999,0.5,3.576082835539718
2026-05-26 10:59:07.924701,0.39999999999999997,0.07999999999999999,0.7999999999999999,0.5,3.576082835539718
2026-05-26 10:59:08.924701,0.39999999999999997,0.07999999999999999,0.7999999999999999,0.5,3.576082835539718
2026-05-26 10:59:09.924701,0.39999999999999997,0.07999999999999999,0.7999999999999999,0.5,3.576082835539718
2026-05-26 10:59:10.924733,0.39999999999999997,0.07999999999999999,0.7999999999999999,0.5,3.576082835539718
2026-05-26 10:59:11.930459,0.39999999999999997,0.07999999999999999,0.7999999999999999,0.5,3.576082835539718
2026-05-26 10:59:12.930459,0.39999999999999997,0.07999999999999999,0.7999999999999999,0.5,3.576082835539718
2026-05-26 10:59:13.930469,0.39999999999999997,0.07999999999999999,0.7999999999999999,0.5,3.576082835539718
2026-05-26 10:59:14.931342,0.39999999999999997,0.07999999999999999,0.7999999999999999,0.5,3.576082835539718
2026-05-26 10:59:15.935336,0.39999999999999997,0.07999999999999999,0.7999999999999999,0.5,3.576082835539718
2026-05-26 10:59:16.935346,0.39999999999999997,0.07999999999999999,0.7999999999999999,0.5,3.576082835539718
2026-05-26 10:59:17.935346,0.39999999999999997,0.07999999999999999,0.7999999999999999,0.5,3.576082835539718
2026-05-26 10:59:18.936514,0.39999999999999997,0.07999999999999999,0.7999999999999999,0.5,3.576082835539718
2026-05-26 10:59:19.936514,0.39999999999999997,0.07999999999999999,0.7999999999999999,0.5,3.576082835539718
2026-05-26 10:59:20.936514,0.39999999999999997,0.07999999999999999,0.7999999999999999,0.5,3.576082835539718
2026-05-26 10:59:21.936514,0.39999999999999997,0.07999999999999999,0.7999999999999999,0.5,3.576082835539718
2026-05-26 10:59:22.936566,0.39999999999999997,0.07999999999999999,0.7999999999999999,0.5,3.576082835539718
2026-05-26 10:59:23.936799,0.39999999999999997,0.07999999999999999,0.7999999999999999,0.5,3.576082835539718
2026-05-26 10:59:24.936799,0.39999999999999997,0.07999999999999999,0.7999999999999999,0.5,3.576082835539718
2026-05-26 10:59:25.936800,0.39999999999999997,0.07999999999999999,0.7999999999999999,0.5,3.576082835539718
2026-05-26 10:59:26.946971,0.39999999999999997,0.07999999999999999,0.7999999999999999,0.5,3.576082835539718
2026-05-26 10:59:27.946979,0.39999999999999997,0.07999999999999999,0.7999999999999999,0.5,3.576082835539718
2026-05-26 10:59:28.946979,0.39999999999999997,0.07999999999999999,0.7999999999999999,0.5,3.576082835539718
2026-05-26 10:59:29.946979,0.39999999999999997,0.07999999999999999,0.7999999999999999,0.5,3.576082835539718
2026-05-26 10:59:30.946979,0.39999999999999997,0.07999999999999999,0.7999999999999999,0.5,3.576082835539718
2026-05-26 10:59:31.948171,0.39999999999999997,0.07999999999999999,0.7999999999999999,0.5,3.576082835539718
2026-05-26 10:59:32.956271,0.39999999999999997,0.07999999999999999,0.7999999999999999,0.5,3.576082835539718
2026-05-26 10:59:33.956271,0.39999999999999997,0.07999999999999999,0.7999999999999999,0.5,3.576082835539718
2026-05-26 10:59:34.956271,0.39999999999999997,0.07999999999999999,0.7999999999999999,0.5,3.576082835539718
2026-05-26 10:59:35.956273,0.39999999999999997,0.07999999999999999,0.7999999999999999,0.5,3.576082835539718
2026-05-26 10:59:36.956273,0.39999999999999997,0.07999999999999999,0.7999999999999999,0.5,3.576082835539718
2026-05-26 10:59:37.956280,0.39999999999999997,0.07999999999999999,0.7999999999999999,0.5,3.576082835539718
2026-05-26 10:59:38.956280,0.39999999999999997,0.07999999999999999,0.7999999999999999,0.5,3.576082835539718
2026-05-26 10:59:39.960701,0.39999999999999997,0.07999999999999999,0.7999999999999999,0.5,3.576082835539718
2026-05-26 10:59:40.960701,0.39999999999999997,0.07999999999999999,0.7999999999999999,0.5,3.576082835539718
2026-05-26 10:59:41.964294,0.39999999999999997,0.07999999999999999,0.7999999999999999,0.5,3.576082835539718
2026-05-26 10:59:42.964294,0.39999999999999997,0.07999999999999999,0.7999999999999999,0.5,3.576082835539718
2026-05-26 10:59:43.964294,0.39999999999999997,0.07999999999999999,0.7999999999999999,0.5,3.576082835539718
2026-05-26 10:59:44.964294,0.39999999999999997,0.07999999999999999,0.7999999999999999,0.5,3.576082835539718
2026-05-26 10:59:45.964339,0.39999999999999997,0.07999999999999999,0.7999999999999999,0.5,3.576082835539718
2026-05-26 10:59:46.964339,0.39999999999999997,0.07999999999999999,0.7999999999999999,0.5,3.576082835539718
2026-05-26 10:59:47.964339,0.39999999999999997,0.07999999999999999,0.7999999999999999,0.5,3.576082835539718
2026-05-26 10:59:48.965273,0.39999999999999997,0.07999999999999999,0.7999999999999999,0.5,3.576082835539718
2026-05-26 10:59:49.965273,0.39999999999999997,0.07999999999999999,0.7999999999999999,0.5,3.576082835539718
2026-05-26 10:59:50.965273,0.39999999999999997,0.07999999999999999,0.7999999999999999,0.5,3.576082835539718
2026-05-26 10:59:51.972312,0.39999999999999997,0.07999999999999999,0.7999999999999999,0.5,3.576082835539718
2026-05-26 10:59:52.972312,0.39999999999999997,0.07999999999999999,0.7999999999999999,0.5,3.576082835539718
2026-05-26 10:59:53.972312,0.39999999999999997,0.07999999999999999,0.7999999999999999,0.5,3.576082835539718
2026-05-26 10:59:54.972312,0.39999999999999997,0.07999999999999999,0.7999999999999999,0.5,3.576082835539718
2026-05-26 10:59:55.981900,0.39999999999999997,0.07999999999999999,0.7999999999999999,0.5,3.576082835539718
2026-05-26 10:59:56.981900,0.39999999999999997,0.07999999999999999,0.7999999999999999,0.5,3.576082835539718
2026-05-26 10:59:57.994126,0.39999999999999997,0.07999999999999999,0.7999999999999999,0.5,3.576082835539718
2026-05-26 10:59:58.994126,0.39999999999999997,0.07999999999999999,0.7999999999999999,0.5,3.576082835539718
2026-05-26 10:59:59.994126,0.39999999999999997,0.07999999999999999,0.7999999999999999,0.5,3.576082835539718
2026-05-26 11:00:00.994126,0.39999999999999997,0.07999999999999999,0.7999999999999999,0.5,3.576082835539718
2026-05-26 11:00:01.994126,0.39999999999999997,0.07999999999999999,0.7999999999999999,0.5,3.576082835539718
2026-05-26 11:00:02.994126,0.39999999999999997,0.07999999999999999,0.7999999999999999,0.5,3.576082835539718
2026-05-26 11:00:03.994126,0.39999999999999997,0.07999999999999999,0.7999999999999999,0.5,3.576082835539718
2026-05-26 11:00:04.994964,0.39999999999999997,0.07999999999999999,0.7999999999999999,0.5,3.576082835539718
2026-05-26 11:00:06.002199,0.39999999999999997,0.07999999999999999,0.7999999999999999,0.5,3.576082835539718
2026-05-26 11:00:07.003407,0.39999999999999997,0.07999999999999999,0.7999999999999999,0.5,3.576082835539718
2026-05-26 11:00:08.003824,0.39999999999999997,0.07999999999999999,0.7999999999999999,0.5,3.576082835539718
2026-05-26 11:00:09.003824,0.39999999999999997,0.07999999999999999,0.7999999999999999,0.5,3.576082835539718
2026-05-26 11:00:10.003824,0.39999999999999997,0.07999999999999999,0.7999999999999999,0.5,3.576082835539718
2026-05-26 11:00:11.003824,0.39999999999999997,0.07999999999999999,0.7999999999999999,0.5,3.576082835539718
2026-05-26 11:00:12.008647,0.39999999999999997,0.07999999999999999,0.7999999999999999,0.5,3.576082835539718
2026-05-26 11:00:13.008651,0.39999999999999997,0.07999999999999999,0.7999999999999999,0.5,3.576082835539718
2026-05-26 11:00:14.008651,0.39999999999999997,0.07999999999999999,0.7999999999999999,0.5,3.576082835539718
2026-05-26 11:00:15.008651,0.39999999999999997,0.07999999999999999,0.7999999999999999,0.5,3.576082835539718
2026-05-26 11:00:16.008660,0.39999999999999997,0.07999999999999999,0.7999999999999999,0.5,3.576082835539718
2026-05-26 11:00:17.008660,0.39999999999999997,0.07999999999999999,0.7999999999999999,0.5,3.576082835539718
2026-05-26 11:00:18.048465,0.39999999999999997,0.07999999999999999,0.7999999999999999,0.5,3.576082835539718
2026-05-26 11:00:19.055362,0.39999999999999997,0.07999999999999999,0.7999999999999999,0.5,3.576082835539718
2026-05-26 11:00:20.055362,0.39999999999999997,0.07999999999999999,0.7999999999999999,0.5,3.576082835539718
2026-05-26 11:00:21.055362,0.39999999999999997,0.07999999999999999,0.7999999999999999,0.5,3.576082835539718
2026-05-26 11:00:22.055368,0.39999999999999997,0.07999999999999999,0.7999999999999999,0.5,3.576082835539718
2026-05-26 11:00:23.055368,0.39999999999999997,0.07999999999999999,0.7999999999999999,0.5,3.576082835539718
2026-05-26 11:00:24.055368,0.39999999999999997,0.07999999999999999,0.7999999999999999,0.5,3.576082835539718
2026-05-26 11:00:25.055368,0.39999999999999997,0.07999999999999999,0.7999999999999999,0.5,3.576082835539718
2026-05-26 11:00:26.055437,0.39999999999999997,0.07999999999999999,0.7999999999999999,0.5,3.576082835539718
2026-05-26 11:00:27.055437,0.39999999999999997,0.07999999999999999,0.7999999999999999,0.5,3.576082835539718
2026-05-26 11:00:28.055437,0.39999999999999997,0.07999999999999999,0.7999999999999999,0.5,3.576082835539718
2026-05-26 11:00:29.055437,0.39999999999999997,0.07999999999999999,0.7999999999999999,0.5,3.576082835539718
2026-05-26 11:00:30.055760,0.39999999999999997,0.07999999999999999,0.7999999999999999,0.5,3.576082835539718
2026-05-26 11:00:31.065329,0.39999999999999997,0.07999999999999999,0.7999999999999999,0.5,3.576082835539718
2026-05-26 11:00:32.065329,0.39999999999999997,0.07999999999999999,0.7999999999999999,0.5,3.576082835539718
2026-05-26 11:00:33.092928,0.39999999999999997,0.07999999999999999,0.7999999999999999,0.5,3.576082835539718
2026-05-26 11:00:34.092939,0.39999999999999997,0.07999999999999999,0.7999999999999999,0.5,3.576082835539718
2026-05-26 11:00:35.092939,0.39999999999999997,0.07999999999999999,0.7999999999999999,0.5,3.576082835539718
2026-05-26 11:00:36.092939,0.39999999999999997,0.07999999999999999,0.7999999999999999,0.5,3.576082835539718
2026-05-26 11:00:37.092940,0.39999999999999997,0.07999999999999999,0.7999999999999999,0.5,3.576082835539718
2026-05-26 11:00:38.092970,0.39999999999999997,0.07999999999999999,0.7999999999999999,0.5,3.576082835539718
2026-05-26 11:00:39.092971,0.39999999999999997,0.07999999999999999,0.7999999999999999,0.5,3.576082835539718
2026-05-26 11:00:40.094645,0.39999999999999997,0.07999999999999999,0.7999999999999999,0.5,3.576082835539718
2026-05-26 11:00:41.094645,0.39999999999999997,0.07999999999999999,0.7999999999999999,0.5,3.576082835539718
2026-05-26 11:00:42.094645,0.39999999999999997,0.07999999999999999,0.7999999999999999,0.5,3.576082835539718
2026-05-26 11:00:43.094645,0.39999999999999997,0.07999999999999999,0.7999999999999999,0.5,3.576082835539718
2026-05-26 11:00:44.094645,0.39999999999999997,0.07999999999999999,0.7999999999999999,0.5,3.709790562390839
2026-05-26 11:00:45.098297,0.39999999999999997,0.07999999999999999,0.7999999999999999,0.5,3.709790562390839
2026-05-26 11:00:46.100944,0.39999999999999997,0.07999999999999999,0.7999999999999999,0.5,3.709790562390839
2026-05-26 11:00:47.101013,0.39999999999999997,0.07999999999999999,0.7999999999999999,0.5,3.709790562390839
2026-05-26 11:00:48.109830,0.39999999999999997,0.07999999999999999,0.7999999999999999,0.5,3.709790562390839
2026-05-26 11:00:49.110081,0.39999999999999997,0.07999999999999999,0.7999999999999999,0.5,3.709790562390839
2026-05-26 11:00:50.110081,0.39999999999999997,0.07999999999999999,0.7999999999999999,0.5,3.709790562390839
2026-05-26 11:00:51.110108,0.39999999999999997,0.07999999999999999,0.7999999999999999,0.5,3.709790562390839
2026-05-26 11:00:52.110108,0.39999999999999997,0.07999999999999999,0.7999999999999999,0.5,3.709790562390839
2026-05-26 11:00:53.110109,0.39999999999999997,0.07999999999999999,0.7999999999999999,0.5,3.709790562390839
2026-05-26 11:00:54.121556,0.39999999999999997,0.07999999999999999,0.7999999999999999,0.5,3.5212720599605003
2026-05-26 11:00:55.156828,0.39999999999999997,0.07999999999999999,0.7999999999999999,0.5,3.5212720599605003
2026-05-26 11:00:56.156828,0.39999999999999997,0.07999999999999999,0.7999999999999999,0.5,3.5212720599605003
2026-05-26 11:00:57.156828,0.39999999999999997,0.07999999999999999,0.7999999999999999,0.5,3.5212720599605003
2026-05-26 11:00:58.156828,0.39999999999999997,0.07999999999999999,0.7999999999999999,0.5,3.5212720599605003
2026-05-26 11:00:59.156931,0.39999999999999997,0.07999999999999999,0.7999999999999999,0.5,3.5212720599605003
2026-05-26 11:01:00.157040,0.39999999999999997,0.07999999999999999,0.7999999999999999,0.5,3.5212720599605003
2026-05-26 11:01:01.157040,0.39999999999999997,0.07999999999999999,0.7999999999999999,0.5,3.5212720599605003
2026-05-26 11:01:02.157040,0.39999999999999997,0.07999999999999999,0.7999999999999999,0.5,3.5212720599605003
2026-05-26 11:01:03.157040,0.39999999999999997,0.07999999999999999,0.7999999999999999,0.5,3.5212720599605003
2026-05-26 11:01:04.157040,0.39999999999999997,0.07999999999999999,0.7999999999999999,0.5,3.5212720599605003
2026-05-26 11:01:05.157296,0.39999999999999997,0.07999999999999999,0.7999999999999999,0.5,3.502291178893377
2026-05-26 11:01:06.157296,0.39999999999999997,0.07999999999999999,0.7999999999999999,0.5,3.502291178893377
2026-05-26 11:01:07.159035,0.39999999999999997,0.07999999999999999,0.7999999999999999,0.5,3.502291178893377
2026-05-26 11:01:08.159035,0.39999999999999997,0.07999999999999999,0.7999999999999999,0.5,3.502291178893377
2026-05-26 11:01:09.160892,0.39999999999999997,0.07999999999999999,0.7999999999999999,0.5,3.502291178893377
2026-05-26 11:01:10.160897,0.39999999999999997,0.07999999999999999,0.7999999999999999,0.5,3.502291178893377
2026-05-26 11:01:11.160897,0.39999999999999997,0.07999999999999999,0.7999999999999999,0.5,3.502291178893377
2026-05-26 11:01:12.160897,0.39999999999999997,0.07999999999999999,0.7999999999999999,0.5,3.502291178893377
2026-05-26 11:01:13.160897,0.39999999999999997,0.07999999999999999,0.7999999999999999,0.5,3.502291178893377
2026-05-26 11:01:14.160897,0.39999999999999997,0.07999999999999999,0.7999999999999999,0.5,3.502291178893377
2026-05-26 11:01:15.160897,0.39999999999999997,0.07999999999999999,0.7999999999999999,0.5,3.502291178893377
2026-05-26 11:01:16.180973,0.39999999999999997,0.07999999999999999,0.7999999999999999,0.5,3.5835102639963115
2026-05-26 11:01:17.180973,0.39999999999999997,0.07999999999999999,0.7999999999999999,0.5,3.5835102639963115
2026-05-26 11:01:18.180973,0.39999999999999997,0.07999999999999999,0.7999999999999999,0.5,3.5835102639963115
2026-05-26 11:01:19.180975,0.39999999999999997,0.07999999999999999,0.7999999999999999,0.5,3.5835102639963115
2026-05-26 11:01:20.180975,0.39999999999999997,0.07999999999999999,0.7999999999999999,0.5,3.5835102639963115
2026-05-26 11:01:21.181051,0.39999999999999997,0.07999999999999999,0.7999999999999999,0.5,3.5835102639963115
2026-05-26 11:01:22.181249,0.39999999999999997,0.07999999999999999,0.7999999999999999,0.5,3.5835102639963115
2026-05-26 11:01:23.191920,0.39999999999999997,0.07999999999999999,0.7999999999999999,0.5,3.5835102639963115
2026-05-26 11:01:24.191920,0.39999999999999997,0.07999999999999999,0.7999999999999999,0.5,3.5835102639963115
2026-05-26 11:01:25.191920,0.39999999999999997,0.07999999999999999,0.7999999999999999,0.5,3.5835102639963115
2026-05-26 11:01:26.191926,0.39999999999999997,0.07999999999999999,0.7999999999999999,0.5,3.4077511897622332
2026-05-26 11:01:27.191926,0.39999999999999997,0.07999999999999999,0.7999999999999999,0.5,3.4077511897622332
2026-05-26 11:01:28.191926,0.39999999999999997,0.07999999999999999,0.7999999999999999,0.5,3.4077511897622332
2026-05-26 11:01:29.191936,0.39999999999999997,0.07999999999999999,0.7999999999999999,0.5,3.4077511897622332
2026-05-26 11:01:30.191936,0.39999999999999997,0.07999999999999999,0.7999999999999999,0.5,3.4077511897622332
2026-05-26 11:01:31.191936,0.39999999999999997,0.07999999999999999,0.7999999999999999,0.5,3.4077511897622332
2026-05-26 11:01:32.191936,0.39999999999999997,0.07999999999999999,0.7999999999999999,0.5,3.4077511897622332
2026-05-26 11:01:33.191936,0.39999999999999997,0.07999999999999999,0.7999999999999999,0.5,3.4077511897622332
2026-05-26 11:01:34.191936,0.39999999999999997,0.07999999999999999,0.7999999999999999,0.5,3.4077511897622332
2026-05-26 11:01:35.191936,0.39999999999999997,0.07999999999999999,0.7999999999999999,0.5,3.4077511897622332
2026-05-26 11:01:36.191936,0.39999999999999997,0.07999999999999999,0.7999999999999999,0.5,3.4077511897622332
2026-05-26 11:01:37.191936,0.39999999999999997,0.07999999999999999,0.7999999999999999,0.5,3.4077511897622332
2026-05-26 11:01:38.191936,0.39999999999999997,0.07999999999999999,0.7999999999999999,0.5,3.4077511897622332
2026-05-26 11:01:39.199983,0.39999999999999997,0.07999999999999999,0.7999999999999999,0.5,3.4077511897622332
2026-05-26 11:01:40.199983,0.39999999999999997,0.07999999999999999,0.7999999999999999,0.5,3.4077511897622332
2026-05-26 11:01:41.200118,0.39999999999999997,0.07999999999999999,0.7999999999999999,0.5,3.4077511897622332
2026-05-26 11:01:42.200118,0.39999999999999997,0.07999999999999999,0.7999999999999999,0.5,3.4077511897622332
2026-05-26 11:01:43.200118,0.39999999999999997,0.07999999999999999,0.7999999999999999,0.5,3.4077511897622332
2026-05-26 11:01:44.200138,0.39999999999999997,0.07999999999999999,0.7999999999999999,0.5,3.4077511897622332
2026-05-26 11:01:45.226891,0.39999999999999997,0.07999999999999999,0.7999999999999999,0.5,3.4077511897622332
2026-05-26 11:01:46.227178,0.39999999999999997,0.07999999999999999,0.7999999999999999,0.5,3.4077511897622332
2026-05-26 11:01:47.227178,0.39999999999999997,0.07999999999999999,0.7999999999999999,0.5,3.4077511897622332
2026-05-26 11:01:48.228759,0.39999999999999997,0.07999999999999999,0.7999999999999999,0.5,3.4077511897622332
2026-05-26 11:01:49.229999,0.39999999999999997,0.07999999999999999,0.7999999999999999,0.5,3.4077511897622332
2026-05-26 11:01:50.231452,0.39999999999999997,0.07999999999999999,0.7999999999999999,0.5,3.4077511897622332
2026-05-26 11:01:51.231452,0.39999999999999997,0.07999999999999999,0.7999999999999999,0.5,3.4077511897622332
2026-05-26 11:01:52.231452,0.39999999999999997,0.07999999999999999,0.7999999999999999,0.5,3.4077511897622332
2026-05-26 11:01:53.231452,0.39999999999999997,0.07999999999999999,0.7999999999999999,0.5,3.4077511897622332
2026-05-26 11:01:54.233061,0.39999999999999997,0.07999999999999999,0.7999999999999999,0.5,3.4077511897622332
2026-05-26 11:01:55.233061,0.39999999999999997,0.07999999999999999,0.7999999999999999,0.5,3.4077511897622332
2026-05-26 11:01:56.233061,0.39999999999999997,0.07999999999999999,0.7999999999999999,0.5,3.4077511897622332
2026-05-26 11:01:57.233061,0.39999999999999997,0.07999999999999999,0.7999999999999999,0.5,3.4077511897622332
2026-05-26 11:01:58.233061,0.39999999999999997,0.07999999999999999,0.7999999999999999,0.5,3.4077511897622332
2026-05-26 11:01:59.233235,0.39999999999999997,0.07999999999999999,0.7999999999999999,0.5,3.4077511897622332
2026-05-26 11:02:00.233235,0.39999999999999997,0.07999999999999999,0.7999999999999999,0.5,3.4077511897622332
2026-05-26 11:02:01.236915,0.39999999999999997,0.07999999999999999,0.7999999999999999,0.5,3.4077511897622332
2026-05-26 11:02:02.238041,0.39999999999999997,0.07999999999999999,0.7999999999999999,0.5,3.4077511897622332
2026-05-26 11:02:03.238041,0.39999999999999997,0.07999999999999999,0.7999999999999999,0.5,3.4077511897622332
2026-05-26 11:02:04.238041,0.39999999999999997,0.07999999999999999,0.7999999999999999,0.5,3.4077511897622332
2026-05-26 11:02:05.238041,0.39999999999999997,0.07999999999999999,0.7999999999999999,0.5,3.4077511897622332
2026-05-26 11:02:06.238041,0.39999999999999997,0.07999999999999999,0.7999999999999999,0.5,3.4077511897622332
2026-05-26 11:02:07.240040,0.39999999999999997,0.07999999999999999,0.7999999999999999,0.5,3.4077511897622332
2026-05-26 11:02:08.240040,0.39999999999999997,0.07999999999999999,0.7999999999999999,0.5,3.4077511897622332
2026-05-26 11:02:09.246423,0.39999999999999997,0.07999999999999999,0.7999999999999999,0.5,3.4077511897622332
2026-05-26 11:02:10.246572,0.39999999999999997,0.07999999999999999,0.7999999999999999,0.5,3.4077511897622332
2026-05-26 11:02:11.246572,0.39999999999999997,0.07999999999999999,0.7999999999999999,0.5,3.4077511897622332
2026-05-26 11:02:12.254274,0.39999999999999997,0.07999999999999999,0.7999999999999999,0.5,3.4077511897622332
2026-05-26 11:02:13.254274,0.39999999999999997,0.07999999999999999,0.7999999999999999,0.5,3.4077511897622332
2026-05-26 11:02:14.254876,0.39999999999999997,0.07999999999999999,0.7999999999999999,0.5,3.4077511897622332
2026-05-26 11:02:15.254876,0.39999999999999997,0.07999999999999999,0.7999999999999999,0.5,3.4077511897622332
2026-05-26 11:02:16.255212,0.39999999999999997,0.07999999999999999,0.7999999999999999,0.5,3.4077511897622332
2026-05-26 11:02:17.292577,0.39999999999999997,0.07999999999999999,0.7999999999999999,0.5,3.4077511897622332
2026-05-26 11:02:18.292595,0.39999999999999997,0.07999999999999999,0.7999999999999999,0.5,3.4077511897622332
2026-05-26 11:02:19.292595,0.39999999999999997,0.07999999999999999,0.7999999999999999,0.5,3.4077511897622332
2026-05-26 11:02:20.292595,0.39999999999999997,0.07999999999999999,0.7999999999999999,0.5,3.4077511897622332
2026-05-26 11:02:21.292596,0.39999999999999997,0.07999999999999999,0.7999999999999999,0.5,3.4077511897622332
2026-05-26 11:02:22.292596,0.39999999999999997,0.07999999999999999,0.7999999999999999,0.5,3.4077511897622332
2026-05-26 11:02:23.292861,0.39999999999999997,0.07999999999999999,0.7999999999999999,0.5,3.4077511897622332
2026-05-26 11:02:24.292861,0.39999999999999997,0.07999999999999999,0.7999999999999999,0.5,3.4077511897622332
2026-05-26 11:02:25.292876,0.39999999999999997,0.07999999999999999,0.7999999999999999,0.5,3.4077511897622332
2026-05-26 11:02:26.312862,0.39999999999999997,0.07999999999999999,0.7999999999999999,0.5,3.4077511897622332
2026-05-26 11:02:27.312862,0.39999999999999997,0.07999999999999999,0.7999999999999999,0.5,3.4077511897622332
2026-05-26 11:02:28.324029,0.39999999999999997,0.07999999999999999,0.7999999999999999,0.5,3.4077511897622332
2026-05-26 11:02:29.324029,0.39999999999999997,0.07999999999999999,0.7999999999999999,0.5,3.4077511897622332
2026-05-26 11:02:30.339229,0.39999999999999997,0.07999999999999999,0.7999999999999999,0.5,3.4077511897622332
2026-05-26 11:02:31.339229,0.39999999999999997,0.07999999999999999,0.7999999999999999,0.5,3.4077511897622332
2026-05-26 11:02:32.339229,0.39999999999999997,0.07999999999999999,0.7999999999999999,0.5,3.4077511897622332
2026-05-26 11:02:33.339229,0.39999999999999997,0.07999999999999999,0.7999999999999999,0.5,3.4077511897622332
2026-05-26 11:02:34.339229,0.39999999999999997,0.07999999999999999,0.7999999999999999,0.5,3.4077511897622332
2026-05-26 11:02:35.339229,0.39999999999999997,0.07999999999999999,0.7999999999999999,0.5,3.4077511897622332
2026-05-26 11:02:36.339229,0.39999999999999997,0.07999999999999999,0.7999999999999999,0.5,3.4077511897622332
2026-05-26 11:02:37.339269,0.39999999999999997,0.07999999999999999,0.7999999999999999,0.5,3.4077511897622332
2026-05-26 11:02:38.339269,0.39999999999999997,0.07999999999999999,0.7999999999999999,0.5,3.73973720746141
2026-05-26 11:02:39.339269,0.39999999999999997,0.07999999999999999,0.7999999999999999,0.5,3.73973720746141
2026-05-26 11:02:40.339269,0.39999999999999997,0.07999999999999999,0.7999999999999999,0.5,3.73973720746141
2026-05-26 11:02:41.339271,0.39999999999999997,0.07999999999999999,0.7999999999999999,0.5,3.73973720746141
2026-05-26 11:02:42.342281,0.39999999999999997,0.07999999999999999,0.7999999999999999,0.5,3.73973720746141
2026-05-26 11:02:43.342281,0.39999999999999997,0.07999999999999999,0.7999999999999999,0.5,3.73973720746141
2026-05-26 11:02:44.342281,0.39999999999999997,0.07999999999999999,0.7999999999999999,0.5,3.73973720746141
2026-05-26 11:02:45.342281,0.39999999999999997,0.07999999999999999,0.7999999999999999,0.5,3.73973720746141
2026-05-26 11:02:46.342281,0.39999999999999997,0.07999999999999999,0.7999999999999999,0.5,3.73973720746141
2026-05-26 11:02:47.342281,0.39999999999999997,0.07999999999999999,0.7999999999999999,0.5,3.73973720746141
2026-05-26 11:02:48.342281,0.39999999999999997,0.07999999999999999,0.7999999999999999,0.5,3.73973720746141
2026-05-26 11:02:49.342296,0.39999999999999997,0.07999999999999999,0.7999999999999999,0.5,3.73973720746141
2026-05-26 11:02:50.342304,0.39999999999999997,0.07999999999999999,0.7999999999999999,0.5,3.73973720746141
2026-05-26 11:02:51.342304,0.39999999999999997,0.07999999999999999,0.7999999999999999,0.5,3.73973720746141
2026-05-26 11:02:52.347099,0.39999999999999997,0.07999999999999999,0.7999999999999999,0.5,3.73973720746141
2026-05-26 11:02:53.347099,0.39999999999999997,0.07999999999999999,0.7999999999999999,0.5,3.73973720746141
2026-05-26 11:02:54.347265,0.39999999999999997,0.07999999999999999,0.7999999999999999,0.5,3.73973720746141
2026-05-26 11:02:55.353820,0.39999999999999997,0.07999999999999999,0.7999999999999999,0.5,3.73973720746141
2026-05-26 11:02:56.353820,0.39999999999999997,0.07999999999999999,0.7999999999999999,0.5,3.73973720746141
2026-05-26 11:02:57.353834,0.39999999999999997,0.07999999999999999,0.7999999999999999,0.5,3.73973720746141
2026-05-26 11:02:58.353834,0.39999999999999997,0.07999999999999999,0.7999999999999999,0.5,3.73973720746141
2026-05-26 11:02:59.353842,0.39999999999999997,0.07999999999999999,0.7999999999999999,0.5,3.73973720746141
2026-05-26 11:03:00.353842,0.39999999999999997,0.07999999999999999,0.7999999999999999,0.5,3.73973720746141
2026-05-26 11:03:01.353842,0.39999999999999997,0.07999999999999999,0.7999999999999999,0.5,3.73973720746141
2026-05-26 11:03:02.354518,0.39999999999999997,0.07999999999999999,0.7999999999999999,0.5,3.73973720746141
2026-05-26 11:03:03.354518,0.39999999999999997,0.07999999999999999,0.7999999999999999,0.5,3.73973720746141
2026-05-26 11:03:04.354954,0.39999999999999997,0.07999999999999999,0.7999999999999999,0.5,3.73973720746141
2026-05-26 11:03:05.354954,0.39999999999999997,0.07999999999999999,0.7999999999999999,0.5,3.73973720746141
2026-05-26 11:03:06.356329,0.39999999999999997,0.07999999999999999,0.7999999999999999,0.5,3.73973720746141
2026-05-26 11:03:07.356329,0.39999999999999997,0.07999999999999999,0.7999999999999999,0.5,3.73973720746141
2026-05-26 11:03:08.356329,0.39999999999999997,0.07999999999999999,0.7999999999999999,0.5,3.73973720746141
2026-05-26 11:03:09.357560,0.39999999999999997,0.07999999999999999,0.7999999999999999,0.5,3.73973720746141
2026-05-26 11:03:10.358107,0.39999999999999997,0.07999999999999999,0.7999999999999999,0.5,3.73973720746141
2026-05-26 11:03:11.358168,0.39999999999999997,0.07999999999999999,0.7999999999999999,0.5,3.73973720746141
2026-05-26 11:03:12.358168,0.39999999999999997,0.07999999999999999,0.7999999999999999,0.5,3.73973720746141
2026-05-26 11:03:13.358168,0.39999999999999997,0.07999999999999999,0.7999999999999999,0.5,3.73973720746141
2026-05-26 11:03:14.358168,0.39999999999999997,0.07999999999999999,0.7999999999999999,0.5,3.73973720746141
2026-05-26 11:03:15.358168,0.39999999999999997,0.07999999999999999,0.7999999999999999,0.5,3.73973720746141
2026-05-26 11:03:16.358168,0.39999999999999997,0.07999999999999999,0.7999999999999999,0.5,3.73973720746141
2026-05-26 11:03:17.358168,0.39999999999999997,0.07999999999999999,0.7999999999999999,0.5,3.73973720746141
2026-05-26 11:03:18.358168,0.39999999999999997,0.07999999999999999,0.7999999999999999,0.5,3.73973720746141
2026-05-26 11:03:19.358191,0.39999999999999997,0.07999999999999999,0.7999999999999999,0.5,3.73973720746141
2026-05-26 11:03:20.358194,0.39999999999999997,0.07999999999999999,0.7999999999999999,0.5,3.73973720746141
2026-05-26 11:03:21.358196,0.39999999999999997,0.07999999999999999,0.7999999999999999,0.5,3.73973720746141
2026-05-26 11:03:22.358196,0.39999999999999997,0.07999999999999999,0.7999999999999999,0.5,3.73973720746141
2026-05-26 11:03:23.358196,0.39999999999999997,0.07999999999999999,0.7999999999999999,0.5,3.73973720746141
2026-05-26 11:03:24.358259,0.39999999999999997,0.07999999999999999,0.7999999999999999,0.5,3.73973720746141
2026-05-26 11:03:25.358259,0.39999999999999997,0.07999999999999999,0.7999999999999999,0.5,3.73973720746141
2026-05-26 11:03:26.358259,0.39999999999999997,0.07999999999999999,0.7999999999999999,0.5,3.73973720746141
2026-05-26 11:03:27.358259,0.39999999999999997,0.07999999999999999,0.7999999999999999,0.5,3.73973720746141
2026-05-26 11:03:28.358259,0.39999999999999997,0.07999999999999999,0.7999999999999999,0.5,3.73973720746141
2026-05-26 11:03:29.358259,0.39999999999999997,0.07999999999999999,0.7999999999999999,0.5,3.73973720746141
2026-05-26 11:03:30.358259,0.39999999999999997,0.07999999999999999,0.7999999999999999,0.5,3.73973720746141
2026-05-26 11:03:31.358259,0.39999999999999997,0.07999999999999999,0.7999999999999999,0.5,3.73973720746141
2026-05-26 11:03:32.378111,0.39999999999999997,0.07999999999999999,0.7999999999999999,0.5,3.73973720746141
2026-05-26 11:03:33.378111,0.39999999999999997,0.07999999999999999,0.7999999999999999,0.5,3.73973720746141
2026-05-26 11:03:34.378510,0.39999999999999997,0.07999999999999999,0.7999999999999999,0.5,3.73973720746141
2026-05-26 11:03:35.378510,0.39999999999999997,0.07999999999999999,0.7999999999999999,0.5,3.73973720746141
2026-05-26 11:03:36.380533,0.39999999999999997,0.07999999999999999,0.7999999999999999,0.5,3.73973720746141
2026-05-26 11:03:37.380535,0.39999999999999997,0.07999999999999999,0.7999999999999999,0.5,3.73973720746141
2026-05-26 11:03:38.380575,0.39999999999999997,0.07999999999999999,0.7999999999999999,0.5,3.73973720746141
2026-05-26 11:03:39.380575,0.39999999999999997,0.07999999999999999,0.7999999999999999,0.5,3.73973720746141
2026-05-26 11:03:40.381153,0.39999999999999997,0.07999999999999999,0.7999999999999999,0.5,3.73973720746141
2026-05-26 11:03:41.381186,0.39999999999999997,0.07999999999999999,0.7999999999999999,0.5,3.73973720746141
2026-05-26 11:03:42.381233,0.39999999999999997,0.07999999999999999,0.7999999999999999,0.5,3.73973720746141
2026-05-26 11:03:43.381328,0.39999999999999997,0.07999999999999999,0.7999999999999999,0.5,3.6665752432104943
2026-05-26 11:03:44.388962,0.39999999999999997,0.07999999999999999,0.7999999999999999,0.5,3.6665752432104943
2026-05-26 11:03:45.390479,0.39999999999999997,0.07999999999999999,0.7999999999999999,0.5,3.6665752432104943
2026-05-26 11:03:46.390479,0.39999999999999997,0.07999999999999999,0.7999999999999999,0.5,3.6665752432104943
2026-05-26 11:03:47.390479,0.39999999999999997,0.07999999999999999,0.7999999999999999,0.5,3.6665752432104943
2026-05-26 11:03:48.390479,0.39999999999999997,0.07999999999999999,0.7999999999999999,0.5,3.6665752432104943
2026-05-26 11:03:49.390483,0.39999999999999997,0.07999999999999999,0.7999999999999999,0.5,3.6665752432104943
2026-05-26 11:03:50.390483,0.39999999999999997,0.07999999999999999,0.7999999999999999,0.5,3.6665752432104943
2026-05-26 11:03:51.390483,0.39999999999999997,0.07999999999999999,0.7999999999999999,0.5,3.6665752432104943
2026-05-26 11:03:52.390494,0.39999999999999997,0.07999999999999999,0.7999999999999999,0.5,3.6665752432104943
2026-05-26 11:03:53.390494,0.39999999999999997,0.07999999999999999,0.7999999999999999,0.5,3.6665752432104943
2026-05-26 11:03:54.390494,0.39999999999999997,0.07999999999999999,0.7999999999999999,0.5,3.6665752432104943
2026-05-26 11:03:55.390494,0.39999999999999997,0.07999999999999999,0.7999999999999999,0.5,3.6665752432104943
2026-05-26 11:03:56.394081,0.39999999999999997,0.07999999999999999,0.7999999999999999,0.5,3.6665752432104943
2026-05-26 11:03:57.396713,0.39999999999999997,0.07999999999999999,0.7999999999999999,0.5,3.6665752432104943
2026-05-26 11:03:58.400484,0.39999999999999997,0.07999999999999999,0.7999999999999999,0.5,3.6665752432104943
2026-05-26 11:03:59.400484,0.39999999999999997,0.07999999999999999,0.7999999999999999,0.5,3.6665752432104943
2026-05-26 11:04:00.400484,0.39999999999999997,0.07999999999999999,0.7999999999999999,0.5,3.6665752432104943
2026-05-26 11:04:01.400484,0.39999999999999997,0.07999999999999999,0.7999999999999999,0.5,3.6665752432104943
2026-05-26 11:04:02.400484,0.39999999999999997,0.07999999999999999,0.7999999999999999,0.5,3.6665752432104943
2026-05-26 11:04:03.400484,0.39999999999999997,0.07999999999999999,0.7999999999999999,0.5,3.6665752432104943
2026-05-26 11:04:04.400484,0.39999999999999997,0.07999999999999999,0.7999999999999999,0.5,3.6665752432104943
2026-05-26 11:04:05.419558,0.39999999999999997,0.07999999999999999,0.7999999999999999,0.5,3.6665752432104943
2026-05-26 11:04:06.419558,0.39999999999999997,0.07999999999999999,0.7999999999999999,0.5,3.6665752432104943
2026-05-26 11:04:07.419637,0.39999999999999997,0.07999999999999999,0.7999999999999999,0.5,3.6665752432104943
2026-05-26 11:04:08.419655,0.39999999999999997,0.07999999999999999,0.7999999999999999,0.5,3.6665752432104943
2026-05-26 11:04:09.420621,0.39999999999999997,0.07999999999999999,0.7999999999999999,0.5,3.6665752432104943
2026-05-26 11:04:10.420621,0.39999999999999997,0.07999999999999999,0.7999999999999999,0.5,3.6665752432104943
2026-05-26 11:04:11.420733,0.39999999999999997,0.07999999999999999,0.7999999999999999,0.5,3.6665752432104943
2026-05-26 11:04:12.420733,0.39999999999999997,0.07999999999999999,0.7999999999999999,0.5,3.6665752432104943
2026-05-26 11:04:13.420733,0.39999999999999997,0.07999999999999999,0.7999999999999999,0.5,3.6665752432104943
2026-05-26 11:04:14.420733,0.39999999999999997,0.07999999999999999,0.7999999999999999,0.5,3.6665752432104943
2026-05-26 11:04:15.432984,0.39999999999999997,0.07999999999999999,0.7999999999999999,0.5,3.6665752432104943
2026-05-26 11:04:16.443030,0.39999999999999997,0.07999999999999999,0.7999999999999999,0.5,3.6665752432104943
2026-05-26 11:04:17.443037,0.39999999999999997,0.07999999999999999,0.7999999999999999,0.5,3.6665752432104943
2026-05-26 11:04:18.443081,0.39999999999999997,0.07999999999999999,0.7999999999999999,0.5,3.6665752432104943
2026-05-26 11:04:19.443258,0.39999999999999997,0.07999999999999999,0.7999999999999999,0.5,3.6665752432104943
2026-05-26 11:04:20.443258,0.39999999999999997,0.07999999999999999,0.7999999999999999,0.5,3.6665752432104943
2026-05-26 11:04:21.443258,0.39999999999999997,0.07999999999999999,0.7999999999999999,0.5,3.6665752432104943
2026-05-26 11:04:22.450171,0.39999999999999997,0.07999999999999999,0.7999999999999999,0.5,3.6665752432104943
2026-05-26 11:04:23.450666,0.39999999999999997,0.07999999999999999,0.7999999999999999,0.5,3.6665752432104943
2026-05-26 11:04:24.450666,0.39999999999999997,0.07999999999999999,0.7999999999999999,0.5,3.6665752432104943
2026-05-26 11:04:25.450666,0.39999999999999997,0.07999999999999999,0.7999999999999999,0.5,3.6665752432104943
2026-05-26 11:04:26.450666,0.39999999999999997,0.07999999999999999,0.7999999999999999,0.5,3.6665752432104943
2026-05-26 11:04:27.450678,0.39999999999999997,0.07999999999999999,0.7999999999999999,0.5,3.6665752432104943
2026-05-26 11:04:28.450691,0.39999999999999997,0.07999999999999999,0.7999999999999999,0.5,3.6665752432104943
2026-05-26 11:04:29.450691,0.39999999999999997,0.07999999999999999,0.7999999999999999,0.5,3.6665752432104943
2026-05-26 11:04:30.450727,0.39999999999999997,0.07999999999999999,0.7999999999999999,0.5,3.6665752432104943
2026-05-26 11:04:31.450727,0.39999999999999997,0.07999999999999999,0.7999999999999999,0.5,3.6665752432104943
2026-05-26 11:04:32.450727,0.39999999999999997,0.07999999999999999,0.7999999999999999,0.5,3.6665752432104943
2026-05-26 11:04:33.450727,0.39999999999999997,0.07999999999999999,0.7999999999999999,0.5,3.6665752432104943
2026-05-26 11:04:34.450727,0.39999999999999997,0.07999999999999999,0.7999999999999999,0.5,3.659082343925349
2026-05-26 11:04:35.450727,0.39999999999999997,0.07999999999999999,0.7999999999999999,0.5,3.659082343925349
2026-05-26 11:04:36.450727,0.39999999999999997,0.07999999999999999,0.7999999999999999,0.5,3.659082343925349
2026-05-26 11:04:37.450727,0.39999999999999997,0.07999999999999999,0.7999999999999999,0.5,3.659082343925349
2026-05-26 11:04:38.450727,0.39999999999999997,0.07999999999999999,0.7999999999999999,0.5,3.659082343925349
2026-05-26 11:04:39.450727,0.39999999999999997,0.07999999999999999,0.7999999999999999,0.5,3.659082343925349
2026-05-26 11:04:40.450727,0.39999999999999997,0.07999999999999999,0.7999999999999999,0.5,3.659082343925349
2026-05-26 11:04:41.450727,0.39999999999999997,0.07999999999999999,0.7999999999999999,0.5,3.659082343925349
2026-05-26 11:04:42.450727,0.39999999999999997,0.07999999999999999,0.7999999999999999,0.5,3.659082343925349
2026-05-26 11:04:43.450727,0.39999999999999997,0.07999999999999999,0.7999999999999999,0.5,3.659082343925349
2026-05-26 11:04:44.458627,0.39999999999999997,0.07999999999999999,0.7999999999999999,0.5,3.659082343925349
2026-05-26 11:04:45.458627,0.39999999999999997,0.07999999999999999,0.7999999999999999,0.5,3.659082343925349
2026-05-26 11:04:46.458627,0.39999999999999997,0.07999999999999999,0.7999999999999999,0.5,3.659082343925349
2026-05-26 11:04:47.459296,0.39999999999999997,0.07999999999999999,0.7999999999999999,0.5,3.659082343925349
2026-05-26 11:04:48.459296,0.39999999999999997,0.07999999999999999,0.7999999999999999,0.5,3.659082343925349
2026-05-26 11:04:49.459296,0.39999999999999997,0.07999999999999999,0.7999999999999999,0.5,3.659082343925349
2026-05-26 11:04:50.467647,0.39999999999999997,0.07999999999999999,0.7999999999999999,0.5,3.659082343925349
2026-05-26 11:04:51.467647,0.39999999999999997,0.07999999999999999,0.7999999999999999,0.5,3.659082343925349
2026-05-26 11:04:52.467647,0.39999999999999997,0.07999999999999999,0.7999999999999999,0.5,3.659082343925349
2026-05-26 11:04:53.467702,0.39999999999999997,0.07999999999999999,0.7999999999999999,0.5,3.659082343925349
2026-05-26 11:04:54.467702,0.39999999999999997,0.07999999999999999,0.7999999999999999,0.5,3.659082343925349
2026-05-26 11:04:55.467702,0.39999999999999997,0.07999999999999999,0.7999999999999999,0.5,3.659082343925349
2026-05-26 11:04:56.467702,0.39999999999999997,0.07999999999999999,0.7999999999999999,0.5,3.659082343925349
2026-05-26 11:04:57.467710,0.39999999999999997,0.07999999999999999,0.7999999999999999,0.5,3.659082343925349
2026-05-26 11:04:58.467710,0.39999999999999997,0.07999999999999999,0.7999999999999999,0.5,3.659082343925349
2026-05-26 11:04:59.468367,0.39999999999999997,0.07999999999999999,0.7999999999999999,0.5,3.659082343925349
2026-05-26 11:05:00.468367,0.39999999999999997,0.07999999999999999,0.7999999999999999,0.5,3.659082343925349
2026-05-26 11:05:01.468367,0.39999999999999997,0.07999999999999999,0.7999999999999999,0.5,3.659082343925349
2026-05-26 11:05:02.468367,0.39999999999999997,0.07999999999999999,0.7999999999999999,0.5,3.659082343925349
2026-05-26 11:05:03.468368,0.39999999999999997,0.07999999999999999,0.7999999999999999,0.5,3.659082343925349
2026-05-26 11:05:04.468368,0.39999999999999997,0.07999999999999999,0.7999999999999999,0.5,3.659082343925349
2026-05-26 11:05:05.468617,0.39999999999999997,0.07999999999999999,0.7999999999999999,0.5,3.659082343925349
2026-05-26 11:05:06.468617,0.39999999999999997,0.07999999999999999,0.7999999999999999,0.5,3.659082343925349
2026-05-26 11:05:07.468617,0.39999999999999997,0.07999999999999999,0.7999999999999999,0.5,3.659082343925349
2026-05-26 11:05:08.468627,0.39999999999999997,0.07999999999999999,0.7999999999999999,0.5,3.659082343925349
2026-05-26 11:05:09.468627,0.39999999999999997,0.07999999999999999,0.7999999999999999,0.5,3.659082343925349
2026-05-26 11:05:10.468701,0.39999999999999997,0.07999999999999999,0.7999999999999999,0.5,3.659082343925349
2026-05-26 11:05:11.468701,0.39999999999999997,0.07999999999999999,0.7999999999999999,0.5,3.659082343925349
2026-05-26 11:05:12.468701,0.39999999999999997,0.07999999999999999,0.7999999999999999,0.5,3.659082343925349
2026-05-26 11:05:13.493683,0.39999999999999997,0.07999999999999999,0.7999999999999999,0.5,3.659082343925349
2026-05-26 11:05:14.493704,0.39999999999999997,0.07999999999999999,0.7999999999999999,0.5,3.659082343925349
2026-05-26 11:05:15.493704,0.39999999999999997,0.07999999999999999,0.7999999999999999,0.5,3.659082343925349
2026-05-26 11:05:16.493704,0.39999999999999997,0.07999999999999999,0.7999999999999999,0.5,3.659082343925349
2026-05-26 11:05:17.493704,0.39999999999999997,0.07999999999999999,0.7999999999999999,0.5,3.659082343925349
2026-05-26 11:05:18.494010,0.39999999999999997,0.07999999999999999,0.7999999999999999,0.5,3.659082343925349
2026-05-26 11:05:19.494010,0.39999999999999997,0.07999999999999999,0.7999999999999999,0.5,3.659082343925349
2026-05-26 11:05:20.494010,0.39999999999999997,0.07999999999999999,0.7999999999999999,0.5,3.659082343925349
2026-05-26 11:05:21.494010,0.39999999999999997,0.07999999999999999,0.7999999999999999,0.5,3.659082343925349
2026-05-26 11:05:22.494283,0.39999999999999997,0.07999999999999999,0.7999999999999999,0.5,3.659082343925349
2026-05-26 11:05:23.494283,0.39999999999999997,0.07999999999999999,0.7999999999999999,0.5,3.659082343925349
2026-05-26 11:05:24.494283,0.39999999999999997,0.07999999999999999,0.7999999999999999,0.5,3.659082343925349
2026-05-26 11:05:25.494283,0.39999999999999997,0.07999999999999999,0.7999999999999999,0.5,3.659082343925349
2026-05-26 11:05:26.494286,0.39999999999999997,0.07999999999999999,0.7999999999999999,0.5,3.659082343925349
2026-05-26 11:05:27.494517,0.39999999999999997,0.07999999999999999,0.7999999999999999,0.5,3.659082343925349
2026-05-26 11:05:28.496669,0.39999999999999997,0.07999999999999999,0.7999999999999999,0.5,3.659082343925349
2026-05-26 11:05:29.496669,0.39999999999999997,0.07999999999999999,0.7999999999999999,0.5,3.659082343925349
2026-05-26 11:05:30.496669,0.39999999999999997,0.07999999999999999,0.7999999999999999,0.5,3.659082343925349
2026-05-26 11:05:31.499007,0.39999999999999997,0.07999999999999999,0.7999999999999999,0.5,3.659082343925349
2026-05-26 11:05:32.499007,0.39999999999999997,0.07999999999999999,0.7999999999999999,0.5,3.659082343925349
2026-05-26 11:05:33.509762,0.39999999999999997,0.07999999999999999,0.7999999999999999,0.5,3.659082343925349
2026-05-26 11:05:34.510079,0.39999999999999997,0.07999999999999999,0.7999999999999999,0.5,3.659082343925349
2026-05-26 11:05:35.510079,0.39999999999999997,0.07999999999999999,0.7999999999999999,0.5,3.659082343925349
2026-05-26 11:05:36.510123,0.39999999999999997,0.07999999999999999,0.7999999999999999,0.5,3.659082343925349
2026-05-26 11:05:37.510124,0.39999999999999997,0.07999999999999999,0.7999999999999999,0.5,3.659082343925349
2026-05-26 11:05:38.510124,0.39999999999999997,0.07999999999999999,0.7999999999999999,0.5,3.659082343925349
2026-05-26 11:05:39.510127,0.39999999999999997,0.07999999999999999,0.7999999999999999,0.5,3.659082343925349
2026-05-26 11:05:40.513858,0.39999999999999997,0.07999999999999999,0.7999999999999999,0.5,3.659082343925349
2026-05-26 11:05:41.513858,0.39999999999999997,0.07999999999999999,0.7999999999999999,0.5,3.659082343925349
2026-05-26 11:05:42.513859,0.39999999999999997,0.07999999999999999,0.7999999999999999,0.5,3.659082343925349
2026-05-26 11:05:43.513859,0.39999999999999997,0.07999999999999999,0.7999999999999999,0.5,3.659082343925349
2026-05-26 11:05:44.513859,0.39999999999999997,0.07999999999999999,0.7999999999999999,0.5,3.659082343925349
2026-05-26 11:05:45.516922,0.39999999999999997,0.07999999999999999,0.7999999999999999,0.5,3.659082343925349
2026-05-26 11:05:46.516928,0.39999999999999997,0.07999999999999999,0.7999999999999999,0.5,3.659082343925349
2026-05-26 11:05:47.620823,0.39999999999999997,0.07999999999999999,0.7999999999999999,0.5,3.659082343925349
2026-05-26 11:05:48.620823,0.39999999999999997,0.07999999999999999,0.7999999999999999,0.5,3.659082343925349
2026-05-26 11:05:49.620826,0.39999999999999997,0.07999999999999999,0.7999999999999999,0.5,3.659082343925349
2026-05-26 11:05:50.620832,0.39999999999999997,0.07999999999999999,0.7999999999999999,0.5,3.659082343925349
2026-05-26 11:05:51.620841,0.39999999999999997,0.07999999999999999,0.7999999999999999,0.5,3.659082343925349
2026-05-26 11:05:52.620855,0.39999999999999997,0.07999999999999999,0.7999999999999999,0.5,3.659082343925349
2026-05-26 11:05:53.621213,0.39999999999999997,0.07999999999999999,0.7999999999999999,0.5,3.659082343925349
2026-05-26 11:05:54.621601,0.39999999999999997,0.07999999999999999,0.7999999999999999,0.5,3.659082343925349
2026-05-26 11:05:55.621601,0.39999999999999997,0.07999999999999999,0.7999999999999999,0.5,3.659082343925349
2026-05-26 11:05:56.621778,0.39999999999999997,0.07999999999999999,0.7999999999999999,0.5,3.659082343925349
2026-05-26 11:05:57.622139,0.39999999999999997,0.07999999999999999,0.7999999999999999,0.5,3.659082343925349
2026-05-26 11:05:58.622487,0.39999999999999997,0.07999999999999999,0.7999999999999999,0.5,3.659082343925349
2026-05-26 11:05:59.624988,0.39999999999999997,0.07999999999999999,0.7999999999999999,0.5,3.659082343925349
2026-05-26 11:06:00.624988,0.39999999999999997,0.07999999999999999,0.7999999999999999,0.5,3.659082343925349
2026-05-26 11:06:01.627188,0.39999999999999997,0.07999999999999999,0.7999999999999999,0.5,3.659082343925349
2026-05-26 11:06:02.627424,0.39999999999999997,0.07999999999999999,0.7999999999999999,0.5,3.659082343925349
2026-05-26 11:06:03.627424,0.39999999999999997,0.07999999999999999,0.7999999999999999,0.5,3.659082343925349
2026-05-26 11:06:04.627424,0.39999999999999997,0.07999999999999999,0.7999999999999999,0.5,3.659082343925349
2026-05-26 11:06:05.627427,0.39999999999999997,0.07999999999999999,0.7999999999999999,0.5,3.659082343925349
2026-05-26 11:06:06.627427,0.39999999999999997,0.07999999999999999,0.7999999999999999,0.5,3.659082343925349
2026-05-26 11:06:07.627427,0.39999999999999997,0.07999999999999999,0.7999999999999999,0.5,3.659082343925349
2026-05-26 11:06:08.627446,0.39999999999999997,0.07999999999999999,0.7999999999999999,0.5,3.659082343925349
2026-05-26 11:06:09.627446,0.39999999999999997,0.07999999999999999,0.7999999999999999,0.5,3.659082343925349
2026-05-26 11:06:10.627446,0.39999999999999997,0.07999999999999999,0.7999999999999999,0.5,3.659082343925349
2026-05-26 11:06:11.629111,0.39999999999999997,0.07999999999999999,0.7999999999999999,0.5,3.659082343925349
2026-05-26 11:06:12.629111,0.39999999999999997,0.07999999999999999,0.7999999999999999,0.5,3.659082343925349
2026-05-26 11:06:13.629111,0.39999999999999997,0.07999999999999999,0.7999999999999999,0.5,3.659082343925349
2026-05-26 11:06:14.631129,0.39999999999999997,0.07999999999999999,0.7999999999999999,0.5,3.659082343925349
2026-05-26 11:06:15.631129,0.39999999999999997,0.07999999999999999,0.7999999999999999,0.5,3.659082343925349
2026-05-26 11:06:16.635884,0.39999999999999997,0.07999999999999999,0.7999999999999999,0.5,3.659082343925349
2026-05-26 11:06:17.635939,0.39999999999999997,0.07999999999999999,0.7999999999999999,0.5,3.5796681653675604
2026-05-26 11:06:18.635939,0.39999999999999997,0.07999999999999999,0.7999999999999999,0.5,3.5796681653675604
2026-05-26 11:06:19.635939,0.39999999999999997,0.07999999999999999,0.7999999999999999,0.5,3.5796681653675604
2026-05-26 11:06:20.635939,0.39999999999999997,0.07999999999999999,0.7999999999999999,0.5,3.5796681653675604
2026-05-26 11:06:21.641883,0.39999999999999997,0.07999999999999999,0.7999999999999999,0.5,3.5796681653675604
2026-05-26 11:06:22.641883,0.39999999999999997,0.07999999999999999,0.7999999999999999,0.5,3.5796681653675604
2026-05-26 11:06:23.651279,0.39999999999999997,0.07999999999999999,0.7999999999999999,0.5,3.5796681653675604
2026-05-26 11:06:24.651705,0.39999999999999997,0.07999999999999999,0.7999999999999999,0.5,3.5796681653675604
2026-05-26 11:06:25.651705,0.39999999999999997,0.07999999999999999,0.7999999999999999,0.5,3.5796681653675604
2026-05-26 11:06:26.651783,0.39999999999999997,0.07999999999999999,0.7999999999999999,0.5,3.5796681653675604
2026-05-26 11:06:27.689044,0.39999999999999997,0.07999999999999999,0.7999999999999999,0.5,3.4220548731951457
2026-05-26 11:06:28.689044,0.39999999999999997,0.07999999999999999,0.7999999999999999,0.5,3.4220548731951457
2026-05-26 11:06:29.689376,0.39999999999999997,0.07999999999999999,0.7999999999999999,0.5,3.4220548731951457
2026-05-26 11:06:30.689376,0.39999999999999997,0.07999999999999999,0.7999999999999999,0.5,3.4220548731951457
2026-05-26 11:06:31.689376,0.39999999999999997,0.07999999999999999,0.7999999999999999,0.5,3.4220548731951457
2026-05-26 11:06:32.689695,0.39999999999999997,0.07999999999999999,0.7999999999999999,0.5,3.4220548731951457
2026-05-26 11:06:33.718272,0.39999999999999997,0.07999999999999999,0.7999999999999999,0.5,3.4220548731951457
2026-05-26 11:06:34.718272,0.39999999999999997,0.07999999999999999,0.7999999999999999,0.5,3.4220548731951457
2026-05-26 11:06:35.718272,0.39999999999999997,0.07999999999999999,0.7999999999999999,0.5,3.4220548731951457
2026-05-26 11:06:36.718277,0.39999999999999997,0.07999999999999999,0.7999999999999999,0.5,3.4220548731951457
2026-05-26 11:06:37.718277,0.39999999999999997,0.07999999999999999,0.7999999999999999,0.5,3.4098368214044887
2026-05-26 11:06:38.718277,0.39999999999999997,0.07999999999999999,0.7999999999999999,0.5,3.4098368214044887
2026-05-26 11:06:39.718277,0.39999999999999997,0.07999999999999999,0.7999999999999999,0.5,3.4098368214044887
2026-05-26 11:06:40.718277,0.39999999999999997,0.07999999999999999,0.7999999999999999,0.5,3.4098368214044887
2026-05-26 11:06:41.718277,0.39999999999999997,0.07999999999999999,0.7999999999999999,0.5,3.4098368214044887
2026-05-26 11:06:42.723084,0.39999999999999997,0.07999999999999999,0.7999999999999999,0.5,3.4098368214044887
2026-05-26 11:06:43.751525,0.39999999999999997,0.07999999999999999,0.7999999999999999,0.5,3.4098368214044887
2026-05-26 11:06:44.754597,0.39999999999999997,0.07999999999999999,0.7999999999999999,0.5,3.4098368214044887
2026-05-26 11:06:45.754597,0.39999999999999997,0.07999999999999999,0.7999999999999999,0.5,3.4098368214044887
2026-05-26 11:06:46.770662,0.39999999999999997,0.07999999999999999,0.7999999999999999,0.5,3.4098368214044887
2026-05-26 11:06:47.770662,0.39999999999999997,0.07999999999999999,0.7999999999999999,0.5,3.4098368214044887
2026-05-26 11:06:48.770662,0.39999999999999997,0.07999999999999999,0.7999999999999999,0.5,3.4098368214044887
2026-05-26 11:06:49.770667,0.39999999999999997,0.07999999999999999,0.7999999999999999,0.5,3.4098368214044887
2026-05-26 11:06:50.771486,0.39999999999999997,0.07999999999999999,0.7999999999999999,0.5,3.4098368214044887
2026-05-26 11:06:51.771486,0.39999999999999997,0.07999999999999999,0.7999999999999999,0.5,3.4098368214044887
2026-05-26 11:06:52.771486,0.39999999999999997,0.07999999999999999,0.7999999999999999,0.5,3.4098368214044887
2026-05-26 11:06:53.771486,0.39999999999999997,0.07999999999999999,0.7999999999999999,0.5,3.4098368214044887
2026-05-26 11:06:54.772356,0.39999999999999997,0.07999999999999999,0.7999999999999999,0.5,3.4098368214044887
2026-05-26 11:06:55.772363,0.39999999999999997,0.07999999999999999,0.7999999999999999,0.5,3.4098368214044887
2026-05-26 11:06:56.772363,0.39999999999999997,0.07999999999999999,0.7999999999999999,0.5,3.4098368214044887
2026-05-26 11:06:57.772363,0.39999999999999997,0.07999999999999999,0.7999999999999999,0.5,3.4098368214044887
2026-05-26 11:06:58.772363,0.39999999999999997,0.07999999999999999,0.7999999999999999,0.5,3.4098368214044887
2026-05-26 11:06:59.772394,0.39999999999999997,0.07999999999999999,0.7999999999999999,0.5,3.4098368214044887
2026-05-26 11:07:00.774587,0.39999999999999997,0.07999999999999999,0.7999999999999999,0.5,3.4098368214044887
2026-05-26 11:07:01.774587,0.39999999999999997,0.07999999999999999,0.7999999999999999,0.5,3.4098368214044887
2026-05-26 11:07:02.774589,0.39999999999999997,0.07999999999999999,0.7999999999999999,0.5,3.4098368214044887
2026-05-26 11:07:03.774642,0.39999999999999997,0.07999999999999999,0.7999999999999999,0.5,3.4098368214044887
2026-05-26 11:07:04.774642,0.39999999999999997,0.07999999999999999,0.7999999999999999,0.5,3.4098368214044887
2026-05-26 11:07:05.780593,0.39999999999999997,0.07999999999999999,0.7999999999999999,0.5,3.4098368214044887
2026-05-26 11:07:06.780593,0.39999999999999997,0.07999999999999999,0.7999999999999999,0.5,3.4098368214044887
2026-05-26 11:07:07.780593,0.39999999999999997,0.07999999999999999,0.7999999999999999,0.5,3.4098368214044887
2026-05-26 11:07:08.780999,0.39999999999999997,0.07999999999999999,0.7999999999999999,0.5,3.4098368214044887
2026-05-26 11:07:09.782221,0.39999999999999997,0.07999999999999999,0.7999999999999999,0.5,3.4098368214044887
2026-05-26 11:07:10.782221,0.39999999999999997,0.07999999999999999,0.7999999999999999,0.5,3.4098368214044887
2026-05-26 11:07:11.783161,0.39999999999999997,0.07999999999999999,0.7999999999999999,0.5,3.4098368214044887
2026-05-26 11:07:12.783166,0.39999999999999997,0.07999999999999999,0.7999999999999999,0.5,3.4098368214044887
2026-05-26 11:07:13.783166,0.39999999999999997,0.07999999999999999,0.7999999999999999,0.5,3.4098368214044887
2026-05-26 11:07:14.783166,0.39999999999999997,0.07999999999999999,0.7999999999999999,0.5,3.4098368214044887
2026-05-26 11:07:15.783166,0.39999999999999997,0.07999999999999999,0.7999999999999999,0.5,3.4098368214044887
2026-05-26 11:07:16.783166,0.39999999999999997,0.07999999999999999,0.7999999999999999,0.5,3.4098368214044887
2026-05-26 11:07:17.783456,0.39999999999999997,0.07999999999999999,0.7999999999999999,0.5,3.4098368214044887
2026-05-26 11:07:18.783462,0.39999999999999997,0.07999999999999999,0.7999999999999999,0.5,3.4098368214044887
2026-05-26 11:07:19.783467,0.39999999999999997,0.07999999999999999,0.7999999999999999,0.5,3.4098368214044887
2026-05-26 11:07:20.783467,0.39999999999999997,0.07999999999999999,0.7999999999999999,0.5,3.4098368214044887
2026-05-26 11:07:21.784951,0.39999999999999997,0.07999999999999999,0.7999999999999999,0.5,3.4098368214044887
2026-05-26 11:07:22.784951,0.39999999999999997,0.07999999999999999,0.7999999999999999,0.5,3.4098368214044887
2026-05-26 11:07:23.784951,0.39999999999999997,0.07999999999999999,0.7999999999999999,0.5,3.4098368214044887
2026-05-26 11:07:24.788632,0.39999999999999997,0.07999999999999999,0.7999999999999999,0.5,3.4098368214044887
2026-05-26 11:07:25.798242,0.39999999999999997,0.07999999999999999,0.7999999999999999,0.5,3.4098368214044887
2026-05-26 11:07:26.798242,0.39999999999999997,0.07999999999999999,0.7999999999999999,0.5,3.4098368214044887
2026-05-26 11:07:27.798242,0.39999999999999997,0.07999999999999999,0.7999999999999999,0.5,3.4098368214044887
2026-05-26 11:07:28.802850,0.39999999999999997,0.07999999999999999,0.7999999999999999,0.5,3.4098368214044887
2026-05-26 11:07:29.806629,0.39999999999999997,0.07999999999999999,0.7999999999999999,0.5,3.4098368214044887
2026-05-26 11:07:30.806629,0.39999999999999997,0.07999999999999999,0.7999999999999999,0.5,3.4098368214044887
2026-05-26 11:07:52.807325,0.39999999999999997,0.07999999999999999,0.7999999999999999,0.5,3.4098368214044887
2026-05-26 11:07:53.807325,0.39999999999999997,0.07999999999999999,0.7999999999999999,0.5,3.4098368214044887
2026-05-26 11:07:54.807325,0.39999999999999997,0.07999999999999999,0.7999999999999999,0.5,3.4098368214044887
2026-05-26 11:07:55.807325,0.39999999999999997,0.07999999999999999,0.7999999999999999,0.5,3.4098368214044887
2026-05-26 11:07:56.807325,0.39999999999999997,0.07999999999999999,0.7999999999999999,0.5,3.4098368214044887
2026-05-26 11:07:57.807325,0.39999999999999997,0.07999999999999999,0.7999999999999999,0.5,3.4098368214044887
2026-05-26 11:07:58.807326,0.39999999999999997,0.07999999999999999,0.7999999999999999,0.5,3.4098368214044887
2026-05-26 11:07:59.807671,0.39999999999999997,0.07999999999999999,0.7999999999999999,0.5,3.4098368214044887
2026-05-26 11:08:00.807671,0.39999999999999997,0.07999999999999999,0.7999999999999999,0.5,3.4098368214044887
2026-05-26 11:08:01.807671,0.39999999999999997,0.07999999999999999,0.7999999999999999,0.5,3.4098368214044887
2026-05-26 11:08:02.824555,0.39999999999999997,0.07999999999999999,0.7999999999999999,0.5,3.4098368214044887
2026-05-26 11:08:03.824557,0.39999999999999997,0.07999999999999999,0.7999999999999999,0.5,3.4098368214044887
2026-05-26 11:08:04.824557,0.39999999999999997,0.07999999999999999,0.7999999999999999,0.5,3.4098368214044887
2026-05-26 11:08:05.829605,0.39999999999999997,0.07999999999999999,0.7999999999999999,0.5,3.4098368214044887
2026-05-26 11:08:06.829614,0.39999999999999997,0.07999999999999999,0.7999999999999999,0.5,3.4098368214044887
2026-05-26 11:08:07.829614,0.39999999999999997,0.07999999999999999,0.7999999999999999,0.5,3.4098368214044887
2026-05-26 11:08:08.829917,0.39999999999999997,0.07999999999999999,0.7999999999999999,0.5,3.4098368214044887
2026-05-26 11:08:09.832875,0.39999999999999997,0.07999999999999999,0.7999999999999999,0.5,3.4098368214044887
2026-05-26 11:08:10.836774,0.39999999999999997,0.07999999999999999,0.7999999999999999,0.5,3.4098368214044887
2026-05-26 11:08:11.848233,0.39999999999999997,0.07999999999999999,0.7999999999999999,0.5,3.4098368214044887
2026-05-26 11:08:12.849533,0.39999999999999997,0.07999999999999999,0.7999999999999999,0.5,3.4098368214044887
2026-05-26 11:08:13.849533,0.39999999999999997,0.07999999999999999,0.7999999999999999,0.5,3.4098368214044887
2026-05-26 11:08:14.849533,0.39999999999999997,0.07999999999999999,0.7999999999999999,0.5,3.4098368214044887
2026-05-26 11:08:15.849947,0.39999999999999997,0.07999999999999999,0.7999999999999999,0.5,3.4098368214044887
2026-05-26 11:08:16.849960,0.39999999999999997,0.07999999999999999,0.7999999999999999,0.5,3.4098368214044887
2026-05-26 11:08:17.849967,0.39999999999999997,0.07999999999999999,0.7999999999999999,0.5,3.4098368214044887
2026-05-26 11:08:18.849967,0.39999999999999997,0.07999999999999999,0.7999999999999999,0.5,3.4098368214044887
2026-05-26 11:08:19.854194,0.39999999999999997,0.07999999999999999,0.7999999999999999,0.5,3.4098368214044887
2026-05-26 11:08:20.854691,0.39999999999999997,0.07999999999999999,0.7999999999999999,0.5,3.4098368214044887
2026-05-26 11:08:21.854691,0.39999999999999997,0.07999999999999999,0.7999999999999999,0.5,3.4098368214044887
2026-05-26 11:08:22.928569,0.39999999999999997,0.07999999999999999,0.7999999999999999,0.5,3.4098368214044887
2026-05-26 11:08:23.928577,0.39999999999999997,0.07999999999999999,0.7999999999999999,0.5,3.4098368214044887
2026-05-26 11:08:24.929140,0.39999999999999997,0.07999999999999999,0.7999999999999999,0.5,3.4098368214044887
2026-05-26 11:08:25.929140,0.39999999999999997,0.07999999999999999,0.7999999999999999,0.5,3.4098368214044887
2026-05-26 11:08:26.929440,0.39999999999999997,0.07999999999999999,0.7999999999999999,0.5,3.4098368214044887
2026-05-26 11:08:27.929440,0.39999999999999997,0.07999999999999999,0.7999999999999999,0.5,3.4098368214044887
2026-05-26 11:08:28.929440,0.39999999999999997,0.07999999999999999,0.7999999999999999,0.5,3.4098368214044887
2026-05-26 11:08:29.929440,0.39999999999999997,0.07999999999999999,0.7999999999999999,0.5,3.4098368214044887
2026-05-26 11:08:30.929440,0.39999999999999997,0.07999999999999999,0.7999999999999999,0.5,3.4098368214044887
2026-05-26 11:08:31.929440,0.39999999999999997,0.07999999999999999,0.7999999999999999,0.5,3.4098368214044887
2026-05-26 11:08:32.929440,0.39999999999999997,0.07999999999999999,0.7999999999999999,0.5,3.4098368214044887
2026-05-26 11:08:33.929559,0.39999999999999997,0.07999999999999999,0.7999999999999999,0.5,3.4098368214044887
2026-05-26 11:08:34.929768,0.39999999999999997,0.07999999999999999,0.7999999999999999,0.5,3.4098368214044887
2026-05-26 11:08:35.929780,0.39999999999999997,0.07999999999999999,0.7999999999999999,0.5,3.4098368214044887
2026-05-26 11:08:36.942035,0.39999999999999997,0.07999999999999999,0.7999999999999999,0.5,3.4098368214044887
2026-05-26 11:08:37.942035,0.39999999999999997,0.07999999999999999,0.7999999999999999,0.5,3.4098368214044887
2026-05-26 11:08:38.942035,0.39999999999999997,0.07999999999999999,0.7999999999999999,0.5,3.4098368214044887
2026-05-26 11:08:39.942130,0.39999999999999997,0.07999999999999999,0.7999999999999999,0.5,3.4098368214044887
2026-05-26 11:08:40.942130,0.39999999999999997,0.07999999999999999,0.7999999999999999,0.5,3.4098368214044887
2026-05-26 11:08:41.942130,0.39999999999999997,0.07999999999999999,0.7999999999999999,0.5,3.4098368214044887
2026-05-26 11:08:42.944905,0.39999999999999997,0.07999999999999999,0.7999999999999999,0.5,3.4098368214044887
2026-05-26 11:08:43.945250,0.39999999999999997,0.07999999999999999,0.7999999999999999,0.5,3.4098368214044887
2026-05-26 11:08:44.945250,0.39999999999999997,0.07999999999999999,0.7999999999999999,0.5,3.4098368214044887
2026-05-26 11:08:45.945250,0.39999999999999997,0.07999999999999999,0.7999999999999999,0.5,3.4098368214044887
2026-05-26 11:08:46.972322,0.39999999999999997,0.07999999999999999,0.7999999999999999,0.5,3.4098368214044887
2026-05-26 11:08:47.972322,0.39999999999999997,0.07999999999999999,0.7999999999999999,0.5,3.4098368214044887
2026-05-26 11:08:48.972322,0.39999999999999997,0.07999999999999999,0.7999999999999999,0.5,3.4098368214044887
2026-05-26 11:08:49.972344,0.39999999999999997,0.07999999999999999,0.7999999999999999,0.5,3.4098368214044887
2026-05-26 11:08:50.972344,0.39999999999999997,0.07999999999999999,0.7999999999999999,0.5,3.4098368214044887
2026-05-26 11:08:51.972344,0.39999999999999997,0.07999999999999999,0.7999999999999999,0.5,3.4098368214044887
2026-05-26 11:08:52.972344,0.39999999999999997,0.07999999999999999,0.7999999999999999,0.5,3.4098368214044887
2026-05-26 11:08:53.972344,0.39999999999999997,0.07999999999999999,0.7999999999999999,0.5,3.4098368214044887
2026-05-26 11:08:54.972344,0.39999999999999997,0.07999999999999999,0.7999999999999999,0.5,3.4098368214044887
2026-05-26 11:08:55.972344,0.39999999999999997,0.07999999999999999,0.7999999999999999,0.5,3.4098368214044887
2026-05-26 11:08:56.972344,0.39999999999999997,0.07999999999999999,0.7999999999999999,0.5,3.4098368214044887
2026-05-26 11:08:57.972383,0.39999999999999997,0.07999999999999999,0.7999999999999999,0.5,3.4098368214044887
2026-05-26 11:08:58.972383,0.39999999999999997,0.07999999999999999,0.7999999999999999,0.5,3.4098368214044887
2026-05-26 11:08:59.972383,0.39999999999999997,0.07999999999999999,0.7999999999999999,0.5,3.4098368214044887
2026-05-26 11:09:00.978321,0.39999999999999997,0.07999999999999999,0.7999999999999999,0.5,3.4098368214044887
2026-05-26 11:09:01.978787,0.39999999999999997,0.07999999999999999,0.7999999999999999,0.5,3.4098368214044887
2026-05-26 11:09:02.978787,0.39999999999999997,0.07999999999999999,0.7999999999999999,0.5,3.4098368214044887
2026-05-26 11:09:03.978787,0.39999999999999997,0.07999999999999999,0.7999999999999999,0.5,3.4098368214044887
2026-05-26 11:09:04.978787,0.39999999999999997,0.07999999999999999,0.7999999999999999,0.5,3.4098368214044887
2026-05-26 11:09:05.978787,0.39999999999999997,0.07999999999999999,0.7999999999999999,0.5,3.4098368214044887
2026-05-26 11:09:06.978787,0.39999999999999997,0.07999999999999999,0.7999999999999999,0.5,3.4098368214044887
2026-05-26 11:09:07.978787,0.39999999999999997,0.07999999999999999,0.7999999999999999,0.5,3.4098368214044887
2026-05-26 11:09:08.978788,0.39999999999999997,0.07999999999999999,0.7999999999999999,0.5,3.4098368214044887
2026-05-26 11:09:09.978788,0.39999999999999997,0.07999999999999999,0.7999999999999999,0.5,3.4098368214044887
2026-05-26 11:09:10.978799,0.39999999999999997,0.07999999999999999,0.7999999999999999,0.5,3.4098368214044887
2026-05-26 11:09:11.978799,0.39999999999999997,0.07999999999999999,0.7999999999999999,0.5,3.4098368214044887
2026-05-26 11:09:12.978799,0.39999999999999997,0.07999999999999999,0.7999999999999999,0.5,3.4098368214044887
2026-05-26 11:09:13.978799,0.39999999999999997,0.07999999999999999,0.7999999999999999,0.5,3.4098368214044887
2026-05-26 11:09:14.979082,0.39999999999999997,0.07999999999999999,0.7999999999999999,0.5,3.4098368214044887
2026-05-26 11:09:15.981515,0.39999999999999997,0.07999999999999999,0.7999999999999999,0.5,3.4098368214044887
2026-05-26 11:09:16.991129,0.39999999999999997,0.07999999999999999,0.7999999999999999,0.5,3.4098368214044887
2026-05-26 11:09:17.991129,0.39999999999999997,0.07999999999999999,0.7999999999999999,0.5,3.4098368214044887
2026-05-26 11:09:18.998463,0.39999999999999997,0.07999999999999999,0.7999999999999999,0.5,3.4098368214044887
2026-05-26 11:09:19.998463,0.39999999999999997,0.07999999999999999,0.7999999999999999,0.5,3.4098368214044887
2026-05-26 11:09:20.998463,0.39999999999999997,0.07999999999999999,0.7999999999999999,0.5,3.4098368214044887
2026-05-26 11:09:21.998463,0.39999999999999997,0.07999999999999999,0.7999999999999999,0.5,3.4098368214044887
2026-05-26 11:09:22.998463,0.39999999999999997,0.07999999999999999,0.7999999999999999,0.5,3.4098368214044887
2026-05-26 11:09:23.998603,0.39999999999999997,0.07999999999999999,0.7999999999999999,0.5,3.4098368214044887
2026-05-26 11:09:25.044495,0.39999999999999997,0.07999999999999999,0.7999999999999999,0.5,3.4098368214044887
2026-05-26 11:09:26.044495,0.39999999999999997,0.07999999999999999,0.7999999999999999,0.5,3.4098368214044887
2026-05-26 11:09:27.044495,0.39999999999999997,0.07999999999999999,0.7999999999999999,0.5,3.4098368214044887
2026-05-26 11:09:28.044791,0.39999999999999997,0.07999999999999999,0.7999999999999999,0.5,3.4098368214044887
2026-05-26 11:09:29.047250,0.39999999999999997,0.07999999999999999,0.7999999999999999,0.5,3.4098368214044887
2026-05-26 11:09:30.047250,0.39999999999999997,0.07999999999999999,0.7999999999999999,0.5,3.4098368214044887
2026-05-26 11:09:31.047250,0.39999999999999997,0.07999999999999999,0.7999999999999999,0.5,3.4098368214044887
2026-05-26 11:09:32.047266,0.39999999999999997,0.07999999999999999,0.7999999999999999,0.5,3.4098368214044887
2026-05-26 11:09:33.050305,0.39999999999999997,0.07999999999999999,0.7999999999999999,0.5,3.4098368214044887
2026-05-26 11:09:34.050317,0.39999999999999997,0.07999999999999999,0.7999999999999999,0.5,3.4098368214044887
2026-05-26 11:09:35.054396,0.39999999999999997,0.07999999999999999,0.7999999999999999,0.5,3.4098368214044887
2026-05-26 11:09:36.054396,0.39999999999999997,0.07999999999999999,0.7999999999999999,0.5,3.4098368214044887
2026-05-26 11:09:37.054396,0.39999999999999997,0.07999999999999999,0.7999999999999999,0.5,3.4098368214044887
2026-05-26 11:09:38.054399,0.39999999999999997,0.07999999999999999,0.7999999999999999,0.5,3.4098368214044887
2026-05-26 11:09:39.062085,0.39999999999999997,0.07999999999999999,0.7999999999999999,0.5,3.4098368214044887
2026-05-26 11:09:40.062085,0.39999999999999997,0.07999999999999999,0.7999999999999999,0.5,3.4098368214044887
2026-05-26 11:09:41.062085,0.39999999999999997,0.07999999999999999,0.7999999999999999,0.5,3.4098368214044887
2026-05-26 11:09:42.062085,0.39999999999999997,0.07999999999999999,0.7999999999999999,0.5,3.4098368214044887
2026-05-26 11:09:43.062148,0.39999999999999997,0.07999999999999999,0.7999999999999999,0.5,3.4098368214044887
2026-05-26 11:09:44.065433,0.39999999999999997,0.07999999999999999,0.7999999999999999,0.5,3.4098368214044887
2026-05-26 11:09:45.065433,0.39999999999999997,0.07999999999999999,0.7999999999999999,0.5,3.4098368214044887
2026-05-26 11:09:46.065941,0.39999999999999997,0.07999999999999999,0.7999999999999999,0.5,3.4098368214044887
2026-05-26 11:09:47.065941,0.39999999999999997,0.07999999999999999,0.7999999999999999,0.5,3.4098368214044887
2026-05-26 11:09:48.065945,0.39999999999999997,0.07999999999999999,0.7999999999999999,0.5,3.4098368214044887
2026-05-26 11:09:49.065945,0.39999999999999997,0.07999999999999999,0.7999999999999999,0.5,3.4098368214044887
2026-05-26 11:09:50.069039,0.39999999999999997,0.07999999999999999,0.7999999999999999,0.5,3.4098368214044887
2026-05-26 11:09:51.071926,0.39999999999999997,0.07999999999999999,0.7999999999999999,0.5,3.4098368214044887
2026-05-26 11:09:52.071926,0.39999999999999997,0.07999999999999999,0.7999999999999999,0.5,3.4098368214044887
2026-05-26 11:09:53.071926,0.39999999999999997,0.07999999999999999,0.7999999999999999,0.5,3.4098368214044887
2026-05-26 11:09:54.071926,0.39999999999999997,0.07999999999999999,0.7999999999999999,0.5,3.4098368214044887
2026-05-26 11:09:55.071926,0.39999999999999997,0.07999999999999999,0.7999999999999999,0.5,3.4098368214044887
2026-05-26 11:09:56.079269,0.39999999999999997,0.07999999999999999,0.7999999999999999,0.5,3.4098368214044887
2026-05-26 11:09:57.079269,0.39999999999999997,0.07999999999999999,0.7999999999999999,0.5,3.4098368214044887
2026-05-26 11:09:58.079269,0.39999999999999997,0.07999999999999999,0.7999999999999999,0.5,3.4098368214044887
2026-05-26 11:09:59.079269,0.39999999999999997,0.07999999999999999,0.7999999999999999,0.5,3.4098368214044887
2026-05-26 11:10:00.079269,0.39999999999999997,0.07999999999999999,0.7999999999999999,0.5,3.4098368214044887
2026-05-26 11:10:01.079269,0.39999999999999997,0.07999999999999999,0.7999999999999999,0.5,3.4098368214044887
2026-05-26 11:10:02.079269,0.39999999999999997,0.07999999999999999,0.7999999999999999,0.5,3.4098368214044887
2026-05-26 11:10:03.079269,0.39999999999999997,0.07999999999999999,0.7999999999999999,0.5,3.4098368214044887
2026-05-26 11:10:04.079269,0.39999999999999997,0.07999999999999999,0.7999999999999999,0.5,3.4098368214044887
2026-05-26 11:10:05.079364,0.39999999999999997,0.07999999999999999,0.7999999999999999,0.5,3.4098368214044887
2026-05-26 11:10:06.079364,0.39999999999999997,0.07999999999999999,0.7999999999999999,0.5,3.4098368214044887
2026-05-26 11:10:07.079364,0.39999999999999997,0.07999999999999999,0.7999999999999999,0.5,3.4098368214044887
2026-05-26 11:10:08.079367,0.39999999999999997,0.07999999999999999,0.7999999999999999,0.5,3.4098368214044887
2026-05-26 11:10:09.090195,0.39999999999999997,0.07999999999999999,0.7999999999999999,0.5,3.4098368214044887
2026-05-26 11:10:10.090196,0.39999999999999997,0.07999999999999999,0.7999999999999999,0.5,3.4098368214044887
2026-05-26 11:10:11.090212,0.39999999999999997,0.07999999999999999,0.7999999999999999,0.5,3.4098368214044887
2026-05-26 11:10:12.090213,0.39999999999999997,0.07999999999999999,0.7999999999999999,0.5,3.4098368214044887
2026-05-26 11:10:13.090213,0.39999999999999997,0.07999999999999999,0.7999999999999999,0.5,3.4098368214044887
2026-05-26 11:10:14.090249,0.39999999999999997,0.07999999999999999,0.7999999999999999,0.5,3.4098368214044887
2026-05-26 11:10:15.092452,0.39999999999999997,0.07999999999999999,0.7999999999999999,0.5,3.4098368214044887
2026-05-26 11:10:16.092452,0.39999999999999997,0.07999999999999999,0.7999999999999999,0.5,3.4098368214044887
2026-05-26 11:10:17.092452,0.39999999999999997,0.07999999999999999,0.7999999999999999,0.5,3.4098368214044887
2026-05-26 11:10:18.092452,0.39999999999999997,0.07999999999999999,0.7999999999999999,0.5,3.4098368214044887
2026-05-26 11:10:19.092452,0.39999999999999997,0.07999999999999999,0.7999999999999999,0.5,3.4098368214044887
2026-05-26 11:10:20.093033,0.39999999999999997,0.07999999999999999,0.7999999999999999,0.5,3.4098368214044887
2026-05-26 11:10:21.094197,0.39999999999999997,0.07999999999999999,0.7999999999999999,0.5,3.4098368214044887
2026-05-26 11:10:22.098241,0.39999999999999997,0.07999999999999999,0.7999999999999999,0.5,3.4098368214044887
2026-05-26 11:10:23.099323,0.39999999999999997,0.07999999999999999,0.7999999999999999,0.5,3.4098368214044887
2026-05-26 11:10:24.103777,0.39999999999999997,0.07999999999999999,0.7999999999999999,0.5,3.4098368214044887
2026-05-26 11:10:25.103777,0.39999999999999997,0.07999999999999999,0.7999999999999999,0.5,3.4098368214044887
2026-05-26 11:10:26.103779,0.39999999999999997,0.07999999999999999,0.7999999999999999,0.5,3.4098368214044887
2026-05-26 11:10:27.103780,0.39999999999999997,0.07999999999999999,0.7999999999999999,0.5,3.4098368214044887
2026-05-26 11:10:28.103780,0.39999999999999997,0.07999999999999999,0.7999999999999999,0.5,3.4098368214044887
2026-05-26 11:10:29.114744,0.39999999999999997,0.07999999999999999,0.7999999999999999,0.5,3.4098368214044887
2026-05-26 11:10:30.114744,0.39999999999999997,0.07999999999999999,0.7999999999999999,0.5,3.4098368214044887
2026-05-26 11:10:31.114744,0.39999999999999997,0.07999999999999999,0.7999999999999999,0.5,3.4098368214044887
2026-05-26 11:10:32.114748,0.39999999999999997,0.07999999999999999,0.7999999999999999,0.5,3.4098368214044887
2026-05-26 11:10:33.114748,0.39999999999999997,0.07999999999999999,0.7999999999999999,0.5,3.4098368214044887
2026-05-26 11:10:34.126904,0.39999999999999997,0.07999999999999999,0.7999999999999999,0.5,3.4098368214044887
2026-05-26 11:10:35.126904,0.39999999999999997,0.07999999999999999,0.7999999999999999,0.5,3.4098368214044887
2026-05-26 11:10:36.126915,0.39999999999999997,0.07999999999999999,0.7999999999999999,0.5,3.4098368214044887
2026-05-26 11:10:37.127130,0.39999999999999997,0.07999999999999999,0.7999999999999999,0.5,3.4098368214044887
2026-05-26 11:10:38.127761,0.39999999999999997,0.07999999999999999,0.7999999999999999,0.5,3.4098368214044887
2026-05-26 11:10:39.127761,0.39999999999999997,0.07999999999999999,0.7999999999999999,0.5,3.4098368214044887
2026-05-26 11:10:40.127761,0.39999999999999997,0.07999999999999999,0.7999999999999999,0.5,3.4098368214044887
2026-05-26 11:10:41.127761,0.39999999999999997,0.07999999999999999,0.7999999999999999,0.5,3.4098368214044887
2026-05-26 11:10:42.127770,0.39999999999999997,0.07999999999999999,0.7999999999999999,0.5,3.4098368214044887
2026-05-26 11:10:43.127770,0.39999999999999997,0.07999999999999999,0.7999999999999999,0.5,3.4098368214044887
2026-05-26 11:10:44.127784,0.39999999999999997,0.07999999999999999,0.7999999999999999,0.5,3.4098368214044887
2026-05-26 11:10:45.127784,0.39999999999999997,0.07999999999999999,0.7999999999999999,0.5,3.4098368214044887
2026-05-26 11:10:46.127784,0.39999999999999997,0.07999999999999999,0.7999999999999999,0.5,3.4098368214044887
2026-05-26 11:10:47.127784,0.39999999999999997,0.07999999999999999,0.7999999999999999,0.5,3.4098368214044887
2026-05-26 11:10:48.127784,0.39999999999999997,0.07999999999999999,0.7999999999999999,0.5,3.4098368214044887
2026-05-26 11:10:49.127784,0.39999999999999997,0.07999999999999999,0.7999999999999999,0.5,3.4098368214044887
2026-05-26 11:10:50.127784,0.39999999999999997,0.07999999999999999,0.7999999999999999,0.5,3.4098368214044887
2026-05-26 11:10:51.161030,0.39999999999999997,0.07999999999999999,0.7999999999999999,0.5,3.4098368214044887
2026-05-26 11:10:52.177698,0.39999999999999997,0.07999999999999999,0.7999999999999999,0.5,3.4098368214044887
2026-05-26 11:10:53.177731,0.39999999999999997,0.07999999999999999,0.7999999999999999,0.5,3.4098368214044887
2026-05-26 11:10:54.177731,0.39999999999999997,0.07999999999999999,0.7999999999999999,0.5,3.4098368214044887
2026-05-26 11:10:55.177731,0.39999999999999997,0.07999999999999999,0.7999999999999999,0.5,3.4098368214044887
2026-05-26 11:10:56.180530,0.39999999999999997,0.07999999999999999,0.7999999999999999,0.5,3.4098368214044887
2026-05-26 11:10:57.180531,0.39999999999999997,0.07999999999999999,0.7999999999999999,0.5,3.4098368214044887
2026-05-26 11:10:58.187993,0.39999999999999997,0.07999999999999999,0.7999999999999999,0.5,3.4098368214044887
2026-05-26 11:10:59.187996,0.39999999999999997,0.07999999999999999,0.7999999999999999,0.5,3.4098368214044887
2026-05-26 11:11:00.187996,0.39999999999999997,0.07999999999999999,0.7999999999999999,0.5,3.4098368214044887
2026-05-26 11:11:01.187996,0.39999999999999997,0.07999999999999999,0.7999999999999999,0.5,3.4098368214044887
2026-05-26 11:11:02.187996,0.39999999999999997,0.07999999999999999,0.7999999999999999,0.5,3.4098368214044887
2026-05-26 11:11:03.188053,0.39999999999999997,0.07999999999999999,0.7999999999999999,0.5,3.4098368214044887
2026-05-26 11:11:04.194505,0.39999999999999997,0.07999999999999999,0.7999999999999999,0.5,3.4098368214044887
2026-05-26 11:11:05.194505,0.39999999999999997,0.07999999999999999,0.7999999999999999,0.5,3.4098368214044887
2026-05-26 11:11:06.201365,0.39999999999999997,0.07999999999999999,0.7999999999999999,0.5,3.4098368214044887
2026-05-26 11:11:07.201365,0.39999999999999997,0.07999999999999999,0.7999999999999999,0.5,3.4098368214044887
2026-05-26 11:11:08.201365,0.39999999999999997,0.07999999999999999,0.7999999999999999,0.5,3.4098368214044887
2026-05-26 11:11:09.201378,0.39999999999999997,0.07999999999999999,0.7999999999999999,0.5,3.4098368214044887
2026-05-26 11:11:10.201378,0.39999999999999997,0.07999999999999999,0.7999999999999999,0.5,3.4098368214044887
2026-05-26 11:11:11.201378,0.39999999999999997,0.07999999999999999,0.7999999999999999,0.5,3.4098368214044887
2026-05-26 11:11:12.201378,0.39999999999999997,0.07999999999999999,0.7999999999999999,0.5,3.4098368214044887
2026-05-26 11:11:13.201380,0.39999999999999997,0.07999999999999999,0.7999999999999999,0.5,3.4098368214044887
2026-05-26 11:11:14.204282,0.39999999999999997,0.07999999999999999,0.7999999999999999,0.5,3.4098368214044887
2026-05-26 11:11:15.204494,0.39999999999999997,0.07999999999999999,0.7999999999999999,0.5,3.447157102105232
2026-05-26 11:11:16.204494,0.39999999999999997,0.07999999999999999,0.7999999999999999,0.5,3.447157102105232
2026-05-26 11:11:17.218273,0.39999999999999997,0.07999999999999999,0.7999999999999999,0.5,3.447157102105232
2026-05-26 11:11:18.218766,0.39999999999999997,0.07999999999999999,0.7999999999999999,0.5,3.447157102105232
2026-05-26 11:11:19.218766,0.39999999999999997,0.07999999999999999,0.7999999999999999,0.5,3.447157102105232
2026-05-26 11:11:20.218776,0.39999999999999997,0.07999999999999999,0.7999999999999999,0.5,3.447157102105232
2026-05-26 11:11:21.218776,0.39999999999999997,0.07999999999999999,0.7999999999999999,0.5,3.447157102105232
2026-05-26 11:11:22.218776,0.39999999999999997,0.07999999999999999,0.7999999999999999,0.5,3.447157102105232
2026-05-26 11:11:23.218781,0.39999999999999997,0.07999999999999999,0.7999999999999999,0.5,3.447157102105232
2026-05-26 11:11:24.219672,0.39999999999999997,0.07999999999999999,0.7999999999999999,0.5,3.447157102105232
2026-05-26 11:11:25.219672,0.39999999999999997,0.07999999999999999,0.7999999999999999,0.5,3.447157102105232
2026-05-26 11:11:26.219672,0.39999999999999997,0.07999999999999999,0.7999999999999999,0.5,3.3446547709736767
2026-05-26 11:11:27.219672,0.39999999999999997,0.07999999999999999,0.7999999999999999,0.5,3.3446547709736767
2026-05-26 11:11:28.219672,0.39999999999999997,0.07999999999999999,0.7999999999999999,0.5,3.3446547709736767
2026-05-26 11:11:29.230258,0.39999999999999997,0.07999999999999999,0.7999999999999999,0.5,3.3446547709736767
2026-05-26 11:11:30.234207,0.39999999999999997,0.07999999999999999,0.7999999999999999,0.5,3.3446547709736767
2026-05-26 11:11:31.301199,0.39999999999999997,0.07999999999999999,0.7999999999999999,0.5,3.3446547709736767
2026-05-26 11:11:32.301203,0.39999999999999997,0.07999999999999999,0.7999999999999999,0.5,3.3446547709736767
2026-05-26 11:11:33.301203,0.39999999999999997,0.07999999999999999,0.7999999999999999,0.5,3.3446547709736767
2026-05-26 11:11:34.301954,0.39999999999999997,0.07999999999999999,0.7999999999999999,0.5,3.3446547709736767
2026-05-26 11:11:35.301954,0.39999999999999997,0.07999999999999999,0.7999999999999999,0.5,3.3446547709736767
2026-05-26 11:11:36.301959,0.39999999999999997,0.07999999999999999,0.7999999999999999,0.5,3.3446547709736767
2026-05-26 11:11:37.301959,0.39999999999999997,0.07999999999999999,0.7999999999999999,0.5,3.3446547709736767
2026-05-26 11:11:38.301959,0.39999999999999997,0.07999999999999999,0.7999999999999999,0.5,3.3446547709736767
2026-05-26 11:11:39.301986,0.39999999999999997,0.07999999999999999,0.7999999999999999,0.5,3.3446547709736767
2026-05-26 11:11:40.301986,0.39999999999999997,0.07999999999999999,0.7999999999999999,0.5,3.3446547709736767
2026-05-26 11:11:41.302010,0.39999999999999997,0.07999999999999999,0.7999999999999999,0.5,3.3446547709736767
2026-05-26 11:11:42.302059,0.39999999999999997,0.07999999999999999,0.7999999999999999,0.5,3.3446547709736767
2026-05-26 11:11:43.302233,0.39999999999999997,0.07999999999999999,0.7999999999999999,0.5,3.3446547709736767
2026-05-26 11:11:44.302233,0.39999999999999997,0.07999999999999999,0.7999999999999999,0.5,3.3446547709736767
2026-05-26 11:11:45.302242,0.39999999999999997,0.07999999999999999,0.7999999999999999,0.5,3.3446547709736767
2026-05-26 11:11:46.305422,0.39999999999999997,0.07999999999999999,0.7999999999999999,0.5,3.3446547709736767
2026-05-26 11:11:47.305422,0.39999999999999997,0.07999999999999999,0.7999999999999999,0.5,3.3876285684904266
2026-05-26 11:11:48.305422,0.39999999999999997,0.07999999999999999,0.7999999999999999,0.5,3.3876285684904266
2026-05-26 11:11:49.305422,0.39999999999999997,0.07999999999999999,0.7999999999999999,0.5,3.3876285684904266
2026-05-26 11:11:50.305422,0.39999999999999997,0.07999999999999999,0.7999999999999999,0.5,3.3876285684904266
2026-05-26 11:11:51.305422,0.39999999999999997,0.07999999999999999,0.7999999999999999,0.5,3.3876285684904266
2026-05-26 11:11:52.325785,0.39999999999999997,0.07999999999999999,0.7999999999999999,0.5,3.3876285684904266
2026-05-26 11:11:53.326315,0.39999999999999997,0.07999999999999999,0.7999999999999999,0.5,3.3876285684904266
2026-05-26 11:11:54.326315,0.39999999999999997,0.07999999999999999,0.7999999999999999,0.5,3.3876285684904266
2026-05-26 11:11:55.326315,0.39999999999999997,0.07999999999999999,0.7999999999999999,0.5,3.3876285684904266
2026-05-26 11:11:56.326315,0.39999999999999997,0.07999999999999999,0.7999999999999999,0.5,3.3876285684904266
2026-05-26 11:11:57.326315,0.39999999999999997,0.07999999999999999,0.7999999999999999,0.5,3.3876285684904266
2026-05-26 11:11:58.326315,0.39999999999999997,0.07999999999999999,0.7999999999999999,0.5,3.353829724647551
2026-05-26 11:11:59.326315,0.39999999999999997,0.07999999999999999,0.7999999999999999,0.5,3.353829724647551
2026-05-26 11:12:00.328286,0.39999999999999997,0.07999999999999999,0.7999999999999999,0.5,3.353829724647551
2026-05-26 11:12:01.328286,0.39999999999999997,0.07999999999999999,0.7999999999999999,0.5,3.353829724647551
2026-05-26 11:12:02.328289,0.39999999999999997,0.07999999999999999,0.7999999999999999,0.5,3.353829724647551
2026-05-26 11:12:03.328289,0.39999999999999997,0.07999999999999999,0.7999999999999999,0.5,3.353829724647551
2026-05-26 11:12:04.332337,0.39999999999999997,0.07999999999999999,0.7999999999999999,0.5,3.353829724647551
2026-05-26 11:12:05.333366,0.39999999999999997,0.07999999999999999,0.7999999999999999,0.5,3.353829724647551
2026-05-26 11:12:06.334439,0.39999999999999997,0.07999999999999999,0.7999999999999999,0.5,3.353829724647551
2026-05-26 11:12:07.334439,0.39999999999999997,0.07999999999999999,0.7999999999999999,0.5,3.353829724647551
2026-05-26 11:12:08.336542,0.39999999999999997,0.07999999999999999,0.7999999999999999,0.5,3.353829724647551
2026-05-26 11:12:09.336990,0.39999999999999997,0.07999999999999999,0.7999999999999999,0.5,3.353829724647551
2026-05-26 11:12:10.336996,0.39999999999999997,0.07999999999999999,0.7999999999999999,0.5,3.353829724647551
2026-05-26 11:12:11.336996,0.39999999999999997,0.07999999999999999,0.7999999999999999,0.5,3.353829724647551
2026-05-26 11:12:12.347319,0.39999999999999997,0.07999999999999999,0.7999999999999999,0.5,3.353829724647551
2026-05-26 11:12:13.347337,0.39999999999999997,0.07999999999999999,0.7999999999999999,0.5,3.353829724647551
2026-05-26 11:12:14.347337,0.39999999999999997,0.07999999999999999,0.7999999999999999,0.5,3.353829724647551
2026-05-26 11:12:15.347337,0.39999999999999997,0.07999999999999999,0.7999999999999999,0.5,3.353829724647551
2026-05-26 11:12:16.347337,0.39999999999999997,0.07999999999999999,0.7999999999999999,0.5,3.353829724647551
2026-05-26 11:12:17.347337,0.39999999999999997,0.07999999999999999,0.7999999999999999,0.5,3.353829724647551
2026-05-27 12:33:31.380127,1.2,0.1,0.9,0.863,10000
2026-05-27 12:33:32.380127,1.2,0.1,0.9,0.863,10000
2026-05-27 12:33:33.380127,1.2,0.1,0.9,0.863,10000
2026-05-27 12:33:34.380127,1.2,0.1,0.9,0.863,10000
2026-05-27 12:33:35.380127,1.2,0.1,0.9,0.863,10000
2026-05-27 12:33:36.380127,1.2,0.1,0.9,0.863,10000
2026-05-27 12:33:37.380127,1.2,0.1,0.9,0.863,10000
2026-05-27 12:33:38.380127,1.2,0.1,0.9,0.863,10000
2026-05-27 12:33:39.380361,1.2,0.1,0.9,0.863,10000
2026-05-27 12:33:40.380366,0.6399999999999999,0.086,0.83,0.6089,3.353829724647551
2026-05-27 12:33:41.380366,0.6399999999999999,0.086,0.83,0.6089,3.353829724647551
2026-05-27 12:33:42.380366,0.6399999999999999,0.086,0.83,0.6089,3.353829724647551
2026-05-27 12:33:43.380368,0.6399999999999999,0.086,0.83,0.6089,3.353829724647551
2026-05-27 12:33:44.380368,0.6399999999999999,0.086,0.83,0.6089,3.353829724647551
2026-05-27 12:33:45.380372,0.6399999999999999,0.086,0.83,0.6089,3.353829724647551
2026-05-27 12:33:46.380372,0.6399999999999999,0.086,0.83,0.6089,3.353829724647551
2026-05-27 12:33:47.380372,0.6399999999999999,0.086,0.83,0.6089,3.353829724647551
2026-05-27 12:33:48.380372,0.6399999999999999,0.086,0.83,0.6089,3.353829724647551
2026-05-27 12:33:49.380467,0.6399999999999999,0.086,0.83,0.6089,3.353829724647551
2026-05-27 12:33:50.380467,0.6399999999999999,0.086,0.83,0.6089,3.353829724647551
2026-05-27 12:33:51.380467,0.472,0.08179999999999998,0.8089999999999999,0.53267,3.353829724647551
2026-05-27 12:33:52.380467,0.472,0.08179999999999998,0.8089999999999999,0.53267,3.353829724647551
2026-05-27 12:33:53.380467,0.472,0.08179999999999998,0.8089999999999999,0.53267,3.353829724647551
2026-05-27 12:33:54.380467,0.472,0.08179999999999998,0.8089999999999999,0.53267,3.353829724647551
2026-05-27 12:33:55.380467,0.472,0.08179999999999998,0.8089999999999999,0.53267,3.353829724647551
2026-05-27 12:33:56.383397,0.472,0.08179999999999998,0.8089999999999999,0.53267,3.353829724647551
2026-05-27 12:33:57.384491,0.472,0.08179999999999998,0.8089999999999999,0.53267,3.353829724647551
2026-05-27 12:33:58.384657,0.472,0.08179999999999998,0.8089999999999999,0.53267,3.353829724647551
2026-05-27 12:33:59.384659,0.472,0.08179999999999998,0.8089999999999999,0.53267,3.353829724647551
2026-05-27 12:34:00.384659,0.472,0.08179999999999998,0.8089999999999999,0.53267,3.353829724647551
2026-05-27 12:34:01.384690,0.472,0.08179999999999998,0.8089999999999999,0.53267,3.353829724647551
2026-05-27 12:34:02.398001,0.4216,0.08053999999999999,0.8027,0.509801,3.353829724647551
2026-05-27 12:34:03.402532,0.4216,0.08053999999999999,0.8027,0.509801,3.353829724647551
2026-05-27 12:34:04.402539,0.4216,0.08053999999999999,0.8027,0.509801,3.353829724647551
2026-05-27 12:34:05.402765,0.4216,0.08053999999999999,0.8027,0.509801,3.353829724647551
2026-05-27 12:34:06.406493,0.4216,0.08053999999999999,0.8027,0.509801,3.353829724647551
2026-05-27 12:34:07.417589,0.4216,0.08053999999999999,0.8027,0.509801,3.353829724647551
2026-05-27 12:34:08.417589,0.4216,0.08053999999999999,0.8027,0.509801,3.353829724647551
2026-05-27 12:34:09.417589,0.4216,0.08053999999999999,0.8027,0.509801,3.353829724647551
2026-05-27 12:34:10.422536,0.4216,0.08053999999999999,0.8027,0.509801,3.353829724647551
2026-05-27 12:34:11.422536,0.4216,0.08053999999999999,0.8027,0.509801,3.353829724647551
2026-05-27 12:34:12.426335,0.40647999999999995,0.08016199999999998,0.8008099999999999,0.5029402999999999,3.353829724647551
2026-05-27 12:34:13.426356,0.40647999999999995,0.08016199999999998,0.8008099999999999,0.5029402999999999,3.353829724647551
2026-05-27 12:34:14.431702,0.40647999999999995,0.08016199999999998,0.8008099999999999,0.5029402999999999,3.353829724647551
2026-05-27 12:34:15.431702,0.40647999999999995,0.08016199999999998,0.8008099999999999,0.5029402999999999,3.353829724647551
2026-05-27 12:34:16.431702,0.40647999999999995,0.08016199999999998,0.8008099999999999,0.5029402999999999,3.353829724647551
2026-05-27 12:34:17.435355,0.40647999999999995,0.08016199999999998,0.8008099999999999,0.5029402999999999,3.353829724647551
2026-05-27 12:34:18.437521,0.40647999999999995,0.08016199999999998,0.8008099999999999,0.5029402999999999,3.353829724647551
2026-05-27 12:34:19.437521,0.40647999999999995,0.08016199999999998,0.8008099999999999,0.5029402999999999,3.353829724647551
2026-05-27 12:34:20.437608,0.40647999999999995,0.08016199999999998,0.8008099999999999,0.5029402999999999,3.353829724647551
2026-05-27 12:34:21.439001,0.40647999999999995,0.08016199999999998,0.8008099999999999,0.5029402999999999,3.353829724647551
2026-05-27 12:34:22.487376,0.40194399999999997,0.08004859999999998,0.8002429999999999,0.50088209,3.353829724647551
2026-05-27 12:34:23.487376,0.40194399999999997,0.08004859999999998,0.8002429999999999,0.50088209,3.353829724647551
2026-05-27 12:34:24.487387,0.40194399999999997,0.08004859999999998,0.8002429999999999,0.50088209,3.353829724647551
2026-05-27 12:34:25.487387,0.40194399999999997,0.08004859999999998,0.8002429999999999,0.50088209,3.353829724647551
2026-05-27 12:34:26.487387,0.40194399999999997,0.08004859999999998,0.8002429999999999,0.50088209,3.353829724647551
2026-05-27 12:34:27.489348,0.40194399999999997,0.08004859999999998,0.8002429999999999,0.50088209,3.353829724647551
2026-05-27 12:34:28.489348,0.40194399999999997,0.08004859999999998,0.8002429999999999,0.50088209,3.353829724647551
2026-05-27 12:34:29.489351,0.40194399999999997,0.08004859999999998,0.8002429999999999,0.50088209,3.353829724647551
2026-05-27 12:34:30.489367,0.40194399999999997,0.08004859999999998,0.8002429999999999,0.50088209,3.353829724647551
2026-05-27 12:34:31.489395,0.40194399999999997,0.08004859999999998,0.8002429999999999,0.50088209,3.353829724647551
2026-05-27 12:34:32.489395,0.4005832,0.08001457999999999,0.8000729,0.500264627,3.3630431936342173
2026-05-27 12:34:33.489794,0.4005832,0.08001457999999999,0.8000729,0.500264627,3.3630431936342173
2026-05-27 12:34:34.489797,0.4005832,0.08001457999999999,0.8000729,0.500264627,3.3630431936342173
2026-05-27 12:34:35.489797,0.4005832,0.08001457999999999,0.8000729,0.500264627,3.3630431936342173
2026-05-27 12:34:36.489797,0.4005832,0.08001457999999999,0.8000729,0.500264627,3.3630431936342173
2026-05-27 12:34:37.489797,0.4005832,0.08001457999999999,0.8000729,0.500264627,3.3630431936342173
2026-05-27 12:34:38.492118,0.4005832,0.08001457999999999,0.8000729,0.500264627,3.3630431936342173
2026-05-27 12:34:39.494218,0.4005832,0.08001457999999999,0.8000729,0.500264627,3.3630431936342173
2026-05-27 12:34:40.495232,0.4005832,0.08001457999999999,0.8000729,0.500264627,3.3630431936342173
2026-05-27 12:34:41.498017,0.4005832,0.08001457999999999,0.8000729,0.500264627,3.3630431936342173
2026-05-27 12:34:42.498017,0.40017495999999997,0.08000437399999999,0.8000218699999999,0.5000793881,3.283028752568064
2026-05-27 12:34:43.499221,0.40017495999999997,0.08000437399999999,0.8000218699999999,0.5000793881,3.283028752568064
2026-05-27 12:34:44.499221,0.40017495999999997,0.08000437399999999,0.8000218699999999,0.5000793881,3.283028752568064
2026-05-27 12:34:45.499221,0.40017495999999997,0.08000437399999999,0.8000218699999999,0.5000793881,3.283028752568064
2026-05-27 12:34:46.499221,0.40017495999999997,0.08000437399999999,0.8000218699999999,0.5000793881,3.283028752568064
2026-05-27 12:34:47.499221,0.40017495999999997,0.08000437399999999,0.8000218699999999,0.5000793881,3.283028752568064
2026-05-27 12:34:48.499250,0.40017495999999997,0.08000437399999999,0.8000218699999999,0.5000793881,3.283028752568064
2026-05-27 12:34:49.499250,0.40017495999999997,0.08000437399999999,0.8000218699999999,0.5000793881,3.283028752568064
2026-05-27 12:34:50.499250,0.40017495999999997,0.08000437399999999,0.8000218699999999,0.5000793881,3.283028752568064
2026-05-27 12:34:51.499250,0.40017495999999997,0.08000437399999999,0.8000218699999999,0.5000793881,3.283028752568064
2026-05-27 12:34:52.504450,0.40017495999999997,0.08000437399999999,0.8000218699999999,0.5000793881,3.283028752568064
2026-05-27 12:34:53.504586,0.40005248799999993,0.0800013122,0.8000065609999999,0.5000238164299999,3.283028752568064
2026-05-27 12:34:54.504586,0.40005248799999993,0.0800013122,0.8000065609999999,0.5000238164299999,3.283028752568064
2026-05-27 12:34:55.519550,0.40005248799999993,0.0800013122,0.8000065609999999,0.5000238164299999,3.283028752568064
2026-05-27 12:34:56.519550,0.40005248799999993,0.0800013122,0.8000065609999999,0.5000238164299999,3.283028752568064
2026-05-27 12:34:57.519550,0.40005248799999993,0.0800013122,0.8000065609999999,0.5000238164299999,3.283028752568064
2026-05-27 12:34:58.519550,0.40005248799999993,0.0800013122,0.8000065609999999,0.5000238164299999,3.283028752568064
2026-05-27 12:34:59.520128,0.40005248799999993,0.0800013122,0.8000065609999999,0.5000238164299999,3.283028752568064
2026-05-27 12:35:00.520128,0.40005248799999993,0.0800013122,0.8000065609999999,0.5000238164299999,3.283028752568064
2026-05-27 12:35:01.520128,0.40005248799999993,0.0800013122,0.8000065609999999,0.5000238164299999,3.283028752568064
2026-05-27 12:35:02.521290,0.40005248799999993,0.0800013122,0.8000065609999999,0.5000238164299999,3.283028752568064
2026-05-27 12:35:03.521290,0.4000157463999999,0.08000039365999999,0.8000019682999999,0.500007144929,3.283028752568064
2026-05-27 12:35:04.521291,0.4000157463999999,0.08000039365999999,0.8000019682999999,0.500007144929,3.283028752568064
2026-05-27 12:35:05.521292,0.4000157463999999,0.08000039365999999,0.8000019682999999,0.500007144929,3.283028752568064
2026-05-27 12:35:06.521292,0.4000157463999999,0.08000039365999999,0.8000019682999999,0.500007144929,3.283028752568064
2026-05-27 12:35:07.521292,0.4000157463999999,0.08000039365999999,0.8000019682999999,0.500007144929,3.283028752568064
2026-05-27 12:35:08.531835,0.4000157463999999,0.08000039365999999,0.8000019682999999,0.500007144929,3.283028752568064
2026-05-27 12:35:09.531835,0.4000157463999999,0.08000039365999999,0.8000019682999999,0.500007144929,3.283028752568064
2026-05-27 12:35:10.537866,0.4000157463999999,0.08000039365999999,0.8000019682999999,0.500007144929,3.283028752568064
2026-05-27 12:35:11.562993,0.4000157463999999,0.08000039365999999,0.8000019682999999,0.500007144929,3.283028752568064
2026-05-27 12:35:12.563006,0.4000157463999999,0.08000039365999999,0.8000019682999999,0.500007144929,3.283028752568064
2026-05-27 12:35:13.563006,0.40000472391999997,0.08000011809799999,0.8000005904899999,0.5000021434787,3.283028752568064
2026-05-27 12:35:14.568485,0.40000472391999997,0.08000011809799999,0.8000005904899999,0.5000021434787,3.283028752568064
2026-05-27 12:35:15.568485,0.40000472391999997,0.08000011809799999,0.8000005904899999,0.5000021434787,3.283028752568064
2026-05-27 12:35:16.586021,0.40000472391999997,0.08000011809799999,0.8000005904899999,0.5000021434787,3.283028752568064
2026-05-27 12:35:17.587627,0.40000472391999997,0.08000011809799999,0.8000005904899999,0.5000021434787,3.283028752568064
2026-05-27 12:35:18.587637,0.40000472391999997,0.08000011809799999,0.8000005904899999,0.5000021434787,3.283028752568064
2026-05-27 12:35:19.587640,0.40000472391999997,0.08000011809799999,0.8000005904899999,0.5000021434787,3.283028752568064
2026-05-27 12:35:20.595041,0.40000472391999997,0.08000011809799999,0.8000005904899999,0.5000021434787,3.283028752568064
2026-05-27 12:35:21.595206,0.40000472391999997,0.08000011809799999,0.8000005904899999,0.5000021434787,3.283028752568064
2026-05-27 12:35:22.595206,0.40000472391999997,0.08000011809799999,0.8000005904899999,0.5000021434787,3.283028752568064
2026-05-27 12:35:23.595206,0.40000141717599996,0.08000003542939998,0.8000001771469999,0.5000006430436099,3.283028752568064
2026-05-27 12:35:24.595206,0.40000141717599996,0.08000003542939998,0.8000001771469999,0.5000006430436099,3.283028752568064
2026-05-27 12:35:25.595208,0.40000141717599996,0.08000003542939998,0.8000001771469999,0.5000006430436099,3.283028752568064
2026-05-27 12:35:26.595208,0.40000141717599996,0.08000003542939998,0.8000001771469999,0.5000006430436099,3.283028752568064
2026-05-27 12:35:27.614425,0.40000141717599996,0.08000003542939998,0.8000001771469999,0.5000006430436099,3.283028752568064
2026-05-27 12:35:28.614425,0.40000141717599996,0.08000003542939998,0.8000001771469999,0.5000006430436099,3.283028752568064
2026-05-27 12:35:29.616644,0.40000141717599996,0.08000003542939998,0.8000001771469999,0.5000006430436099,3.283028752568064
2026-05-27 12:35:30.617022,0.40000141717599996,0.08000003542939998,0.8000001771469999,0.5000006430436099,3.283028752568064
2026-05-27 12:35:31.617217,0.40000141717599996,0.08000003542939998,0.8000001771469999,0.5000006430436099,3.283028752568064
2026-05-27 12:35:32.617217,0.40000141717599996,0.08000003542939998,0.8000001771469999,0.5000006430436099,3.283028752568064
2026-05-27 12:35:33.624149,0.4000004251528,0.08000001062881999,0.8000000531440998,0.500000192913083,3.283028752568064
2026-05-27 12:35:34.624213,0.4000004251528,0.08000001062881999,0.8000000531440998,0.500000192913083,3.283028752568064
2026-05-27 12:35:35.624304,0.4000004251528,0.08000001062881999,0.8000000531440998,0.500000192913083,3.283028752568064
2026-05-27 12:35:36.624871,0.4000004251528,0.08000001062881999,0.8000000531440998,0.500000192913083,3.283028752568064
2026-05-27 12:35:37.624871,0.4000004251528,0.08000001062881999,0.8000000531440998,0.500000192913083,3.283028752568064
2026-05-27 12:35:38.625244,0.4000004251528,0.08000001062881999,0.8000000531440998,0.500000192913083,3.283028752568064
2026-05-27 12:35:39.625244,0.4000004251528,0.08000001062881999,0.8000000531440998,0.500000192913083,3.283028752568064
2026-05-27 12:35:40.625244,0.4000004251528,0.08000001062881999,0.8000000531440998,0.500000192913083,3.283028752568064
2026-05-27 12:35:41.627648,0.4000004251528,0.08000001062881999,0.8000000531440998,0.500000192913083,3.283028752568064
2026-05-27 12:35:42.627648,0.4000004251528,0.08000001062881999,0.8000000531440998,0.500000192913083,3.283028752568064
2026-05-27 12:35:43.627648,0.4000004251528,0.08000001062881999,0.8000000531440998,0.500000192913083,3.283028752568064
2026-05-27 12:35:44.628222,0.40000012754583997,0.08000000318864599,0.8000000159432299,0.5000000578739249,3.283028752568064
2026-05-27 12:35:45.631536,0.40000012754583997,0.08000000318864599,0.8000000159432299,0.5000000578739249,3.283028752568064
2026-05-27 12:35:46.631536,0.40000012754583997,0.08000000318864599,0.8000000159432299,0.5000000578739249,3.283028752568064
2026-05-27 12:35:47.631536,0.40000012754583997,0.08000000318864599,0.8000000159432299,0.5000000578739249,3.283028752568064
2026-05-27 12:35:48.631536,0.40000012754583997,0.08000000318864599,0.8000000159432299,0.5000000578739249,3.283028752568064
2026-05-27 12:35:49.631536,0.40000012754583997,0.08000000318864599,0.8000000159432299,0.5000000578739249,3.283028752568064
2026-05-27 12:35:50.631536,0.40000012754583997,0.08000000318864599,0.8000000159432299,0.5000000578739249,3.283028752568064
2026-05-27 12:35:51.633653,0.40000012754583997,0.08000000318864599,0.8000000159432299,0.5000000578739249,3.283028752568064
2026-05-27 12:35:52.633653,0.40000012754583997,0.08000000318864599,0.8000000159432299,0.5000000578739249,3.283028752568064
2026-05-27 12:35:53.636906,0.40000012754583997,0.08000000318864599,0.8000000159432299,0.5000000578739249,3.283028752568064
2026-05-27 12:35:54.636906,0.40000003826375197,0.08000000095659379,0.800000004782969,0.5000000173621775,3.283028752568064
2026-05-27 12:35:55.637187,0.40000003826375197,0.08000000095659379,0.800000004782969,0.5000000173621775,3.283028752568064
2026-05-27 12:35:56.637197,0.40000003826375197,0.08000000095659379,0.800000004782969,0.5000000173621775,3.283028752568064
2026-05-27 12:35:57.637197,0.40000003826375197,0.08000000095659379,0.800000004782969,0.5000000173621775,3.283028752568064
2026-05-27 12:35:58.637197,0.40000003826375197,0.08000000095659379,0.800000004782969,0.5000000173621775,3.283028752568064
2026-05-27 12:35:59.637236,0.40000003826375197,0.08000000095659379,0.800000004782969,0.5000000173621775,3.283028752568064
2026-05-27 12:36:00.637236,0.40000003826375197,0.08000000095659379,0.800000004782969,0.5000000173621775,3.283028752568064
2026-05-27 12:36:01.637236,0.40000003826375197,0.08000000095659379,0.800000004782969,0.5000000173621775,3.283028752568064
2026-05-27 12:36:02.637236,0.40000003826375197,0.08000000095659379,0.800000004782969,0.5000000173621775,3.283028752568064
2026-05-27 12:36:03.637236,0.40000003826375197,0.08000000095659379,0.800000004782969,0.5000000173621775,3.283028752568064
2026-05-27 12:36:04.639623,0.40000001147912556,0.08000000028697812,0.8000000014348906,0.5000000052086532,3.283028752568064
2026-05-27 12:36:05.639623,0.40000001147912556,0.08000000028697812,0.8000000014348906,0.5000000052086532,3.283028752568064
2026-05-27 12:36:06.639623,0.40000001147912556,0.08000000028697812,0.8000000014348906,0.5000000052086532,3.283028752568064
2026-05-27 12:36:07.639623,0.40000001147912556,0.08000000028697812,0.8000000014348906,0.5000000052086532,3.283028752568064
2026-05-27 12:36:08.639818,0.40000001147912556,0.08000000028697812,0.8000000014348906,0.5000000052086532,3.283028752568064
2026-05-27 12:36:09.639818,0.40000001147912556,0.08000000028697812,0.8000000014348906,0.5000000052086532,3.283028752568064
2026-05-27 12:36:10.639842,0.40000001147912556,0.08000000028697812,0.8000000014348906,0.5000000052086532,3.283028752568064
2026-05-27 12:36:11.639842,0.40000001147912556,0.08000000028697812,0.8000000014348906,0.5000000052086532,3.283028752568064
2026-05-27 12:36:12.643156,0.40000001147912556,0.08000000028697812,0.8000000014348906,0.5000000052086532,3.283028752568064
2026-05-27 12:36:13.643156,0.40000001147912556,0.08000000028697812,0.8000000014348906,0.5000000052086532,3.283028752568064
2026-05-27 12:36:14.644579,0.40000000344373765,0.08000000008609343,0.800000000430467,0.5000000015625959,3.283028752568064
2026-05-27 12:36:15.644589,0.40000000344373765,0.08000000008609343,0.800000000430467,0.5000000015625959,3.283028752568064
2026-05-27 12:36:16.644604,0.40000000344373765,0.08000000008609343,0.800000000430467,0.5000000015625959,3.283028752568064
2026-05-27 12:36:17.644604,0.40000000344373765,0.08000000008609343,0.800000000430467,0.5000000015625959,3.283028752568064
2026-05-27 12:36:18.644604,0.40000000344373765,0.08000000008609343,0.800000000430467,0.5000000015625959,3.283028752568064
2026-05-27 12:36:19.652039,0.40000000344373765,0.08000000008609343,0.800000000430467,0.5000000015625959,3.283028752568064
2026-05-27 12:36:20.652039,0.40000000344373765,0.08000000008609343,0.800000000430467,0.5000000015625959,3.283028752568064
2026-05-27 12:36:21.652039,0.40000000344373765,0.08000000008609343,0.800000000430467,0.5000000015625959,3.283028752568064
2026-05-27 12:36:22.657686,0.40000000344373765,0.08000000008609343,0.800000000430467,0.5000000015625959,3.283028752568064
2026-05-27 12:36:23.657793,0.40000000344373765,0.08000000008609343,0.800000000430467,0.5000000015625959,3.283028752568064
2026-05-27 12:36:24.658086,0.4000000010331213,0.08000000002582802,0.8000000001291401,0.5000000004687788,3.283028752568064
2026-05-27 12:36:25.658086,0.4000000010331213,0.08000000002582802,0.8000000001291401,0.5000000004687788,3.283028752568064
2026-05-27 12:36:26.663850,0.4000000010331213,0.08000000002582802,0.8000000001291401,0.5000000004687788,3.283028752568064
2026-05-27 12:36:27.663851,0.4000000010331213,0.08000000002582802,0.8000000001291401,0.5000000004687788,3.283028752568064
2026-05-27 12:36:28.663851,0.4000000010331213,0.08000000002582802,0.8000000001291401,0.5000000004687788,3.283028752568064
2026-05-27 12:36:29.671272,0.4000000010331213,0.08000000002582802,0.8000000001291401,0.5000000004687788,3.283028752568064
2026-05-27 12:36:30.673414,0.4000000010331213,0.08000000002582802,0.8000000001291401,0.5000000004687788,3.283028752568064
2026-05-27 12:36:31.673414,0.4000000010331213,0.08000000002582802,0.8000000001291401,0.5000000004687788,3.283028752568064
2026-05-27 12:36:32.673415,0.4000000010331213,0.08000000002582802,0.8000000001291401,0.5000000004687788,3.283028752568064
2026-05-27 12:36:33.673415,0.4000000010331213,0.08000000002582802,0.8000000001291401,0.5000000004687788,3.283028752568064
2026-05-27 12:36:34.674024,0.4000000010331213,0.08000000002582802,0.8000000001291401,0.5000000004687788,3.283028752568064
2026-05-27 12:36:35.674034,0.4000000003099363,0.0800000000077484,0.8000000000387419,0.5000000001406336,3.283028752568064
2026-05-27 12:36:36.676486,0.4000000003099363,0.0800000000077484,0.8000000000387419,0.5000000001406336,3.283028752568064
2026-05-27 12:36:37.676490,0.4000000003099363,0.0800000000077484,0.8000000000387419,0.5000000001406336,3.283028752568064
2026-05-27 12:36:38.676490,0.4000000003099363,0.0800000000077484,0.8000000000387419,0.5000000001406336,3.283028752568064
2026-05-27 12:36:39.679794,0.4000000003099363,0.0800000000077484,0.8000000000387419,0.5000000001406336,3.283028752568064
2026-05-27 12:36:40.679794,0.4000000003099363,0.0800000000077484,0.8000000000387419,0.5000000001406336,3.283028752568064
2026-05-27 12:36:41.680733,0.4000000003099363,0.0800000000077484,0.8000000000387419,0.5000000001406336,3.283028752568064
2026-05-27 12:36:42.680845,0.4000000003099363,0.0800000000077484,0.8000000000387419,0.5000000001406336,3.283028752568064
2026-05-27 12:36:43.681222,0.4000000003099363,0.0800000000077484,0.8000000000387419,0.5000000001406336,3.283028752568064
2026-05-27 12:36:44.688468,0.4000000003099363,0.0800000000077484,0.8000000000387419,0.5000000001406336,3.283028752568064
2026-05-27 12:36:45.688471,0.40000000009298087,0.08000000000232452,0.8000000000116225,0.50000000004219,3.283028752568064
2026-05-27 12:36:46.688799,0.40000000009298087,0.08000000000232452,0.8000000000116225,0.50000000004219,3.283028752568064
2026-05-27 12:36:47.688809,0.40000000009298087,0.08000000000232452,0.8000000000116225,0.50000000004219,3.283028752568064
2026-05-27 12:36:48.688809,0.40000000009298087,0.08000000000232452,0.8000000000116225,0.50000000004219,3.283028752568064
2026-05-27 12:36:49.688968,0.40000000009298087,0.08000000000232452,0.8000000000116225,0.50000000004219,3.283028752568064
2026-05-27 12:36:50.714095,0.40000000009298087,0.08000000000232452,0.8000000000116225,0.50000000004219,3.283028752568064
2026-05-27 12:36:51.717589,0.40000000009298087,0.08000000000232452,0.8000000000116225,0.50000000004219,3.283028752568064
2026-05-27 12:36:52.717589,0.40000000009298087,0.08000000000232452,0.8000000000116225,0.50000000004219,3.283028752568064
2026-05-27 12:36:53.717604,0.40000000009298087,0.08000000000232452,0.8000000000116225,0.50000000004219,3.283028752568064
2026-05-27 12:36:54.717604,0.40000000009298087,0.08000000000232452,0.8000000000116225,0.50000000004219,3.283028752568064
2026-05-27 12:36:55.717610,0.4000000000278942,0.08000000000069735,0.8000000000034867,0.500000000012657,3.283028752568064
2026-05-27 12:36:56.741250,0.4000000000278942,0.08000000000069735,0.8000000000034867,0.500000000012657,3.283028752568064
2026-05-27 12:36:57.741250,0.4000000000278942,0.08000000000069735,0.8000000000034867,0.500000000012657,3.283028752568064
2026-05-27 12:36:58.741250,0.4000000000278942,0.08000000000069735,0.8000000000034867,0.500000000012657,3.283028752568064
2026-05-27 12:36:59.741340,0.4000000000278942,0.08000000000069735,0.8000000000034867,0.500000000012657,3.283028752568064
2026-05-27 12:37:00.741397,0.4000000000278942,0.08000000000069735,0.8000000000034867,0.500000000012657,3.283028752568064
2026-05-27 12:37:01.741874,0.4000000000278942,0.08000000000069735,0.8000000000034867,0.500000000012657,3.283028752568064
2026-05-27 12:37:02.754317,0.4000000000278942,0.08000000000069735,0.8000000000034867,0.500000000012657,3.283028752568064
2026-05-27 12:37:03.756191,0.4000000000278942,0.08000000000069735,0.8000000000034867,0.500000000012657,3.283028752568064
2026-05-27 12:37:04.757123,0.4000000000278942,0.08000000000069735,0.8000000000034867,0.500000000012657,3.283028752568064
2026-05-27 12:37:05.757123,0.4000000000083682,0.0800000000002092,0.8000000000010459,0.5000000000037971,3.283028752568064
2026-05-27 12:37:06.757123,0.4000000000083682,0.0800000000002092,0.8000000000010459,0.5000000000037971,3.283028752568064
2026-05-27 12:37:07.757123,0.4000000000083682,0.0800000000002092,0.8000000000010459,0.5000000000037971,3.283028752568064
2026-05-27 12:37:08.757123,0.4000000000083682,0.0800000000002092,0.8000000000010459,0.5000000000037971,3.283028752568064
2026-05-27 12:37:09.757123,0.4000000000083682,0.0800000000002092,0.8000000000010459,0.5000000000037971,3.283028752568064
2026-05-27 12:37:10.757183,0.4000000000083682,0.0800000000002092,0.8000000000010459,0.5000000000037971,3.283028752568064
2026-05-27 12:37:11.757183,0.4000000000083682,0.0800000000002092,0.8000000000010459,0.5000000000037971,3.283028752568064
2026-05-27 12:37:12.757183,0.4000000000083682,0.0800000000002092,0.8000000000010459,0.5000000000037971,3.283028752568064
2026-05-27 12:37:13.757183,0.4000000000083682,0.0800000000002092,0.8000000000010459,0.5000000000037971,3.283028752568064
2026-05-27 12:37:14.757183,0.4000000000083682,0.0800000000002092,0.8000000000010459,0.5000000000037971,3.283028752568064
2026-05-27 12:37:15.757183,0.40000000000251046,0.08000000000006276,0.8000000000003137,0.5000000000011391,3.4234410135896316
2026-05-27 12:37:16.757183,0.40000000000251046,0.08000000000006276,0.8000000000003137,0.5000000000011391,3.4234410135896316
2026-05-27 12:37:17.757183,0.40000000000251046,0.08000000000006276,0.8000000000003137,0.5000000000011391,3.4234410135896316
2026-05-27 12:37:18.757183,0.40000000000251046,0.08000000000006276,0.8000000000003137,0.5000000000011391,3.4234410135896316
2026-05-27 12:37:19.758585,0.40000000000251046,0.08000000000006276,0.8000000000003137,0.5000000000011391,3.4234410135896316
2026-05-27 12:37:20.758589,0.40000000000251046,0.08000000000006276,0.8000000000003137,0.5000000000011391,3.4234410135896316
2026-05-27 12:37:21.782153,0.40000000000251046,0.08000000000006276,0.8000000000003137,0.5000000000011391,3.4234410135896316
2026-05-27 12:37:22.782153,0.40000000000251046,0.08000000000006276,0.8000000000003137,0.5000000000011391,3.4234410135896316
2026-05-27 12:37:23.782154,0.40000000000251046,0.08000000000006276,0.8000000000003137,0.5000000000011391,3.4234410135896316
2026-05-27 12:37:24.782154,0.40000000000251046,0.08000000000006276,0.8000000000003137,0.5000000000011391,3.4234410135896316
2026-05-27 12:37:25.782154,0.4000000000007531,0.08000000000001882,0.800000000000094,0.5000000000003417,3.2795919875200417
2026-05-27 12:37:26.782154,0.4000000000007531,0.08000000000001882,0.800000000000094,0.5000000000003417,3.2795919875200417
2026-05-27 12:37:27.782160,0.4000000000007531,0.08000000000001882,0.800000000000094,0.5000000000003417,3.2795919875200417
2026-05-27 12:37:28.782160,0.4000000000007531,0.08000000000001882,0.800000000000094,0.5000000000003417,3.2795919875200417
2026-05-27 12:37:29.782160,0.4000000000007531,0.08000000000001882,0.800000000000094,0.5000000000003417,3.2795919875200417
2026-05-27 12:37:30.785730,0.4000000000007531,0.08000000000001882,0.800000000000094,0.5000000000003417,3.2795919875200417
2026-05-27 12:37:31.785730,0.4000000000007531,0.08000000000001882,0.800000000000094,0.5000000000003417,3.2795919875200417
2026-05-27 12:37:32.786007,0.4000000000007531,0.08000000000001882,0.800000000000094,0.5000000000003417,3.2795919875200417
2026-05-27 12:37:33.786007,0.4000000000007531,0.08000000000001882,0.800000000000094,0.5000000000003417,3.2795919875200417
2026-05-27 12:37:34.786007,0.4000000000007531,0.08000000000001882,0.800000000000094,0.5000000000003417,3.2795919875200417
2026-05-27 12:37:35.794750,0.4000000000007531,0.08000000000001882,0.800000000000094,0.5000000000003417,3.2795919875200417
2026-05-27 12:37:36.794750,0.4000000000002259,0.08000000000000564,0.8000000000000281,0.5000000000001025,3.2450409197299077
2026-05-27 12:37:37.794750,0.4000000000002259,0.08000000000000564,0.8000000000000281,0.5000000000001025,3.2450409197299077
2026-05-27 12:37:38.794978,0.4000000000002259,0.08000000000000564,0.8000000000000281,0.5000000000001025,3.2450409197299077
2026-05-27 12:37:39.794978,0.4000000000002259,0.08000000000000564,0.8000000000000281,0.5000000000001025,3.2450409197299077
2026-05-27 12:37:40.802684,0.4000000000002259,0.08000000000000564,0.8000000000000281,0.5000000000001025,3.2450409197299077
2026-05-27 12:37:41.802684,0.4000000000002259,0.08000000000000564,0.8000000000000281,0.5000000000001025,3.2450409197299077
2026-05-27 12:37:42.802684,0.4000000000002259,0.08000000000000564,0.8000000000000281,0.5000000000001025,3.2450409197299077
2026-05-27 12:37:43.805868,0.4000000000002259,0.08000000000000564,0.8000000000000281,0.5000000000001025,3.2450409197299077
2026-05-27 12:37:44.882297,0.4000000000002259,0.08000000000000564,0.8000000000000281,0.5000000000001025,3.2450409197299077
2026-05-27 12:37:45.893649,0.4000000000002259,0.08000000000000564,0.8000000000000281,0.5000000000001025,3.2450409197299077
2026-05-27 12:37:46.893649,0.40000000000006775,0.08000000000000168,0.8000000000000084,0.5000000000000308,3.2450409197299077
2026-05-27 12:37:47.893702,0.40000000000006775,0.08000000000000168,0.8000000000000084,0.5000000000000308,3.2450409197299077
2026-05-27 12:37:48.905350,0.40000000000006775,0.08000000000000168,0.8000000000000084,0.5000000000000308,3.2450409197299077
2026-05-27 12:37:49.923793,0.40000000000006775,0.08000000000000168,0.8000000000000084,0.5000000000000308,3.2450409197299077
2026-05-27 12:37:50.923793,0.40000000000006775,0.08000000000000168,0.8000000000000084,0.5000000000000308,3.2450409197299077
2026-05-27 12:37:51.923793,0.40000000000006775,0.08000000000000168,0.8000000000000084,0.5000000000000308,3.2450409197299077
2026-05-27 12:37:52.923793,0.40000000000006775,0.08000000000000168,0.8000000000000084,0.5000000000000308,3.2450409197299077
2026-05-27 12:37:53.925233,0.40000000000006775,0.08000000000000168,0.8000000000000084,0.5000000000000308,3.2450409197299077
2026-05-27 12:37:54.925233,0.40000000000006775,0.08000000000000168,0.8000000000000084,0.5000000000000308,3.2450409197299077
2026-05-27 12:37:55.926955,0.40000000000006775,0.08000000000000168,0.8000000000000084,0.5000000000000308,3.2450409197299077
2026-05-27 12:37:56.926955,0.4000000000000203,0.0800000000000005,0.8000000000000025,0.5000000000000092,3.2450409197299077
2026-05-27 12:37:57.926955,0.4000000000000203,0.0800000000000005,0.8000000000000025,0.5000000000000092,3.2450409197299077
2026-05-27 12:37:58.926955,0.4000000000000203,0.0800000000000005,0.8000000000000025,0.5000000000000092,3.2450409197299077
2026-05-27 12:37:59.926959,0.4000000000000203,0.0800000000000005,0.8000000000000025,0.5000000000000092,3.2450409197299077
2026-05-27 12:38:00.926959,0.4000000000000203,0.0800000000000005,0.8000000000000025,0.5000000000000092,3.2450409197299077
2026-05-27 12:38:01.926959,0.4000000000000203,0.0800000000000005,0.8000000000000025,0.5000000000000092,3.2450409197299077
2026-05-27 12:38:02.928131,0.4000000000000203,0.0800000000000005,0.8000000000000025,0.5000000000000092,3.2450409197299077
2026-05-27 12:38:03.928410,0.4000000000000203,0.0800000000000005,0.8000000000000025,0.5000000000000092,3.2450409197299077
2026-05-27 12:38:04.928410,0.4000000000000203,0.0800000000000005,0.8000000000000025,0.5000000000000092,3.2450409197299077
2026-05-27 12:38:05.928413,0.4000000000000203,0.0800000000000005,0.8000000000000025,0.5000000000000092,3.2450409197299077
2026-05-27 12:38:06.928421,0.4000000000000203,0.0800000000000005,0.8000000000000025,0.5000000000000092,3.2450409197299077
2026-05-27 12:38:07.928421,0.400000000000006,0.08000000000000014,0.8000000000000007,0.5000000000000028,3.2450409197299077
2026-05-27 12:38:08.928421,0.400000000000006,0.08000000000000014,0.8000000000000007,0.5000000000000028,3.2450409197299077
2026-05-27 12:38:09.928421,0.400000000000006,0.08000000000000014,0.8000000000000007,0.5000000000000028,3.2450409197299077
2026-05-27 12:38:10.930010,0.400000000000006,0.08000000000000014,0.8000000000000007,0.5000000000000028,3.2450409197299077
2026-05-27 12:38:11.930039,0.400000000000006,0.08000000000000014,0.8000000000000007,0.5000000000000028,3.2450409197299077
2026-05-27 12:38:12.930039,0.400000000000006,0.08000000000000014,0.8000000000000007,0.5000000000000028,3.2450409197299077
2026-05-27 12:38:13.930039,0.400000000000006,0.08000000000000014,0.8000000000000007,0.5000000000000028,3.2450409197299077
2026-05-27 12:38:14.930039,0.400000000000006,0.08000000000000014,0.8000000000000007,0.5000000000000028,3.2450409197299077
2026-05-27 12:38:15.930039,0.400000000000006,0.08000000000000014,0.8000000000000007,0.5000000000000028,3.2450409197299077
2026-05-27 12:38:16.930154,0.400000000000006,0.08000000000000014,0.8000000000000007,0.5000000000000028,3.2450409197299077
2026-05-27 12:38:17.935074,0.400000000000006,0.08000000000000014,0.8000000000000007,0.5000000000000028,3.2450409197299077
2026-05-27 12:38:18.938538,0.4000000000000018,0.08000000000000004,0.8000000000000002,0.5000000000000008,3.2450409197299077
2026-05-27 12:38:19.938538,0.4000000000000018,0.08000000000000004,0.8000000000000002,0.5000000000000008,3.2450409197299077
2026-05-27 12:38:20.947096,0.4000000000000018,0.08000000000000004,0.8000000000000002,0.5000000000000008,3.2450409197299077
2026-05-27 12:38:21.947096,0.4000000000000018,0.08000000000000004,0.8000000000000002,0.5000000000000008,3.2450409197299077
2026-05-27 12:38:22.947096,0.4000000000000018,0.08000000000000004,0.8000000000000002,0.5000000000000008,3.2450409197299077
2026-05-27 12:38:23.947110,0.4000000000000018,0.08000000000000004,0.8000000000000002,0.5000000000000008,3.2450409197299077
2026-05-27 12:38:24.947120,0.4000000000000018,0.08000000000000004,0.8000000000000002,0.5000000000000008,3.2450409197299077
2026-05-27 12:38:25.949831,0.4000000000000018,0.08000000000000004,0.8000000000000002,0.5000000000000008,3.2450409197299077
2026-05-27 12:38:26.950129,0.4000000000000018,0.08000000000000004,0.8000000000000002,0.5000000000000008,3.2450409197299077
2026-05-27 12:38:27.950129,0.4000000000000018,0.08000000000000004,0.8000000000000002,0.5000000000000008,3.2450409197299077
2026-05-27 12:38:28.950129,0.4000000000000005,0.08,0.8,0.5000000000000002,3.2450409197299077
2026-05-27 12:38:29.950512,0.4000000000000005,0.08,0.8,0.5000000000000002,3.2450409197299077
2026-05-27 12:38:30.951354,0.4000000000000005,0.08,0.8,0.5000000000000002,3.2450409197299077
2026-05-27 12:38:31.951354,0.4000000000000005,0.08,0.8,0.5000000000000002,3.2450409197299077
2026-05-27 12:38:32.953440,0.4000000000000005,0.08,0.8,0.5000000000000002,3.2450409197299077
2026-05-27 12:38:33.953440,0.4000000000000005,0.08,0.8,0.5000000000000002,3.2450409197299077
2026-05-27 12:38:34.979448,0.4000000000000005,0.08,0.8,0.5000000000000002,3.2450409197299077
2026-05-27 12:38:35.992589,0.4000000000000005,0.08,0.8,0.5000000000000002,3.2450409197299077
2026-05-27 12:38:36.992589,0.4000000000000005,0.08,0.8,0.5000000000000002,3.2450409197299077
2026-05-27 12:38:37.993042,0.4000000000000005,0.08,0.8,0.5000000000000002,3.2450409197299077
2026-05-27 12:38:38.998727,0.40000000000000013,0.07999999999999999,0.7999999999999999,0.5,3.2450409197299077
2026-05-27 12:38:40.009257,0.40000000000000013,0.07999999999999999,0.7999999999999999,0.5,3.2450409197299077
2026-05-27 12:38:41.009433,0.40000000000000013,0.07999999999999999,0.7999999999999999,0.5,3.2450409197299077
2026-05-27 12:38:42.009433,0.40000000000000013,0.07999999999999999,0.7999999999999999,0.5,3.2450409197299077
2026-05-27 12:38:43.009791,0.40000000000000013,0.07999999999999999,0.7999999999999999,0.5,3.2450409197299077
2026-05-27 12:38:44.031480,0.40000000000000013,0.07999999999999999,0.7999999999999999,0.5,3.2450409197299077
2026-05-27 12:38:45.031480,0.40000000000000013,0.07999999999999999,0.7999999999999999,0.5,3.2450409197299077
2026-05-27 12:38:46.032248,0.40000000000000013,0.07999999999999999,0.7999999999999999,0.5,3.2450409197299077
2026-05-27 12:38:47.032248,0.40000000000000013,0.07999999999999999,0.7999999999999999,0.5,3.2450409197299077
2026-05-27 12:38:48.032248,0.40000000000000013,0.07999999999999999,0.7999999999999999,0.5,3.2450409197299077
2026-05-27 12:38:49.032839,0.4,0.07999999999999999,0.7999999999999999,0.5,3.2450409197299077
2026-05-27 12:38:50.032839,0.4,0.07999999999999999,0.7999999999999999,0.5,3.2450409197299077
2026-05-27 12:38:51.033183,0.4,0.07999999999999999,0.7999999999999999,0.5,3.2450409197299077
2026-05-27 12:38:52.033678,0.4,0.07999999999999999,0.7999999999999999,0.5,3.2450409197299077
2026-05-27 12:38:53.035462,0.4,0.07999999999999999,0.7999999999999999,0.5,3.2450409197299077
2026-05-27 12:38:54.035535,0.4,0.07999999999999999,0.7999999999999999,0.5,3.2450409197299077
2026-05-27 12:38:55.035535,0.4,0.07999999999999999,0.7999999999999999,0.5,3.2450409197299077
2026-05-27 12:38:56.035535,0.4,0.07999999999999999,0.7999999999999999,0.5,3.2450409197299077
2026-05-27 12:38:57.035535,0.4,0.07999999999999999,0.7999999999999999,0.5,3.2450409197299077
2026-05-27 12:38:58.035557,0.4,0.07999999999999999,0.7999999999999999,0.5,3.2450409197299077
2026-05-27 12:38:59.036241,0.4,0.07999999999999999,0.7999999999999999,0.5,3.2450409197299077
2026-05-27 12:39:00.036241,0.39999999999999997,0.07999999999999999,0.7999999999999999,0.5,3.2450409197299077
2026-05-27 12:39:01.050786,0.39999999999999997,0.07999999999999999,0.7999999999999999,0.5,3.2450409197299077
2026-05-27 12:39:02.050786,0.39999999999999997,0.07999999999999999,0.7999999999999999,0.5,3.2450409197299077
2026-05-27 12:39:03.050786,0.39999999999999997,0.07999999999999999,0.7999999999999999,0.5,3.2450409197299077
2026-05-27 12:39:04.052895,0.39999999999999997,0.07999999999999999,0.7999999999999999,0.5,3.2450409197299077
2026-05-27 12:39:05.055565,0.39999999999999997,0.07999999999999999,0.7999999999999999,0.5,3.2450409197299077
2026-05-27 12:39:06.064730,0.39999999999999997,0.07999999999999999,0.7999999999999999,0.5,3.2450409197299077
2026-05-27 12:39:07.136471,0.39999999999999997,0.07999999999999999,0.7999999999999999,0.5,3.2450409197299077
2026-05-27 12:39:08.136471,0.39999999999999997,0.07999999999999999,0.7999999999999999,0.5,3.2450409197299077
2026-05-27 12:39:09.136471,0.39999999999999997,0.07999999999999999,0.7999999999999999,0.5,3.2450409197299077
2026-05-27 12:39:10.136471,0.39999999999999997,0.07999999999999999,0.7999999999999999,0.5,3.2450409197299077
2026-05-27 12:39:11.136500,0.39999999999999997,0.07999999999999999,0.7999999999999999,0.5,3.2450409197299077
2026-05-27 12:39:12.136500,0.39999999999999997,0.07999999999999999,0.7999999999999999,0.5,3.2450409197299077
2026-05-27 12:39:13.147310,0.39999999999999997,0.07999999999999999,0.7999999999999999,0.5,3.2450409197299077
2026-05-27 12:39:14.147353,0.39999999999999997,0.07999999999999999,0.7999999999999999,0.5,3.2450409197299077
2026-05-27 12:39:15.147353,0.39999999999999997,0.07999999999999999,0.7999999999999999,0.5,3.2450409197299077
2026-05-27 12:39:16.155963,0.39999999999999997,0.07999999999999999,0.7999999999999999,0.5,3.2450409197299077
2026-05-27 12:39:17.155963,0.39999999999999997,0.07999999999999999,0.7999999999999999,0.5,3.2450409197299077
2026-05-27 12:39:18.161027,0.39999999999999997,0.07999999999999999,0.7999999999999999,0.5,3.2450409197299077
2026-05-27 12:39:19.161031,0.39999999999999997,0.07999999999999999,0.7999999999999999,0.5,3.2450409197299077
2026-05-27 12:39:20.164632,0.39999999999999997,0.07999999999999999,0.7999999999999999,0.5,3.2450409197299077
2026-05-27 12:39:21.164643,0.39999999999999997,0.07999999999999999,0.7999999999999999,0.5,3.2450409197299077
2026-05-27 12:39:22.164645,0.39999999999999997,0.07999999999999999,0.7999999999999999,0.5,3.2450409197299077
2026-05-27 12:39:23.164645,0.39999999999999997,0.07999999999999999,0.7999999999999999,0.5,3.2450409197299077
2026-05-27 12:39:24.164645,0.39999999999999997,0.07999999999999999,0.7999999999999999,0.5,3.2450409197299077
2026-05-27 12:39:25.176897,0.39999999999999997,0.07999999999999999,0.7999999999999999,0.5,3.2450409197299077
2026-05-27 12:39:26.176897,0.39999999999999997,0.07999999999999999,0.7999999999999999,0.5,3.2450409197299077
2026-05-27 12:39:27.177114,0.39999999999999997,0.07999999999999999,0.7999999999999999,0.5,3.2450409197299077
2026-05-27 12:39:28.177247,0.39999999999999997,0.07999999999999999,0.7999999999999999,0.5,3.2450409197299077
2026-05-27 12:39:29.177247,0.39999999999999997,0.07999999999999999,0.7999999999999999,0.5,3.2450409197299077
2026-05-27 12:39:30.177247,0.39999999999999997,0.07999999999999999,0.7999999999999999,0.5,3.2450409197299077
2026-05-27 12:39:31.177247,0.39999999999999997,0.07999999999999999,0.7999999999999999,0.5,3.2450409197299077
2026-05-27 12:39:32.177247,0.39999999999999997,0.07999999999999999,0.7999999999999999,0.5,3.2450409197299077
2026-05-27 12:39:33.177247,0.39999999999999997,0.07999999999999999,0.7999999999999999,0.5,3.2450409197299077
2026-05-27 12:39:34.177247,0.39999999999999997,0.07999999999999999,0.7999999999999999,0.5,3.2450409197299077
2026-05-27 12:39:35.177331,0.39999999999999997,0.07999999999999999,0.7999999999999999,0.5,3.2450409197299077
2026-05-27 12:39:36.177361,0.39999999999999997,0.07999999999999999,0.7999999999999999,0.5,3.2450409197299077
2026-05-27 12:39:37.177361,0.39999999999999997,0.07999999999999999,0.7999999999999999,0.5,3.2450409197299077
2026-05-27 12:39:38.177361,0.39999999999999997,0.07999999999999999,0.7999999999999999,0.5,3.2450409197299077
2026-05-27 12:39:39.179547,0.39999999999999997,0.07999999999999999,0.7999999999999999,0.5,3.2450409197299077
2026-05-27 12:39:40.179547,0.39999999999999997,0.07999999999999999,0.7999999999999999,0.5,3.2450409197299077
2026-05-27 12:39:41.179559,0.39999999999999997,0.07999999999999999,0.7999999999999999,0.5,3.3244587440680786
2026-05-27 12:39:42.179917,0.39999999999999997,0.07999999999999999,0.7999999999999999,0.5,3.3244587440680786
2026-05-27 12:39:43.186061,0.39999999999999997,0.07999999999999999,0.7999999999999999,0.5,3.3244587440680786
2026-05-27 12:39:44.186288,0.39999999999999997,0.07999999999999999,0.7999999999999999,0.5,3.3244587440680786
2026-05-27 12:39:45.186288,0.39999999999999997,0.07999999999999999,0.7999999999999999,0.5,3.3244587440680786
2026-05-27 12:39:46.186788,0.39999999999999997,0.07999999999999999,0.7999999999999999,0.5,3.3244587440680786
2026-05-27 12:39:47.197781,0.39999999999999997,0.07999999999999999,0.7999999999999999,0.5,3.3244587440680786
2026-05-27 12:39:48.197806,0.39999999999999997,0.07999999999999999,0.7999999999999999,0.5,3.3244587440680786
2026-05-27 12:39:49.197814,0.39999999999999997,0.07999999999999999,0.7999999999999999,0.5,3.3244587440680786
2026-05-27 12:39:50.197853,0.39999999999999997,0.07999999999999999,0.7999999999999999,0.5,3.3244587440680786
2026-05-27 12:39:51.199991,0.39999999999999997,0.07999999999999999,0.7999999999999999,0.5,3.220685036804756
2026-05-27 12:39:52.199991,0.39999999999999997,0.07999999999999999,0.7999999999999999,0.5,3.220685036804756
2026-05-27 12:39:53.233784,0.39999999999999997,0.07999999999999999,0.7999999999999999,0.5,3.220685036804756
2026-05-27 12:39:54.233791,0.39999999999999997,0.07999999999999999,0.7999999999999999,0.5,3.220685036804756
2026-05-27 12:39:55.233791,0.39999999999999997,0.07999999999999999,0.7999999999999999,0.5,3.220685036804756
2026-05-27 12:39:56.233791,0.39999999999999997,0.07999999999999999,0.7999999999999999,0.5,3.220685036804756
2026-05-27 12:39:57.233791,0.39999999999999997,0.07999999999999999,0.7999999999999999,0.5,3.220685036804756
2026-05-27 12:39:58.233792,0.39999999999999997,0.07999999999999999,0.7999999999999999,0.5,3.220685036804756
2026-05-27 12:39:59.263173,0.39999999999999997,0.07999999999999999,0.7999999999999999,0.5,3.220685036804756
2026-05-27 12:40:00.264168,0.39999999999999997,0.07999999999999999,0.7999999999999999,0.5,3.220685036804756
2026-05-27 12:40:01.264168,0.39999999999999997,0.07999999999999999,0.7999999999999999,0.5,3.220685036804756
2026-05-27 12:40:02.266411,0.39999999999999997,0.07999999999999999,0.7999999999999999,0.5,3.2086220963457337
2026-05-27 12:40:03.312449,0.39999999999999997,0.07999999999999999,0.7999999999999999,0.5,3.2086220963457337
2026-05-27 12:40:04.312449,0.39999999999999997,0.07999999999999999,0.7999999999999999,0.5,3.2086220963457337
2026-05-27 12:40:05.332236,0.39999999999999997,0.07999999999999999,0.7999999999999999,0.5,3.2086220963457337
2026-05-27 12:40:06.388267,0.39999999999999997,0.07999999999999999,0.7999999999999999,0.5,3.2086220963457337
2026-05-27 12:40:07.389989,0.39999999999999997,0.07999999999999999,0.7999999999999999,0.5,3.2086220963457337
2026-05-27 12:40:08.389989,0.39999999999999997,0.07999999999999999,0.7999999999999999,0.5,3.2086220963457337
2026-05-27 12:40:09.389989,0.39999999999999997,0.07999999999999999,0.7999999999999999,0.5,3.2086220963457337
2026-05-27 12:40:10.390482,0.39999999999999997,0.07999999999999999,0.7999999999999999,0.5,3.2086220963457337
2026-05-27 12:40:11.390482,0.39999999999999997,0.07999999999999999,0.7999999999999999,0.5,3.2086220963457337
2026-05-27 12:40:12.390526,0.39999999999999997,0.07999999999999999,0.7999999999999999,0.5,3.2086220963457337
2026-05-27 12:40:13.390526,0.39999999999999997,0.07999999999999999,0.7999999999999999,0.5,3.2086220963457337
2026-05-27 12:40:14.390620,0.39999999999999997,0.07999999999999999,0.7999999999999999,0.5,3.2086220963457337
2026-05-27 12:40:15.390620,0.39999999999999997,0.07999999999999999,0.7999999999999999,0.5,3.2086220963457337
2026-05-27 12:40:16.390646,0.39999999999999997,0.07999999999999999,0.7999999999999999,0.5,3.2086220963457337
2026-05-27 12:40:17.394118,0.39999999999999997,0.07999999999999999,0.7999999999999999,0.5,3.2086220963457337
2026-05-27 12:40:18.394118,0.39999999999999997,0.07999999999999999,0.7999999999999999,0.5,3.2086220963457337
2026-05-27 12:40:19.394463,0.39999999999999997,0.07999999999999999,0.7999999999999999,0.5,3.2086220963457337
2026-05-27 12:40:20.394463,0.39999999999999997,0.07999999999999999,0.7999999999999999,0.5,3.2086220963457337
2026-05-27 12:40:21.406708,0.39999999999999997,0.07999999999999999,0.7999999999999999,0.5,3.2086220963457337
2026-05-27 12:40:22.406720,0.39999999999999997,0.07999999999999999,0.7999999999999999,0.5,3.2086220963457337
2026-05-27 12:40:23.417701,0.39999999999999997,0.07999999999999999,0.7999999999999999,0.5,3.2086220963457337
2026-05-27 12:40:24.417714,0.39999999999999997,0.07999999999999999,0.7999999999999999,0.5,3.2086220963457337
2026-05-27 12:40:25.427493,0.39999999999999997,0.07999999999999999,0.7999999999999999,0.5,3.2086220963457337
2026-05-27 12:40:26.439946,0.39999999999999997,0.07999999999999999,0.7999999999999999,0.5,3.2086220963457337
2026-05-27 12:40:27.439946,0.39999999999999997,0.07999999999999999,0.7999999999999999,0.5,3.2086220963457337
2026-05-27 12:40:28.439949,0.39999999999999997,0.07999999999999999,0.7999999999999999,0.5,3.2086220963457337
2026-05-27 12:40:29.497146,0.39999999999999997,0.07999999999999999,0.7999999999999999,0.5,3.2086220963457337
2026-05-27 12:40:30.497146,0.39999999999999997,0.07999999999999999,0.7999999999999999,0.5,3.2086220963457337
2026-05-27 12:40:31.498999,0.39999999999999997,0.07999999999999999,0.7999999999999999,0.5,3.2086220963457337
2026-05-27 12:40:32.513930,0.39999999999999997,0.07999999999999999,0.7999999999999999,0.5,3.2086220963457337
2026-05-27 12:40:33.513930,0.39999999999999997,0.07999999999999999,0.7999999999999999,0.5,3.2086220963457337
2026-05-27 12:40:34.513987,0.39999999999999997,0.07999999999999999,0.7999999999999999,0.5,3.2086220963457337
2026-05-27 12:40:35.514881,0.39999999999999997,0.07999999999999999,0.7999999999999999,0.5,3.2086220963457337
2026-05-27 12:40:36.534222,0.39999999999999997,0.07999999999999999,0.7999999999999999,0.5,3.2086220963457337
2026-05-27 12:40:37.538419,0.39999999999999997,0.07999999999999999,0.7999999999999999,0.5,3.2086220963457337
2026-05-27 12:40:38.538419,0.39999999999999997,0.07999999999999999,0.7999999999999999,0.5,3.2086220963457337
2026-05-27 12:40:39.538419,0.39999999999999997,0.07999999999999999,0.7999999999999999,0.5,3.2086220963457337
2026-05-27 12:40:40.538419,0.39999999999999997,0.07999999999999999,0.7999999999999999,0.5,3.2086220963457337
2026-05-27 12:40:41.538419,0.39999999999999997,0.07999999999999999,0.7999999999999999,0.5,3.2086220963457337
2026-05-27 12:40:42.583304,0.39999999999999997,0.07999999999999999,0.7999999999999999,0.5,3.2086220963457337
2026-05-27 12:40:43.584889,0.39999999999999997,0.07999999999999999,0.7999999999999999,0.5,3.2086220963457337
2026-05-27 12:40:44.584889,0.39999999999999997,0.07999999999999999,0.7999999999999999,0.5,3.2086220963457337
2026-05-27 12:40:45.597644,0.39999999999999997,0.07999999999999999,0.7999999999999999,0.5,3.2086220963457337
2026-05-27 12:40:46.597644,0.39999999999999997,0.07999999999999999,0.7999999999999999,0.5,3.2086220963457337
2026-05-27 12:40:47.597664,0.39999999999999997,0.07999999999999999,0.7999999999999999,0.5,3.2086220963457337
2026-05-27 12:40:48.597664,0.39999999999999997,0.07999999999999999,0.7999999999999999,0.5,3.2086220963457337
2026-05-27 12:40:49.597664,0.39999999999999997,0.07999999999999999,0.7999999999999999,0.5,3.2086220963457337
2026-05-27 12:40:50.597664,0.39999999999999997,0.07999999999999999,0.7999999999999999,0.5,3.2086220963457337
2026-05-27 12:40:51.597703,0.39999999999999997,0.07999999999999999,0.7999999999999999,0.5,3.2086220963457337
2026-05-27 12:40:52.597703,0.39999999999999997,0.07999999999999999,0.7999999999999999,0.5,3.2086220963457337
2026-05-27 12:40:53.597703,0.39999999999999997,0.07999999999999999,0.7999999999999999,0.5,3.2086220963457337
2026-05-27 12:40:54.597730,0.39999999999999997,0.07999999999999999,0.7999999999999999,0.5,3.2086220963457337
2026-05-27 12:40:55.597730,0.39999999999999997,0.07999999999999999,0.7999999999999999,0.5,3.2086220963457337
2026-05-27 12:40:56.597730,0.39999999999999997,0.07999999999999999,0.7999999999999999,0.5,3.2086220963457337
2026-05-27 12:40:57.597845,0.39999999999999997,0.07999999999999999,0.7999999999999999,0.5,3.2086220963457337
2026-05-27 12:40:58.600779,0.39999999999999997,0.07999999999999999,0.7999999999999999,0.5,3.2086220963457337
2026-05-27 12:40:59.600779,0.39999999999999997,0.07999999999999999,0.7999999999999999,0.5,3.2086220963457337
2026-05-27 12:41:00.600779,0.39999999999999997,0.07999999999999999,0.7999999999999999,0.5,3.2086220963457337
2026-05-27 12:41:01.600790,0.39999999999999997,0.07999999999999999,0.7999999999999999,0.5,3.2086220963457337
2026-05-27 12:41:02.618972,0.39999999999999997,0.07999999999999999,0.7999999999999999,0.5,3.2086220963457337
2026-05-27 12:41:03.618972,0.39999999999999997,0.07999999999999999,0.7999999999999999,0.5,3.2086220963457337
2026-05-27 12:41:04.618972,0.39999999999999997,0.07999999999999999,0.7999999999999999,0.5,3.2086220963457337
2026-05-27 12:41:05.618972,0.39999999999999997,0.07999999999999999,0.7999999999999999,0.5,3.2086220963457337
2026-05-27 12:41:06.626442,0.39999999999999997,0.07999999999999999,0.7999999999999999,0.5,3.2086220963457337
2026-05-27 12:41:07.626442,0.39999999999999997,0.07999999999999999,0.7999999999999999,0.5,3.2086220963457337
2026-05-27 12:41:08.626466,0.39999999999999997,0.07999999999999999,0.7999999999999999,0.5,3.2086220963457337
2026-05-27 12:41:09.626466,0.39999999999999997,0.07999999999999999,0.7999999999999999,0.5,3.2086220963457337
2026-05-27 12:41:10.626469,0.39999999999999997,0.07999999999999999,0.7999999999999999,0.5,3.2086220963457337
2026-05-27 12:41:11.626469,0.39999999999999997,0.07999999999999999,0.7999999999999999,0.5,3.2086220963457337
2026-05-27 12:41:12.626469,0.39999999999999997,0.07999999999999999,0.7999999999999999,0.5,3.2086220963457337
2026-05-27 12:41:13.626469,0.39999999999999997,0.07999999999999999,0.7999999999999999,0.5,3.2086220963457337
2026-05-27 12:41:14.639966,0.39999999999999997,0.07999999999999999,0.7999999999999999,0.5,3.2086220963457337
2026-05-27 12:41:15.640436,0.39999999999999997,0.07999999999999999,0.7999999999999999,0.5,3.2086220963457337
2026-05-27 12:41:16.640436,0.39999999999999997,0.07999999999999999,0.7999999999999999,0.5,3.2086220963457337
2026-05-27 12:41:17.640436,0.39999999999999997,0.07999999999999999,0.7999999999999999,0.5,3.2086220963457337
2026-05-27 12:41:18.640444,0.39999999999999997,0.07999999999999999,0.7999999999999999,0.5,3.2086220963457337
2026-05-27 12:41:19.640444,0.39999999999999997,0.07999999999999999,0.7999999999999999,0.5,3.2086220963457337
2026-05-27 12:41:20.640444,0.39999999999999997,0.07999999999999999,0.7999999999999999,0.5,3.2086220963457337
2026-05-27 12:41:21.640444,0.39999999999999997,0.07999999999999999,0.7999999999999999,0.5,3.2086220963457337
2026-05-27 12:41:22.641996,0.39999999999999997,0.07999999999999999,0.7999999999999999,0.5,3.2086220963457337
2026-05-27 12:41:23.641996,0.39999999999999997,0.07999999999999999,0.7999999999999999,0.5,3.8195371740353865
2026-05-27 12:41:24.641999,0.39999999999999997,0.07999999999999999,0.7999999999999999,0.5,3.8195371740353865
2026-05-27 12:41:25.641999,0.39999999999999997,0.07999999999999999,0.7999999999999999,0.5,3.8195371740353865
2026-05-27 12:41:26.644813,0.39999999999999997,0.07999999999999999,0.7999999999999999,0.5,3.8195371740353865
2026-05-27 12:41:27.644813,0.39999999999999997,0.07999999999999999,0.7999999999999999,0.5,3.8195371740353865
2026-05-27 12:41:28.645174,0.39999999999999997,0.07999999999999999,0.7999999999999999,0.5,3.8195371740353865
2026-05-27 12:41:29.646970,0.39999999999999997,0.07999999999999999,0.7999999999999999,0.5,3.8195371740353865
2026-05-27 12:41:30.646970,0.39999999999999997,0.07999999999999999,0.7999999999999999,0.5,3.8195371740353865
2026-05-27 12:41:31.647949,0.39999999999999997,0.07999999999999999,0.7999999999999999,0.5,3.8195371740353865
2026-05-27 12:41:32.669996,0.39999999999999997,0.07999999999999999,0.7999999999999999,0.5,3.8195371740353865
2026-05-27 12:41:33.669996,0.39999999999999997,0.07999999999999999,0.7999999999999999,0.5,3.571596881223037
2026-05-27 12:41:34.670006,0.39999999999999997,0.07999999999999999,0.7999999999999999,0.5,3.571596881223037
2026-05-27 12:41:35.675140,0.39999999999999997,0.07999999999999999,0.7999999999999999,0.5,3.571596881223037
2026-05-27 12:41:36.676651,0.39999999999999997,0.07999999999999999,0.7999999999999999,0.5,3.571596881223037
2026-05-27 12:41:37.676651,0.39999999999999997,0.07999999999999999,0.7999999999999999,0.5,3.571596881223037
2026-05-27 12:41:38.676651,0.39999999999999997,0.07999999999999999,0.7999999999999999,0.5,3.571596881223037
2026-05-27 12:41:39.676651,0.39999999999999997,0.07999999999999999,0.7999999999999999,0.5,3.571596881223037
2026-05-27 12:41:40.676651,0.39999999999999997,0.07999999999999999,0.7999999999999999,0.5,3.571596881223037
2026-05-27 12:41:41.676651,0.39999999999999997,0.07999999999999999,0.7999999999999999,0.5,3.571596881223037
2026-05-27 12:41:42.676651,0.39999999999999997,0.07999999999999999,0.7999999999999999,0.5,3.571596881223037
2026-05-27 12:41:43.676651,0.39999999999999997,0.07999999999999999,0.7999999999999999,0.5,3.571596881223037
2026-05-27 12:41:44.676715,0.39999999999999997,0.07999999999999999,0.7999999999999999,0.5,3.571596881223037
2026-05-27 12:41:45.676734,0.39999999999999997,0.07999999999999999,0.7999999999999999,0.5,3.571596881223037
2026-05-27 12:41:46.688334,0.39999999999999997,0.07999999999999999,0.7999999999999999,0.5,3.571596881223037
2026-05-27 12:41:47.688713,0.39999999999999997,0.07999999999999999,0.7999999999999999,0.5,3.571596881223037
2026-05-27 12:41:48.701136,0.39999999999999997,0.07999999999999999,0.7999999999999999,0.5,3.571596881223037
2026-05-27 12:41:49.701136,0.39999999999999997,0.07999999999999999,0.7999999999999999,0.5,3.571596881223037
2026-05-27 12:41:50.701136,0.39999999999999997,0.07999999999999999,0.7999999999999999,0.5,3.571596881223037
2026-05-27 12:41:51.701145,0.39999999999999997,0.07999999999999999,0.7999999999999999,0.5,3.571596881223037
2026-05-27 12:41:52.711284,0.39999999999999997,0.07999999999999999,0.7999999999999999,0.5,3.571596881223037
2026-05-27 12:41:53.711284,0.39999999999999997,0.07999999999999999,0.7999999999999999,0.5,3.571596881223037
2026-05-27 12:41:54.711284,0.39999999999999997,0.07999999999999999,0.7999999999999999,0.5,3.571596881223037
2026-05-27 12:41:55.711284,0.39999999999999997,0.07999999999999999,0.7999999999999999,0.5,3.571596881223037
2026-05-27 12:41:56.711284,0.39999999999999997,0.07999999999999999,0.7999999999999999,0.5,3.571596881223037
2026-05-27 12:41:57.711375,0.39999999999999997,0.07999999999999999,0.7999999999999999,0.5,3.571596881223037
2026-05-27 12:41:58.742114,0.39999999999999997,0.07999999999999999,0.7999999999999999,0.5,3.571596881223037
2026-05-27 12:41:59.751169,0.39999999999999997,0.07999999999999999,0.7999999999999999,0.5,3.571596881223037
2026-05-27 12:42:00.751204,0.39999999999999997,0.07999999999999999,0.7999999999999999,0.5,3.571596881223037
2026-05-27 12:42:01.769091,0.39999999999999997,0.07999999999999999,0.7999999999999999,0.5,3.571596881223037
2026-05-27 12:42:02.769091,0.39999999999999997,0.07999999999999999,0.7999999999999999,0.5,3.571596881223037
2026-05-27 12:42:03.769168,0.39999999999999997,0.07999999999999999,0.7999999999999999,0.5,3.571596881223037
2026-05-27 12:42:04.769169,0.39999999999999997,0.07999999999999999,0.7999999999999999,0.5,3.571596881223037
2026-05-27 12:42:05.769169,0.39999999999999997,0.07999999999999999,0.7999999999999999,0.5,3.571596881223037
2026-05-27 12:42:06.769169,0.39999999999999997,0.07999999999999999,0.7999999999999999,0.5,3.571596881223037
2026-05-27 12:42:07.769169,0.39999999999999997,0.07999999999999999,0.7999999999999999,0.5,3.571596881223037
2026-05-27 12:42:08.770087,0.39999999999999997,0.07999999999999999,0.7999999999999999,0.5,3.571596881223037
2026-05-27 12:42:09.775445,0.39999999999999997,0.07999999999999999,0.7999999999999999,0.5,3.571596881223037
2026-05-27 12:42:10.775445,0.39999999999999997,0.07999999999999999,0.7999999999999999,0.5,3.571596881223037
2026-05-27 12:42:11.775445,0.39999999999999997,0.07999999999999999,0.7999999999999999,0.5,3.571596881223037
2026-05-27 12:42:12.775445,0.39999999999999997,0.07999999999999999,0.7999999999999999,0.5,3.571596881223037
2026-05-27 12:42:13.775445,0.39999999999999997,0.07999999999999999,0.7999999999999999,0.5,3.571596881223037
2026-05-27 12:42:14.775445,0.39999999999999997,0.07999999999999999,0.7999999999999999,0.5,3.571596881223037
2026-05-27 12:42:15.775445,0.39999999999999997,0.07999999999999999,0.7999999999999999,0.5,3.571596881223037
2026-05-27 12:42:16.775445,0.39999999999999997,0.07999999999999999,0.7999999999999999,0.5,3.571596881223037
2026-05-27 12:42:17.775445,0.39999999999999997,0.07999999999999999,0.7999999999999999,0.5,3.571596881223037
2026-05-27 12:42:18.778501,0.39999999999999997,0.07999999999999999,0.7999999999999999,0.5,3.571596881223037
2026-05-27 12:42:19.778504,0.39999999999999997,0.07999999999999999,0.7999999999999999,0.5,3.571596881223037
2026-05-27 12:42:20.778504,0.39999999999999997,0.07999999999999999,0.7999999999999999,0.5,3.571596881223037
2026-05-27 12:42:21.778504,0.39999999999999997,0.07999999999999999,0.7999999999999999,0.5,3.571596881223037
2026-05-27 12:42:22.778504,0.39999999999999997,0.07999999999999999,0.7999999999999999,0.5,3.571596881223037
2026-05-27 12:42:23.778504,0.39999999999999997,0.07999999999999999,0.7999999999999999,0.5,3.571596881223037
2026-05-27 12:42:24.778519,0.39999999999999997,0.07999999999999999,0.7999999999999999,0.5,3.571596881223037
2026-05-27 12:42:25.778520,0.39999999999999997,0.07999999999999999,0.7999999999999999,0.5,3.571596881223037
2026-05-27 12:42:26.778520,0.39999999999999997,0.07999999999999999,0.7999999999999999,0.5,3.571596881223037
2026-05-27 12:42:27.778581,0.39999999999999997,0.07999999999999999,0.7999999999999999,0.5,3.571596881223037
2026-05-27 12:42:28.778581,0.39999999999999997,0.07999999999999999,0.7999999999999999,0.5,3.571596881223037
2026-05-27 12:42:29.788263,0.39999999999999997,0.07999999999999999,0.7999999999999999,0.5,3.571596881223037
2026-05-27 12:42:30.788264,0.39999999999999997,0.07999999999999999,0.7999999999999999,0.5,3.571596881223037
2026-05-27 12:42:31.788264,0.39999999999999997,0.07999999999999999,0.7999999999999999,0.5,3.571596881223037
2026-05-27 12:42:32.790257,0.39999999999999997,0.07999999999999999,0.7999999999999999,0.5,3.571596881223037
2026-05-27 12:42:33.790257,0.39999999999999997,0.07999999999999999,0.7999999999999999,0.5,3.571596881223037
2026-05-27 12:42:34.790257,0.39999999999999997,0.07999999999999999,0.7999999999999999,0.5,3.571596881223037
2026-05-27 12:42:35.790257,0.39999999999999997,0.07999999999999999,0.7999999999999999,0.5,3.571596881223037
2026-05-27 12:42:36.790257,0.39999999999999997,0.07999999999999999,0.7999999999999999,0.5,3.571596881223037
2026-05-27 12:42:37.790257,0.39999999999999997,0.07999999999999999,0.7999999999999999,0.5,3.571596881223037
2026-05-27 12:42:38.790257,0.39999999999999997,0.07999999999999999,0.7999999999999999,0.5,3.571596881223037
2026-05-27 12:42:39.790257,0.39999999999999997,0.07999999999999999,0.7999999999999999,0.5,3.571596881223037
2026-05-27 12:42:40.790257,0.39999999999999997,0.07999999999999999,0.7999999999999999,0.5,3.571596881223037
2026-05-27 12:42:41.790257,0.39999999999999997,0.07999999999999999,0.7999999999999999,0.5,3.571596881223037
2026-05-27 12:42:42.790257,0.39999999999999997,0.07999999999999999,0.7999999999999999,0.5,3.571596881223037
2026-05-27 12:42:43.790257,0.39999999999999997,0.07999999999999999,0.7999999999999999,0.5,3.571596881223037
2026-05-27 12:42:44.790257,0.39999999999999997,0.07999999999999999,0.7999999999999999,0.5,3.571596881223037
2026-05-27 12:42:45.790257,0.39999999999999997,0.07999999999999999,0.7999999999999999,0.5,3.571596881223037
2026-05-27 12:42:46.790257,0.39999999999999997,0.07999999999999999,0.7999999999999999,0.5,3.4880635209155577
2026-05-27 12:42:47.790257,0.39999999999999997,0.07999999999999999,0.7999999999999999,0.5,3.4880635209155577
2026-05-27 12:42:48.790836,0.39999999999999997,0.07999999999999999,0.7999999999999999,0.5,3.4880635209155577
2026-05-27 12:42:49.790836,0.39999999999999997,0.07999999999999999,0.7999999999999999,0.5,3.4880635209155577
2026-05-27 12:42:50.790839,0.39999999999999997,0.07999999999999999,0.7999999999999999,0.5,3.4880635209155577
2026-05-27 12:42:51.796782,0.39999999999999997,0.07999999999999999,0.7999999999999999,0.5,3.4880635209155577
2026-05-27 12:42:52.796782,0.39999999999999997,0.07999999999999999,0.7999999999999999,0.5,3.4880635209155577
2026-05-27 12:42:53.798034,0.39999999999999997,0.07999999999999999,0.7999999999999999,0.5,3.4880635209155577
2026-05-27 12:42:54.798034,0.39999999999999997,0.07999999999999999,0.7999999999999999,0.5,3.4880635209155577
2026-05-27 12:42:55.798034,0.39999999999999997,0.07999999999999999,0.7999999999999999,0.5,3.4880635209155577
2026-05-27 12:42:56.798034,0.39999999999999997,0.07999999999999999,0.7999999999999999,0.5,3.3865942420844792
2026-05-27 12:42:57.798034,0.39999999999999997,0.07999999999999999,0.7999999999999999,0.5,3.3865942420844792
2026-05-27 12:42:58.798355,0.39999999999999997,0.07999999999999999,0.7999999999999999,0.5,3.3865942420844792
2026-05-27 12:42:59.798355,0.39999999999999997,0.07999999999999999,0.7999999999999999,0.5,3.3865942420844792
2026-05-27 12:43:00.798355,0.39999999999999997,0.07999999999999999,0.7999999999999999,0.5,3.3865942420844792
2026-05-27 12:43:01.798897,0.39999999999999997,0.07999999999999999,0.7999999999999999,0.5,3.3865942420844792
2026-05-27 12:43:02.798897,0.39999999999999997,0.07999999999999999,0.7999999999999999,0.5,3.3865942420844792
2026-05-27 12:43:03.798897,0.39999999999999997,0.07999999999999999,0.7999999999999999,0.5,3.3865942420844792
2026-05-27 12:43:04.799255,0.39999999999999997,0.07999999999999999,0.7999999999999999,0.5,3.3865942420844792
2026-05-27 12:43:05.799312,0.39999999999999997,0.07999999999999999,0.7999999999999999,0.5,3.3865942420844792
2026-05-27 12:43:06.799438,0.39999999999999997,0.07999999999999999,0.7999999999999999,0.5,3.3865942420844792
2026-05-27 12:43:07.799438,0.39999999999999997,0.07999999999999999,0.7999999999999999,0.5,3.3865942420844792
2026-05-27 12:43:08.801670,0.39999999999999997,0.07999999999999999,0.7999999999999999,0.5,3.3865942420844792
2026-05-27 12:43:09.802046,0.39999999999999997,0.07999999999999999,0.7999999999999999,0.5,3.3865942420844792
2026-05-27 12:43:10.802046,0.39999999999999997,0.07999999999999999,0.7999999999999999,0.5,3.3865942420844792
2026-05-27 12:43:11.802046,0.39999999999999997,0.07999999999999999,0.7999999999999999,0.5,3.3865942420844792
2026-05-27 12:43:12.802046,0.39999999999999997,0.07999999999999999,0.7999999999999999,0.5,3.3865942420844792
2026-05-27 12:43:13.802154,0.39999999999999997,0.07999999999999999,0.7999999999999999,0.5,3.3865942420844792
2026-05-27 12:43:14.802154,0.39999999999999997,0.07999999999999999,0.7999999999999999,0.5,3.3865942420844792
2026-05-27 12:43:15.802447,0.39999999999999997,0.07999999999999999,0.7999999999999999,0.5,3.3865942420844792
2026-05-27 12:43:16.802447,0.39999999999999997,0.07999999999999999,0.7999999999999999,0.5,3.3865942420844792
2026-05-27 12:43:17.803647,0.39999999999999997,0.07999999999999999,0.7999999999999999,0.5,3.3865942420844792
2026-05-27 12:43:18.803647,0.39999999999999997,0.07999999999999999,0.7999999999999999,0.5,3.3865942420844792
2026-05-27 12:43:19.838175,0.39999999999999997,0.07999999999999999,0.7999999999999999,0.5,3.3865942420844792
2026-05-27 12:43:20.842586,0.39999999999999997,0.07999999999999999,0.7999999999999999,0.5,3.3865942420844792
2026-05-27 12:43:21.842618,0.39999999999999997,0.07999999999999999,0.7999999999999999,0.5,3.3865942420844792
2026-05-27 12:43:22.842618,0.39999999999999997,0.07999999999999999,0.7999999999999999,0.5,3.3865942420844792
2026-05-27 12:43:23.842618,0.39999999999999997,0.07999999999999999,0.7999999999999999,0.5,3.3865942420844792
2026-05-27 12:43:24.851880,0.39999999999999997,0.07999999999999999,0.7999999999999999,0.5,3.3865942420844792
2026-05-27 12:43:25.853005,0.39999999999999997,0.07999999999999999,0.7999999999999999,0.5,3.3865942420844792
2026-05-27 12:43:26.853005,0.39999999999999997,0.07999999999999999,0.7999999999999999,0.5,3.3865942420844792
2026-05-27 12:43:27.853242,0.39999999999999997,0.07999999999999999,0.7999999999999999,0.5,3.3865942420844792
2026-05-27 12:43:28.859004,0.39999999999999997,0.07999999999999999,0.7999999999999999,0.5,3.3865942420844792
2026-05-27 12:43:29.860136,0.39999999999999997,0.07999999999999999,0.7999999999999999,0.5,3.3865942420844792
2026-05-27 12:43:30.860433,0.39999999999999997,0.07999999999999999,0.7999999999999999,0.5,3.3865942420844792
2026-05-27 12:43:31.861402,0.39999999999999997,0.07999999999999999,0.7999999999999999,0.5,3.3865942420844792
2026-05-27 12:43:32.870066,0.39999999999999997,0.07999999999999999,0.7999999999999999,0.5,3.3865942420844792
2026-05-27 12:43:33.870066,0.39999999999999997,0.07999999999999999,0.7999999999999999,0.5,3.3865942420844792
2026-05-27 12:43:34.870066,0.39999999999999997,0.07999999999999999,0.7999999999999999,0.5,3.3865942420844792
2026-05-27 12:43:35.870066,0.39999999999999997,0.07999999999999999,0.7999999999999999,0.5,3.3865942420844792
2026-05-27 12:43:36.879491,0.39999999999999997,0.07999999999999999,0.7999999999999999,0.5,3.3865942420844792
2026-05-27 12:43:37.883564,0.39999999999999997,0.07999999999999999,0.7999999999999999,0.5,3.3865942420844792
2026-05-27 12:43:38.883564,0.39999999999999997,0.07999999999999999,0.7999999999999999,0.5,3.3865942420844792
2026-05-27 12:43:39.883703,0.39999999999999997,0.07999999999999999,0.7999999999999999,0.5,3.3865942420844792
2026-05-27 12:43:40.883708,0.39999999999999997,0.07999999999999999,0.7999999999999999,0.5,3.3865942420844792
2026-05-27 12:43:41.897514,0.39999999999999997,0.07999999999999999,0.7999999999999999,0.5,3.3865942420844792
2026-05-27 12:43:42.897515,0.39999999999999997,0.07999999999999999,0.7999999999999999,0.5,3.3865942420844792
2026-05-27 12:43:43.897515,0.39999999999999997,0.07999999999999999,0.7999999999999999,0.5,3.3865942420844792
2026-05-27 12:43:44.897515,0.39999999999999997,0.07999999999999999,0.7999999999999999,0.5,3.3865942420844792
2026-05-27 12:43:45.897515,0.39999999999999997,0.07999999999999999,0.7999999999999999,0.5,3.3865942420844792
2026-05-27 12:43:46.897515,0.39999999999999997,0.07999999999999999,0.7999999999999999,0.5,3.3865942420844792
2026-05-27 12:43:47.897520,0.39999999999999997,0.07999999999999999,0.7999999999999999,0.5,3.3865942420844792
2026-05-27 12:43:48.897520,0.39999999999999997,0.07999999999999999,0.7999999999999999,0.5,3.3865942420844792
2026-05-27 12:43:49.897520,0.39999999999999997,0.07999999999999999,0.7999999999999999,0.5,3.3865942420844792
2026-05-27 12:43:50.904985,0.39999999999999997,0.07999999999999999,0.7999999999999999,0.5,3.3865942420844792
2026-05-27 12:43:51.904985,0.39999999999999997,0.07999999999999999,0.7999999999999999,0.5,3.3865942420844792
2026-05-27 12:43:52.904985,0.39999999999999997,0.07999999999999999,0.7999999999999999,0.5,3.3865942420844792
2026-05-27 12:43:53.908209,0.39999999999999997,0.07999999999999999,0.7999999999999999,0.5,3.3865942420844792
2026-05-27 12:43:54.908209,0.39999999999999997,0.07999999999999999,0.7999999999999999,0.5,3.3865942420844792
2026-05-27 12:43:55.908209,0.39999999999999997,0.07999999999999999,0.7999999999999999,0.5,3.3865942420844792
2026-05-27 12:43:56.911641,0.39999999999999997,0.07999999999999999,0.7999999999999999,0.5,3.3865942420844792
2026-05-27 12:43:57.911641,0.39999999999999997,0.07999999999999999,0.7999999999999999,0.5,3.3865942420844792
2026-05-27 12:43:58.911641,0.39999999999999997,0.07999999999999999,0.7999999999999999,0.5,3.3865942420844792
2026-05-27 12:43:59.911641,0.39999999999999997,0.07999999999999999,0.7999999999999999,0.5,3.3865942420844792
2026-05-27 12:44:00.911641,0.39999999999999997,0.07999999999999999,0.7999999999999999,0.5,3.3865942420844792
2026-05-27 12:44:01.911641,0.39999999999999997,0.07999999999999999,0.7999999999999999,0.5,3.3865942420844792
2026-05-27 12:44:02.911641,0.39999999999999997,0.07999999999999999,0.7999999999999999,0.5,3.3865942420844792
2026-05-27 12:44:03.914892,0.39999999999999997,0.07999999999999999,0.7999999999999999,0.5,3.3865942420844792
2026-05-27 12:44:04.914892,0.39999999999999997,0.07999999999999999,0.7999999999999999,0.5,3.3865942420844792
2026-05-27 12:44:05.914892,0.39999999999999997,0.07999999999999999,0.7999999999999999,0.5,3.3865942420844792
2026-05-27 12:44:06.915036,0.39999999999999997,0.07999999999999999,0.7999999999999999,0.5,3.3865942420844792
2026-05-27 12:44:07.915036,0.39999999999999997,0.07999999999999999,0.7999999999999999,0.5,3.3865942420844792
2026-05-27 12:44:08.915036,0.39999999999999997,0.07999999999999999,0.7999999999999999,0.5,3.3865942420844792
2026-05-27 12:44:09.923222,0.39999999999999997,0.07999999999999999,0.7999999999999999,0.5,3.3865942420844792
2026-05-27 12:44:10.926253,0.39999999999999997,0.07999999999999999,0.7999999999999999,0.5,3.3865942420844792
2026-05-27 12:44:11.926261,0.39999999999999997,0.07999999999999999,0.7999999999999999,0.5,3.3865942420844792
2026-05-27 12:44:12.926261,0.39999999999999997,0.07999999999999999,0.7999999999999999,0.5,3.3865942420844792
2026-05-27 12:44:13.926261,0.39999999999999997,0.07999999999999999,0.7999999999999999,0.5,3.3865942420844792
2026-05-27 12:44:14.926261,0.39999999999999997,0.07999999999999999,0.7999999999999999,0.5,3.3865942420844792
2026-05-27 12:44:15.927617,0.39999999999999997,0.07999999999999999,0.7999999999999999,0.5,3.3865942420844792
2026-05-27 12:44:16.927625,0.39999999999999997,0.07999999999999999,0.7999999999999999,0.5,3.3865942420844792
2026-05-27 12:44:17.927625,0.39999999999999997,0.07999999999999999,0.7999999999999999,0.5,3.3865942420844792
2026-05-27 12:44:18.936007,0.39999999999999997,0.07999999999999999,0.7999999999999999,0.5,3.3865942420844792
2026-05-27 12:44:19.938038,0.39999999999999997,0.07999999999999999,0.7999999999999999,0.5,3.3865942420844792
2026-05-27 12:44:20.938038,0.39999999999999997,0.07999999999999999,0.7999999999999999,0.5,3.3865942420844792
2026-06-04 11:01:17.214243,1.2,0.1,0.9,0.863,10000
2026-06-04 11:01:18.214243,1.2,0.1,0.9,0.863,10000
2026-06-04 11:01:19.214244,1.2,0.1,0.9,0.863,10000
2026-06-04 11:01:20.214619,1.2,0.1,0.9,0.863,10000
2026-06-04 11:01:21.224355,1.2,0.1,0.9,0.863,10000
2026-06-04 11:01:22.224355,1.2,0.1,0.9,0.863,10000
2026-06-04 11:01:23.224382,1.2,0.1,0.9,0.863,10000
2026-06-04 11:01:24.224382,1.2,0.1,0.9,0.863,10000
2026-06-04 11:01:25.224382,1.2,0.1,0.9,0.863,10000
2026-06-04 11:01:26.224382,0.6399999999999999,0.086,0.83,0.6089,3.3865942420844792
2026-06-04 11:01:27.224382,0.6399999999999999,0.086,0.83,0.6089,3.3865942420844792
2026-06-04 11:01:28.227680,0.6399999999999999,0.086,0.83,0.6089,3.3865942420844792
2026-06-04 11:01:29.229551,0.6399999999999999,0.086,0.83,0.6089,3.3865942420844792
2026-06-04 11:01:30.230119,0.6399999999999999,0.086,0.83,0.6089,3.3865942420844792
2026-06-04 11:01:31.230304,0.6399999999999999,0.086,0.83,0.6089,3.3865942420844792
2026-06-04 11:01:32.239139,0.6399999999999999,0.086,0.83,0.6089,3.3865942420844792
2026-06-04 11:01:33.239139,0.6399999999999999,0.086,0.83,0.6089,3.3865942420844792
2026-06-04 11:01:34.240613,0.6399999999999999,0.086,0.83,0.6089,3.3865942420844792
2026-06-04 11:01:35.240613,0.6399999999999999,0.086,0.83,0.6089,3.3865942420844792
2026-06-04 11:01:36.240613,0.472,0.08179999999999998,0.8089999999999999,0.53267,3.3865942420844792
2026-06-04 11:01:37.244449,0.472,0.08179999999999998,0.8089999999999999,0.53267,3.3865942420844792
2026-06-04 11:01:38.244449,0.472,0.08179999999999998,0.8089999999999999,0.53267,3.3865942420844792
2026-06-04 11:01:39.245263,0.472,0.08179999999999998,0.8089999999999999,0.53267,3.3865942420844792
2026-06-04 11:01:40.248850,0.472,0.08179999999999998,0.8089999999999999,0.53267,3.3865942420844792
2026-06-04 11:01:41.248851,0.472,0.08179999999999998,0.8089999999999999,0.53267,3.3865942420844792
2026-06-04 11:01:42.255678,0.472,0.08179999999999998,0.8089999999999999,0.53267,3.3865942420844792
2026-06-04 11:01:43.256165,0.472,0.08179999999999998,0.8089999999999999,0.53267,3.3865942420844792
2026-06-04 11:01:44.259507,0.472,0.08179999999999998,0.8089999999999999,0.53267,3.3865942420844792
2026-06-04 11:01:45.259508,0.472,0.08179999999999998,0.8089999999999999,0.53267,3.3865942420844792
2026-06-04 11:01:46.259508,0.472,0.08179999999999998,0.8089999999999999,0.53267,3.3865942420844792
2026-06-04 11:01:47.259508,0.4216,0.08053999999999999,0.8027,0.509801,3.3865942420844792
2026-06-04 11:01:48.259508,0.4216,0.08053999999999999,0.8027,0.509801,3.3865942420844792
2026-06-04 11:01:49.259509,0.4216,0.08053999999999999,0.8027,0.509801,3.3865942420844792
2026-06-04 11:01:50.259509,0.4216,0.08053999999999999,0.8027,0.509801,3.3865942420844792
2026-06-04 11:01:51.277130,0.4216,0.08053999999999999,0.8027,0.509801,3.3865942420844792
2026-06-04 11:01:52.277132,0.4216,0.08053999999999999,0.8027,0.509801,3.3865942420844792
2026-06-04 11:01:53.289393,0.4216,0.08053999999999999,0.8027,0.509801,3.3865942420844792
2026-06-04 11:01:54.293707,0.4216,0.08053999999999999,0.8027,0.509801,3.3865942420844792
2026-06-04 11:01:55.294831,0.4216,0.08053999999999999,0.8027,0.509801,3.3865942420844792
2026-06-04 11:01:56.294831,0.4216,0.08053999999999999,0.8027,0.509801,3.3865942420844792
2026-06-04 11:01:57.317609,0.40647999999999995,0.08016199999999998,0.8008099999999999,0.5029402999999999,3.3214394230101627
2026-06-04 11:01:58.317609,0.40647999999999995,0.08016199999999998,0.8008099999999999,0.5029402999999999,3.3214394230101627
2026-06-04 11:01:59.317609,0.40647999999999995,0.08016199999999998,0.8008099999999999,0.5029402999999999,3.3214394230101627
2026-06-04 11:02:00.317609,0.40647999999999995,0.08016199999999998,0.8008099999999999,0.5029402999999999,3.3214394230101627
2026-06-04 11:02:01.317609,0.40647999999999995,0.08016199999999998,0.8008099999999999,0.5029402999999999,3.3214394230101627
2026-06-04 11:02:02.317656,0.40647999999999995,0.08016199999999998,0.8008099999999999,0.5029402999999999,3.3214394230101627
2026-06-04 11:02:03.322853,0.40647999999999995,0.08016199999999998,0.8008099999999999,0.5029402999999999,3.3214394230101627
2026-06-04 11:02:04.323343,0.40647999999999995,0.08016199999999998,0.8008099999999999,0.5029402999999999,3.3214394230101627
2026-06-04 11:02:05.323343,0.40647999999999995,0.08016199999999998,0.8008099999999999,0.5029402999999999,3.3214394230101627
2026-06-04 11:02:06.323343,0.40647999999999995,0.08016199999999998,0.8008099999999999,0.5029402999999999,3.3214394230101627
2026-06-04 11:02:07.323343,0.40647999999999995,0.08016199999999998,0.8008099999999999,0.5029402999999999,3.3214394230101627
2026-06-04 11:02:08.323344,0.40194399999999997,0.08004859999999998,0.8002429999999999,0.50088209,3.320281111893354
2026-06-04 11:02:09.323344,0.40194399999999997,0.08004859999999998,0.8002429999999999,0.50088209,3.320281111893354
2026-06-04 11:02:10.323344,0.40194399999999997,0.08004859999999998,0.8002429999999999,0.50088209,3.320281111893354
2026-06-04 11:02:11.323823,0.40194399999999997,0.08004859999999998,0.8002429999999999,0.50088209,3.320281111893354
2026-06-04 11:02:12.323823,0.40194399999999997,0.08004859999999998,0.8002429999999999,0.50088209,3.320281111893354
2026-06-04 11:02:13.323823,0.40194399999999997,0.08004859999999998,0.8002429999999999,0.50088209,3.320281111893354
2026-06-04 11:02:14.323828,0.40194399999999997,0.08004859999999998,0.8002429999999999,0.50088209,3.320281111893354
2026-06-04 11:02:15.323832,0.40194399999999997,0.08004859999999998,0.8002429999999999,0.50088209,3.320281111893354
2026-06-04 11:02:16.323832,0.40194399999999997,0.08004859999999998,0.8002429999999999,0.50088209,3.320281111893354
2026-06-04 11:02:17.323832,0.40194399999999997,0.08004859999999998,0.8002429999999999,0.50088209,3.320281111893354
2026-06-04 11:02:18.323832,0.4005832,0.08001457999999999,0.8000729,0.500264627,3.320281111893354
2026-06-04 11:02:19.323832,0.4005832,0.08001457999999999,0.8000729,0.500264627,3.320281111893354
2026-06-04 11:02:20.323832,0.4005832,0.08001457999999999,0.8000729,0.500264627,3.320281111893354
2026-06-04 11:02:21.323832,0.4005832,0.08001457999999999,0.8000729,0.500264627,3.320281111893354
2026-06-04 11:02:22.323832,0.4005832,0.08001457999999999,0.8000729,0.500264627,3.320281111893354
2026-06-04 11:02:23.324337,0.4005832,0.08001457999999999,0.8000729,0.500264627,3.320281111893354
2026-06-04 11:02:24.324337,0.4005832,0.08001457999999999,0.8000729,0.500264627,3.320281111893354
2026-06-04 11:02:25.324337,0.4005832,0.08001457999999999,0.8000729,0.500264627,3.320281111893354
2026-06-04 11:02:26.325404,0.4005832,0.08001457999999999,0.8000729,0.500264627,3.320281111893354
2026-06-04 11:02:27.325404,0.4005832,0.08001457999999999,0.8000729,0.500264627,3.320281111893354
2026-06-04 11:02:28.327373,0.40017495999999997,0.08000437399999999,0.8000218699999999,0.5000793881,3.320281111893354
2026-06-04 11:02:29.327373,0.40017495999999997,0.08000437399999999,0.8000218699999999,0.5000793881,3.320281111893354
2026-06-04 11:02:30.327373,0.40017495999999997,0.08000437399999999,0.8000218699999999,0.5000793881,3.320281111893354
2026-06-04 11:02:31.327715,0.40017495999999997,0.08000437399999999,0.8000218699999999,0.5000793881,3.320281111893354
2026-06-04 11:02:32.327716,0.40017495999999997,0.08000437399999999,0.8000218699999999,0.5000793881,3.320281111893354
2026-06-04 11:02:33.327953,0.40017495999999997,0.08000437399999999,0.8000218699999999,0.5000793881,3.320281111893354
2026-06-04 11:02:34.329288,0.40017495999999997,0.08000437399999999,0.8000218699999999,0.5000793881,3.320281111893354
2026-06-04 11:02:35.329288,0.40017495999999997,0.08000437399999999,0.8000218699999999,0.5000793881,3.320281111893354
2026-06-04 11:02:36.329288,0.40017495999999997,0.08000437399999999,0.8000218699999999,0.5000793881,3.320281111893354
2026-06-04 11:02:37.329288,0.40017495999999997,0.08000437399999999,0.8000218699999999,0.5000793881,3.320281111893354
2026-06-04 11:02:38.330296,0.40005248799999993,0.0800013122,0.8000065609999999,0.5000238164299999,3.320281111893354
2026-06-04 11:02:39.330296,0.40005248799999993,0.0800013122,0.8000065609999999,0.5000238164299999,3.320281111893354
2026-06-04 11:02:40.340664,0.40005248799999993,0.0800013122,0.8000065609999999,0.5000238164299999,3.320281111893354
2026-06-04 11:02:41.342041,0.40005248799999993,0.0800013122,0.8000065609999999,0.5000238164299999,3.320281111893354
2026-06-04 11:02:42.342041,0.40005248799999993,0.0800013122,0.8000065609999999,0.5000238164299999,3.320281111893354
2026-06-04 11:02:43.342041,0.40005248799999993,0.0800013122,0.8000065609999999,0.5000238164299999,3.320281111893354
2026-06-04 11:02:44.350760,0.40005248799999993,0.0800013122,0.8000065609999999,0.5000238164299999,3.320281111893354
2026-06-04 11:02:45.350772,0.40005248799999993,0.0800013122,0.8000065609999999,0.5000238164299999,3.320281111893354
2026-06-04 11:02:46.350892,0.40005248799999993,0.0800013122,0.8000065609999999,0.5000238164299999,3.320281111893354
2026-06-04 11:02:47.358594,0.40005248799999993,0.0800013122,0.8000065609999999,0.5000238164299999,3.320281111893354
2026-06-04 11:02:48.358594,0.4000157463999999,0.08000039365999999,0.8000019682999999,0.500007144929,3.320281111893354
2026-06-04 11:02:49.358594,0.4000157463999999,0.08000039365999999,0.8000019682999999,0.500007144929,3.320281111893354
2026-06-04 11:02:50.358594,0.4000157463999999,0.08000039365999999,0.8000019682999999,0.500007144929,3.320281111893354
2026-06-04 11:02:51.358594,0.4000157463999999,0.08000039365999999,0.8000019682999999,0.500007144929,3.320281111893354
2026-06-04 11:02:52.358594,0.4000157463999999,0.08000039365999999,0.8000019682999999,0.500007144929,3.320281111893354
2026-06-04 11:02:53.358596,0.4000157463999999,0.08000039365999999,0.8000019682999999,0.500007144929,3.320281111893354
2026-06-04 11:02:54.358598,0.4000157463999999,0.08000039365999999,0.8000019682999999,0.500007144929,3.320281111893354
2026-06-04 11:02:55.358598,0.4000157463999999,0.08000039365999999,0.8000019682999999,0.500007144929,3.320281111893354
2026-06-04 11:02:56.358602,0.4000157463999999,0.08000039365999999,0.8000019682999999,0.500007144929,3.320281111893354
2026-06-04 11:02:57.361410,0.4000157463999999,0.08000039365999999,0.8000019682999999,0.500007144929,3.320281111893354
2026-06-04 11:02:58.382369,0.40000472391999997,0.08000011809799999,0.8000005904899999,0.5000021434787,3.320281111893354
2026-06-04 11:02:59.382369,0.40000472391999997,0.08000011809799999,0.8000005904899999,0.5000021434787,3.320281111893354
2026-06-04 11:03:00.382369,0.40000472391999997,0.08000011809799999,0.8000005904899999,0.5000021434787,3.320281111893354
2026-06-04 11:03:01.382369,0.40000472391999997,0.08000011809799999,0.8000005904899999,0.5000021434787,3.320281111893354
2026-06-04 11:03:02.390738,0.40000472391999997,0.08000011809799999,0.8000005904899999,0.5000021434787,3.320281111893354
2026-06-04 11:03:03.390738,0.40000472391999997,0.08000011809799999,0.8000005904899999,0.5000021434787,3.320281111893354
2026-06-04 11:03:04.390738,0.40000472391999997,0.08000011809799999,0.8000005904899999,0.5000021434787,3.320281111893354
2026-06-04 11:03:05.390738,0.40000472391999997,0.08000011809799999,0.8000005904899999,0.5000021434787,3.320281111893354
2026-06-04 11:03:06.390738,0.40000472391999997,0.08000011809799999,0.8000005904899999,0.5000021434787,3.320281111893354
2026-06-04 11:03:07.390738,0.40000472391999997,0.08000011809799999,0.8000005904899999,0.5000021434787,3.320281111893354
2026-06-04 11:03:08.390738,0.40000472391999997,0.08000011809799999,0.8000005904899999,0.5000021434787,3.320281111893354
2026-06-04 11:03:09.390738,0.40000141717599996,0.08000003542939998,0.8000001771469999,0.5000006430436099,3.320281111893354
2026-06-04 11:03:10.395235,0.40000141717599996,0.08000003542939998,0.8000001771469999,0.5000006430436099,3.320281111893354
2026-06-04 11:03:11.395235,0.40000141717599996,0.08000003542939998,0.8000001771469999,0.5000006430436099,3.320281111893354
2026-06-04 11:03:12.395279,0.40000141717599996,0.08000003542939998,0.8000001771469999,0.5000006430436099,3.320281111893354
2026-06-04 11:03:13.395279,0.40000141717599996,0.08000003542939998,0.8000001771469999,0.5000006430436099,3.320281111893354
2026-06-04 11:03:14.397519,0.40000141717599996,0.08000003542939998,0.8000001771469999,0.5000006430436099,3.320281111893354
2026-06-04 11:03:15.397519,0.40000141717599996,0.08000003542939998,0.8000001771469999,0.5000006430436099,3.320281111893354
2026-06-04 11:03:16.397519,0.40000141717599996,0.08000003542939998,0.8000001771469999,0.5000006430436099,3.320281111893354
2026-06-04 11:03:17.397523,0.40000141717599996,0.08000003542939998,0.8000001771469999,0.5000006430436099,3.320281111893354
2026-06-04 11:03:18.397523,0.40000141717599996,0.08000003542939998,0.8000001771469999,0.5000006430436099,3.320281111893354
2026-06-04 11:03:19.397523,0.4000004251528,0.08000001062881999,0.8000000531440998,0.500000192913083,3.320281111893354
2026-06-04 11:03:20.397523,0.4000004251528,0.08000001062881999,0.8000000531440998,0.500000192913083,3.320281111893354
2026-06-04 11:03:21.397523,0.4000004251528,0.08000001062881999,0.8000000531440998,0.500000192913083,3.320281111893354
2026-06-04 11:03:22.397523,0.4000004251528,0.08000001062881999,0.8000000531440998,0.500000192913083,3.320281111893354
2026-06-04 11:03:23.397525,0.4000004251528,0.08000001062881999,0.8000000531440998,0.500000192913083,3.320281111893354
2026-06-04 11:03:24.397525,0.4000004251528,0.08000001062881999,0.8000000531440998,0.500000192913083,3.320281111893354
2026-06-04 11:03:25.403375,0.4000004251528,0.08000001062881999,0.8000000531440998,0.500000192913083,3.320281111893354
2026-06-04 11:03:26.403380,0.4000004251528,0.08000001062881999,0.8000000531440998,0.500000192913083,3.320281111893354
2026-06-04 11:03:27.403380,0.4000004251528,0.08000001062881999,0.8000000531440998,0.500000192913083,3.320281111893354
2026-06-04 11:03:28.403565,0.4000004251528,0.08000001062881999,0.8000000531440998,0.500000192913083,3.320281111893354
2026-06-04 11:03:29.403565,0.4000004251528,0.08000001062881999,0.8000000531440998,0.500000192913083,3.320281111893354
2026-06-04 11:03:30.404177,0.40000012754583997,0.08000000318864599,0.8000000159432299,0.5000000578739249,3.5375610158283393
2026-06-04 11:03:31.406625,0.40000012754583997,0.08000000318864599,0.8000000159432299,0.5000000578739249,3.5375610158283393
2026-06-04 11:03:32.406960,0.40000012754583997,0.08000000318864599,0.8000000159432299,0.5000000578739249,3.5375610158283393
2026-06-04 11:03:33.406960,0.40000012754583997,0.08000000318864599,0.8000000159432299,0.5000000578739249,3.5375610158283393
2026-06-04 11:03:34.406960,0.40000012754583997,0.08000000318864599,0.8000000159432299,0.5000000578739249,3.5375610158283393
2026-06-04 11:03:35.406980,0.40000012754583997,0.08000000318864599,0.8000000159432299,0.5000000578739249,3.5375610158283393
2026-06-04 11:03:36.406980,0.40000012754583997,0.08000000318864599,0.8000000159432299,0.5000000578739249,3.5375610158283393
2026-06-04 11:03:37.406989,0.40000012754583997,0.08000000318864599,0.8000000159432299,0.5000000578739249,3.5375610158283393
2026-06-04 11:03:38.406999,0.40000012754583997,0.08000000318864599,0.8000000159432299,0.5000000578739249,3.5375610158283393
2026-06-04 11:03:39.407507,0.40000012754583997,0.08000000318864599,0.8000000159432299,0.5000000578739249,3.5375610158283393
2026-06-04 11:03:40.407507,0.40000003826375197,0.08000000095659379,0.800000004782969,0.5000000173621775,3.4095391287647403
2026-06-04 11:03:41.407507,0.40000003826375197,0.08000000095659379,0.800000004782969,0.5000000173621775,3.4095391287647403
2026-06-04 11:03:42.408066,0.40000003826375197,0.08000000095659379,0.800000004782969,0.5000000173621775,3.4095391287647403
2026-06-04 11:03:43.408066,0.40000003826375197,0.08000000095659379,0.800000004782969,0.5000000173621775,3.4095391287647403
2026-06-04 11:03:44.410704,0.40000003826375197,0.08000000095659379,0.800000004782969,0.5000000173621775,3.4095391287647403
2026-06-04 11:03:45.420884,0.40000003826375197,0.08000000095659379,0.800000004782969,0.5000000173621775,3.4095391287647403
2026-06-04 11:03:46.420989,0.40000003826375197,0.08000000095659379,0.800000004782969,0.5000000173621775,3.4095391287647403
2026-06-04 11:03:47.420989,0.40000003826375197,0.08000000095659379,0.800000004782969,0.5000000173621775,3.4095391287647403
2026-06-04 11:03:48.447374,0.40000003826375197,0.08000000095659379,0.800000004782969,0.5000000173621775,3.4095391287647403
2026-06-04 11:03:49.447374,0.40000003826375197,0.08000000095659379,0.800000004782969,0.5000000173621775,3.4095391287647403
2026-06-04 11:03:50.447374,0.40000001147912556,0.08000000028697812,0.8000000014348906,0.5000000052086532,3.3209518248193137
2026-06-04 11:03:51.447374,0.40000001147912556,0.08000000028697812,0.8000000014348906,0.5000000052086532,3.3209518248193137
2026-06-04 11:03:52.447374,0.40000001147912556,0.08000000028697812,0.8000000014348906,0.5000000052086532,3.3209518248193137
2026-06-04 11:03:53.454323,0.40000001147912556,0.08000000028697812,0.8000000014348906,0.5000000052086532,3.3209518248193137
2026-06-04 11:03:54.454329,0.40000001147912556,0.08000000028697812,0.8000000014348906,0.5000000052086532,3.3209518248193137
2026-06-04 11:03:55.454329,0.40000001147912556,0.08000000028697812,0.8000000014348906,0.5000000052086532,3.3209518248193137
2026-06-04 11:03:56.454329,0.40000001147912556,0.08000000028697812,0.8000000014348906,0.5000000052086532,3.3209518248193137
2026-06-04 11:03:57.454329,0.40000001147912556,0.08000000028697812,0.8000000014348906,0.5000000052086532,3.3209518248193137
2026-06-04 11:03:58.454329,0.40000001147912556,0.08000000028697812,0.8000000014348906,0.5000000052086532,3.3209518248193137
2026-06-04 11:03:59.463919,0.40000001147912556,0.08000000028697812,0.8000000014348906,0.5000000052086532,3.3209518248193137
2026-06-04 11:04:00.463919,0.40000001147912556,0.08000000028697812,0.8000000014348906,0.5000000052086532,3.3209518248193137
2026-06-04 11:04:01.463919,0.40000000344373765,0.08000000008609343,0.800000000430467,0.5000000015625959,3.3057333013073915
2026-06-04 11:04:02.463929,0.40000000344373765,0.08000000008609343,0.800000000430467,0.5000000015625959,3.3057333013073915
2026-06-04 11:04:03.463929,0.40000000344373765,0.08000000008609343,0.800000000430467,0.5000000015625959,3.3057333013073915
2026-06-04 11:04:04.464108,0.40000000344373765,0.08000000008609343,0.800000000430467,0.5000000015625959,3.3057333013073915
2026-06-04 11:04:05.464256,0.40000000344373765,0.08000000008609343,0.800000000430467,0.5000000015625959,3.3057333013073915
2026-06-04 11:04:06.464256,0.40000000344373765,0.08000000008609343,0.800000000430467,0.5000000015625959,3.3057333013073915
2026-06-04 11:04:07.464256,0.40000000344373765,0.08000000008609343,0.800000000430467,0.5000000015625959,3.3057333013073915
2026-06-04 11:04:08.464256,0.40000000344373765,0.08000000008609343,0.800000000430467,0.5000000015625959,3.3057333013073915
2026-06-04 11:04:09.464256,0.40000000344373765,0.08000000008609343,0.800000000430467,0.5000000015625959,3.3057333013073915
2026-06-04 11:04:10.464482,0.40000000344373765,0.08000000008609343,0.800000000430467,0.5000000015625959,3.3057333013073915
2026-06-04 11:04:11.464485,0.40000000344373765,0.08000000008609343,0.800000000430467,0.5000000015625959,3.3057333013073915
2026-06-04 11:04:12.464485,0.4000000010331213,0.08000000002582802,0.8000000001291401,0.5000000004687788,3.3057333013073915
2026-06-04 11:04:13.464486,0.4000000010331213,0.08000000002582802,0.8000000001291401,0.5000000004687788,3.3057333013073915
2026-06-04 11:04:14.464486,0.4000000010331213,0.08000000002582802,0.8000000001291401,0.5000000004687788,3.3057333013073915
2026-06-04 11:04:15.464993,0.4000000010331213,0.08000000002582802,0.8000000001291401,0.5000000004687788,3.3057333013073915
2026-06-04 11:04:16.465086,0.4000000010331213,0.08000000002582802,0.8000000001291401,0.5000000004687788,3.3057333013073915
2026-06-04 11:04:17.465086,0.4000000010331213,0.08000000002582802,0.8000000001291401,0.5000000004687788,3.3057333013073915
2026-06-04 11:04:18.465086,0.4000000010331213,0.08000000002582802,0.8000000001291401,0.5000000004687788,3.3057333013073915
2026-06-04 11:04:19.465148,0.4000000010331213,0.08000000002582802,0.8000000001291401,0.5000000004687788,3.3057333013073915
2026-06-04 11:04:20.465148,0.4000000010331213,0.08000000002582802,0.8000000001291401,0.5000000004687788,3.3057333013073915
2026-06-04 11:04:21.465148,0.4000000010331213,0.08000000002582802,0.8000000001291401,0.5000000004687788,3.3057333013073915
2026-06-04 11:04:22.473552,0.4000000003099363,0.0800000000077484,0.8000000000387419,0.5000000001406336,3.3057333013073915
2026-06-04 11:04:23.473552,0.4000000003099363,0.0800000000077484,0.8000000000387419,0.5000000001406336,3.3057333013073915
2026-06-04 11:04:24.474293,0.4000000003099363,0.0800000000077484,0.8000000000387419,0.5000000001406336,3.3057333013073915
2026-06-04 11:04:25.474405,0.4000000003099363,0.0800000000077484,0.8000000000387419,0.5000000001406336,3.3057333013073915
2026-06-04 11:04:26.474502,0.4000000003099363,0.0800000000077484,0.8000000000387419,0.5000000001406336,3.3057333013073915
2026-06-04 11:04:27.474502,0.4000000003099363,0.0800000000077484,0.8000000000387419,0.5000000001406336,3.3057333013073915
2026-06-04 11:04:28.474502,0.4000000003099363,0.0800000000077484,0.8000000000387419,0.5000000001406336,3.3057333013073915
2026-06-04 11:04:29.474503,0.4000000003099363,0.0800000000077484,0.8000000000387419,0.5000000001406336,3.3057333013073915
2026-06-04 11:04:30.474503,0.4000000003099363,0.0800000000077484,0.8000000000387419,0.5000000001406336,3.3057333013073915
2026-06-04 11:04:31.474503,0.4000000003099363,0.0800000000077484,0.8000000000387419,0.5000000001406336,3.3057333013073915
2026-06-04 11:04:32.474503,0.40000000009298087,0.08000000000232452,0.8000000000116225,0.50000000004219,3.3006648025045036
2026-06-04 11:04:33.476317,0.40000000009298087,0.08000000000232452,0.8000000000116225,0.50000000004219,3.3006648025045036
2026-06-04 11:04:34.477303,0.40000000009298087,0.08000000000232452,0.8000000000116225,0.50000000004219,3.3006648025045036
2026-06-04 11:04:35.478035,0.40000000009298087,0.08000000000232452,0.8000000000116225,0.50000000004219,3.3006648025045036
2026-06-04 11:04:36.478206,0.40000000009298087,0.08000000000232452,0.8000000000116225,0.50000000004219,3.3006648025045036
2026-06-04 11:04:37.478206,0.40000000009298087,0.08000000000232452,0.8000000000116225,0.50000000004219,3.3006648025045036
2026-06-04 11:04:38.482420,0.40000000009298087,0.08000000000232452,0.8000000000116225,0.50000000004219,3.3006648025045036
2026-06-04 11:04:39.482420,0.40000000009298087,0.08000000000232452,0.8000000000116225,0.50000000004219,3.3006648025045036
2026-06-04 11:04:40.484486,0.40000000009298087,0.08000000000232452,0.8000000000116225,0.50000000004219,3.3006648025045036
2026-06-04 11:04:41.484486,0.40000000009298087,0.08000000000232452,0.8000000000116225,0.50000000004219,3.3006648025045036
2026-06-04 11:04:42.484486,0.4000000000278942,0.08000000000069735,0.8000000000034867,0.500000000012657,3.2139974931282973
2026-06-04 11:04:43.484492,0.4000000000278942,0.08000000000069735,0.8000000000034867,0.500000000012657,3.2139974931282973
2026-06-04 11:04:44.485691,0.4000000000278942,0.08000000000069735,0.8000000000034867,0.500000000012657,3.2139974931282973
2026-06-04 11:04:45.485691,0.4000000000278942,0.08000000000069735,0.8000000000034867,0.500000000012657,3.2139974931282973
2026-06-04 11:04:46.486058,0.4000000000278942,0.08000000000069735,0.8000000000034867,0.500000000012657,3.2139974931282973
2026-06-04 11:04:47.486058,0.4000000000278942,0.08000000000069735,0.8000000000034867,0.500000000012657,3.2139974931282973
2026-06-04 11:04:48.486058,0.4000000000278942,0.08000000000069735,0.8000000000034867,0.500000000012657,3.2139974931282973
2026-06-04 11:04:49.486427,0.4000000000278942,0.08000000000069735,0.8000000000034867,0.500000000012657,3.2139974931282973
2026-06-04 11:04:50.489874,0.4000000000278942,0.08000000000069735,0.8000000000034867,0.500000000012657,3.2139974931282973
2026-06-04 11:04:51.489874,0.4000000000278942,0.08000000000069735,0.8000000000034867,0.500000000012657,3.2139974931282973
2026-06-04 11:04:52.489924,0.4000000000278942,0.08000000000069735,0.8000000000034867,0.500000000012657,3.2139974931282973
2026-06-04 11:04:53.489924,0.4000000000083682,0.0800000000002092,0.8000000000010459,0.5000000000037971,3.190623862066694
2026-06-04 11:04:54.489980,0.4000000000083682,0.0800000000002092,0.8000000000010459,0.5000000000037971,3.190623862066694
2026-06-04 11:04:55.497290,0.4000000000083682,0.0800000000002092,0.8000000000010459,0.5000000000037971,3.190623862066694
2026-06-04 11:04:56.500777,0.4000000000083682,0.0800000000002092,0.8000000000010459,0.5000000000037971,3.190623862066694
2026-06-04 11:04:57.501197,0.4000000000083682,0.0800000000002092,0.8000000000010459,0.5000000000037971,3.190623862066694
2026-06-04 11:04:58.501197,0.4000000000083682,0.0800000000002092,0.8000000000010459,0.5000000000037971,3.190623862066694
2026-06-04 11:04:59.501556,0.4000000000083682,0.0800000000002092,0.8000000000010459,0.5000000000037971,3.190623862066694
2026-06-04 11:05:00.501765,0.4000000000083682,0.0800000000002092,0.8000000000010459,0.5000000000037971,3.190623862066694
2026-06-04 11:05:01.501765,0.4000000000083682,0.0800000000002092,0.8000000000010459,0.5000000000037971,3.190623862066694
2026-06-04 11:05:02.501765,0.4000000000083682,0.0800000000002092,0.8000000000010459,0.5000000000037971,3.190623862066694
2026-06-04 11:05:03.501765,0.40000000000251046,0.08000000000006276,0.8000000000003137,0.5000000000011391,3.190623862066694
2026-06-04 11:05:04.503384,0.40000000000251046,0.08000000000006276,0.8000000000003137,0.5000000000011391,3.190623862066694
2026-06-04 11:05:05.503384,0.40000000000251046,0.08000000000006276,0.8000000000003137,0.5000000000011391,3.190623862066694
2026-06-04 11:05:06.503385,0.40000000000251046,0.08000000000006276,0.8000000000003137,0.5000000000011391,3.190623862066694
2026-06-04 11:05:07.505789,0.40000000000251046,0.08000000000006276,0.8000000000003137,0.5000000000011391,3.190623862066694
2026-06-04 11:05:08.505789,0.40000000000251046,0.08000000000006276,0.8000000000003137,0.5000000000011391,3.190623862066694
2026-06-04 11:05:09.505789,0.40000000000251046,0.08000000000006276,0.8000000000003137,0.5000000000011391,3.190623862066694
2026-06-04 11:05:10.509538,0.40000000000251046,0.08000000000006276,0.8000000000003137,0.5000000000011391,3.190623862066694
2026-06-04 11:05:11.509549,0.40000000000251046,0.08000000000006276,0.8000000000003137,0.5000000000011391,3.190623862066694
2026-06-04 11:05:12.509549,0.40000000000251046,0.08000000000006276,0.8000000000003137,0.5000000000011391,3.190623862066694
2026-06-04 11:05:13.509556,0.40000000000251046,0.08000000000006276,0.8000000000003137,0.5000000000011391,3.190623862066694
2026-06-04 11:05:14.509556,0.4000000000007531,0.08000000000001882,0.800000000000094,0.5000000000003417,3.190623862066694
2026-06-04 11:05:15.515923,0.4000000000007531,0.08000000000001882,0.800000000000094,0.5000000000003417,3.190623862066694
2026-06-04 11:05:16.515923,0.4000000000007531,0.08000000000001882,0.800000000000094,0.5000000000003417,3.190623862066694
2026-06-04 11:05:17.515923,0.4000000000007531,0.08000000000001882,0.800000000000094,0.5000000000003417,3.190623862066694
2026-06-04 11:05:18.515923,0.4000000000007531,0.08000000000001882,0.800000000000094,0.5000000000003417,3.190623862066694
2026-06-04 11:05:19.516046,0.4000000000007531,0.08000000000001882,0.800000000000094,0.5000000000003417,3.190623862066694
2026-06-04 11:05:20.516046,0.4000000000007531,0.08000000000001882,0.800000000000094,0.5000000000003417,3.190623862066694
2026-06-04 11:05:21.519271,0.4000000000007531,0.08000000000001882,0.800000000000094,0.5000000000003417,3.190623862066694
2026-06-04 11:05:22.519271,0.4000000000007531,0.08000000000001882,0.800000000000094,0.5000000000003417,3.190623862066694
2026-06-04 11:05:23.519271,0.4000000000007531,0.08000000000001882,0.800000000000094,0.5000000000003417,3.190623862066694
2026-06-04 11:05:24.519271,0.4000000000002259,0.08000000000000564,0.8000000000000281,0.5000000000001025,3.190623862066694
2026-06-04 11:05:25.519272,0.4000000000002259,0.08000000000000564,0.8000000000000281,0.5000000000001025,3.190623862066694
2026-06-04 11:05:26.519272,0.4000000000002259,0.08000000000000564,0.8000000000000281,0.5000000000001025,3.190623862066694
2026-06-04 11:05:27.519272,0.4000000000002259,0.08000000000000564,0.8000000000000281,0.5000000000001025,3.190623862066694
2026-06-04 11:05:28.519272,0.4000000000002259,0.08000000000000564,0.8000000000000281,0.5000000000001025,3.190623862066694
2026-06-04 11:05:29.523156,0.4000000000002259,0.08000000000000564,0.8000000000000281,0.5000000000001025,3.190623862066694
2026-06-04 11:05:30.526559,0.4000000000002259,0.08000000000000564,0.8000000000000281,0.5000000000001025,3.190623862066694
2026-06-04 11:05:31.526559,0.4000000000002259,0.08000000000000564,0.8000000000000281,0.5000000000001025,3.190623862066694
2026-06-04 11:05:32.529788,0.4000000000002259,0.08000000000000564,0.8000000000000281,0.5000000000001025,3.190623862066694
2026-06-04 11:05:33.541325,0.4000000000002259,0.08000000000000564,0.8000000000000281,0.5000000000001025,3.190623862066694
2026-06-04 11:05:34.541423,0.40000000000006775,0.08000000000000168,0.8000000000000084,0.5000000000000308,3.190623862066694
2026-06-04 11:05:35.541423,0.40000000000006775,0.08000000000000168,0.8000000000000084,0.5000000000000308,3.190623862066694
2026-06-04 11:05:36.541432,0.40000000000006775,0.08000000000000168,0.8000000000000084,0.5000000000000308,3.190623862066694
2026-06-04 11:05:37.541432,0.40000000000006775,0.08000000000000168,0.8000000000000084,0.5000000000000308,3.190623862066694
2026-06-04 11:05:38.541432,0.40000000000006775,0.08000000000000168,0.8000000000000084,0.5000000000000308,3.190623862066694
2026-06-04 11:05:39.541553,0.40000000000006775,0.08000000000000168,0.8000000000000084,0.5000000000000308,3.190623862066694
2026-06-04 11:05:40.541564,0.40000000000006775,0.08000000000000168,0.8000000000000084,0.5000000000000308,3.190623862066694
2026-06-04 11:05:41.575715,0.40000000000006775,0.08000000000000168,0.8000000000000084,0.5000000000000308,3.190623862066694
2026-06-04 11:05:42.599803,0.40000000000006775,0.08000000000000168,0.8000000000000084,0.5000000000000308,3.190623862066694
2026-06-04 11:05:43.599807,0.40000000000006775,0.08000000000000168,0.8000000000000084,0.5000000000000308,3.190623862066694
2026-06-04 11:05:44.599807,0.4000000000000203,0.0800000000000005,0.8000000000000025,0.5000000000000092,3.190623862066694
2026-06-04 11:05:45.599807,0.4000000000000203,0.0800000000000005,0.8000000000000025,0.5000000000000092,3.190623862066694
2026-06-04 11:05:46.599807,0.4000000000000203,0.0800000000000005,0.8000000000000025,0.5000000000000092,3.190623862066694
2026-06-04 11:05:47.599807,0.4000000000000203,0.0800000000000005,0.8000000000000025,0.5000000000000092,3.190623862066694
2026-06-04 11:05:48.599846,0.4000000000000203,0.0800000000000005,0.8000000000000025,0.5000000000000092,3.190623862066694
2026-06-04 11:05:49.599846,0.4000000000000203,0.0800000000000005,0.8000000000000025,0.5000000000000092,3.190623862066694
2026-06-04 11:05:50.599855,0.4000000000000203,0.0800000000000005,0.8000000000000025,0.5000000000000092,3.190623862066694
2026-06-04 11:05:51.599869,0.4000000000000203,0.0800000000000005,0.8000000000000025,0.5000000000000092,3.190623862066694
2026-06-04 11:05:52.600001,0.4000000000000203,0.0800000000000005,0.8000000000000025,0.5000000000000092,3.190623862066694
2026-06-04 11:05:53.602109,0.4000000000000203,0.0800000000000005,0.8000000000000025,0.5000000000000092,3.190623862066694
2026-06-04 11:05:54.602111,0.400000000000006,0.08000000000000014,0.8000000000000007,0.5000000000000028,3.190623862066694
2026-06-04 11:05:55.602111,0.400000000000006,0.08000000000000014,0.8000000000000007,0.5000000000000028,3.190623862066694
2026-06-04 11:05:56.602273,0.400000000000006,0.08000000000000014,0.8000000000000007,0.5000000000000028,3.190623862066694
2026-06-04 11:05:57.602273,0.400000000000006,0.08000000000000014,0.8000000000000007,0.5000000000000028,3.190623862066694
2026-06-04 11:05:58.602273,0.400000000000006,0.08000000000000014,0.8000000000000007,0.5000000000000028,3.190623862066694
2026-06-04 11:05:59.602295,0.400000000000006,0.08000000000000014,0.8000000000000007,0.5000000000000028,3.190623862066694
2026-06-04 11:06:00.603054,0.400000000000006,0.08000000000000014,0.8000000000000007,0.5000000000000028,3.190623862066694
2026-06-04 11:06:01.609032,0.400000000000006,0.08000000000000014,0.8000000000000007,0.5000000000000028,3.190623862066694
2026-06-04 11:06:02.610060,0.400000000000006,0.08000000000000014,0.8000000000000007,0.5000000000000028,3.190623862066694
2026-06-04 11:06:03.610060,0.400000000000006,0.08000000000000014,0.8000000000000007,0.5000000000000028,3.190623862066694
2026-06-04 11:06:04.614174,0.400000000000006,0.08000000000000014,0.8000000000000007,0.5000000000000028,3.190623862066694
2026-06-04 11:06:05.614618,0.4000000000000018,0.08000000000000004,0.8000000000000002,0.5000000000000008,3.190623862066694
2026-06-04 11:06:06.614618,0.4000000000000018,0.08000000000000004,0.8000000000000002,0.5000000000000008,3.190623862066694
2026-06-04 11:06:07.614618,0.4000000000000018,0.08000000000000004,0.8000000000000002,0.5000000000000008,3.190623862066694
2026-06-04 11:06:08.614618,0.4000000000000018,0.08000000000000004,0.8000000000000002,0.5000000000000008,3.190623862066694
2026-06-04 11:06:09.614618,0.4000000000000018,0.08000000000000004,0.8000000000000002,0.5000000000000008,3.190623862066694
2026-06-04 11:06:10.616540,0.4000000000000018,0.08000000000000004,0.8000000000000002,0.5000000000000008,3.190623862066694
2026-06-04 11:06:11.616600,0.4000000000000018,0.08000000000000004,0.8000000000000002,0.5000000000000008,3.190623862066694
2026-06-04 11:06:12.618373,0.4000000000000018,0.08000000000000004,0.8000000000000002,0.5000000000000008,3.190623862066694
2026-06-04 11:06:13.626936,0.4000000000000018,0.08000000000000004,0.8000000000000002,0.5000000000000008,3.190623862066694
2026-06-04 11:06:14.626936,0.4000000000000018,0.08000000000000004,0.8000000000000002,0.5000000000000008,3.190623862066694
2026-06-04 11:06:15.630746,0.4000000000000005,0.08,0.8,0.5000000000000002,3.190623862066694
2026-06-04 11:06:16.632084,0.4000000000000005,0.08,0.8,0.5000000000000002,3.190623862066694
2026-06-04 11:06:17.632084,0.4000000000000005,0.08,0.8,0.5000000000000002,3.190623862066694
2026-06-04 11:06:18.632084,0.4000000000000005,0.08,0.8,0.5000000000000002,3.190623862066694
2026-06-04 11:06:19.632199,0.4000000000000005,0.08,0.8,0.5000000000000002,3.190623862066694
2026-06-04 11:06:20.632201,0.4000000000000005,0.08,0.8,0.5000000000000002,3.190623862066694
2026-06-04 11:06:21.632201,0.4000000000000005,0.08,0.8,0.5000000000000002,3.190623862066694
2026-06-04 11:06:22.632201,0.4000000000000005,0.08,0.8,0.5000000000000002,3.190623862066694
2026-06-04 11:06:23.634969,0.4000000000000005,0.08,0.8,0.5000000000000002,3.190623862066694
2026-06-04 11:06:24.634969,0.4000000000000005,0.08,0.8,0.5000000000000002,3.190623862066694
2026-06-04 11:06:25.671381,0.40000000000000013,0.07999999999999999,0.7999999999999999,0.5,3.190623862066694
2026-06-04 11:06:26.676297,0.40000000000000013,0.07999999999999999,0.7999999999999999,0.5,3.190623862066694
2026-06-04 11:06:27.680195,0.40000000000000013,0.07999999999999999,0.7999999999999999,0.5,3.190623862066694
2026-06-04 11:06:28.692075,0.40000000000000013,0.07999999999999999,0.7999999999999999,0.5,3.190623862066694
2026-06-04 11:06:29.692077,0.40000000000000013,0.07999999999999999,0.7999999999999999,0.5,3.190623862066694
2026-06-04 11:06:30.692077,0.40000000000000013,0.07999999999999999,0.7999999999999999,0.5,3.190623862066694
2026-06-04 11:06:31.692077,0.40000000000000013,0.07999999999999999,0.7999999999999999,0.5,3.190623862066694
2026-06-04 11:06:32.692136,0.40000000000000013,0.07999999999999999,0.7999999999999999,0.5,3.190623862066694
2026-06-04 11:06:33.692191,0.40000000000000013,0.07999999999999999,0.7999999999999999,0.5,3.190623862066694
2026-06-04 11:06:34.692198,0.40000000000000013,0.07999999999999999,0.7999999999999999,0.5,3.190623862066694
2026-06-04 11:06:35.692198,0.4,0.07999999999999999,0.7999999999999999,0.5,3.190623862066694
2026-06-04 11:06:36.692198,0.4,0.07999999999999999,0.7999999999999999,0.5,3.190623862066694
2026-06-04 11:06:37.692198,0.4,0.07999999999999999,0.7999999999999999,0.5,3.190623862066694
2026-06-04 11:06:38.693283,0.4,0.07999999999999999,0.7999999999999999,0.5,3.190623862066694
2026-06-04 11:06:39.693283,0.4,0.07999999999999999,0.7999999999999999,0.5,3.190623862066694
2026-06-04 11:06:40.693283,0.4,0.07999999999999999,0.7999999999999999,0.5,3.190623862066694
2026-06-04 11:06:41.693283,0.4,0.07999999999999999,0.7999999999999999,0.5,3.190623862066694
2026-06-04 11:06:42.693283,0.4,0.07999999999999999,0.7999999999999999,0.5,3.190623862066694
2026-06-04 11:06:43.693290,0.4,0.07999999999999999,0.7999999999999999,0.5,3.190623862066694
2026-06-04 11:06:44.697982,0.4,0.07999999999999999,0.7999999999999999,0.5,3.190623862066694
2026-06-04 11:06:45.715504,0.39999999999999997,0.07999999999999999,0.7999999999999999,0.5,3.190623862066694
2026-06-04 11:06:46.715504,0.39999999999999997,0.07999999999999999,0.7999999999999999,0.5,3.190623862066694
2026-06-04 11:06:47.715504,0.39999999999999997,0.07999999999999999,0.7999999999999999,0.5,3.190623862066694
2026-06-04 11:06:48.715504,0.39999999999999997,0.07999999999999999,0.7999999999999999,0.5,3.190623862066694
2026-06-04 11:06:49.715914,0.39999999999999997,0.07999999999999999,0.7999999999999999,0.5,3.190623862066694
2026-06-04 11:06:50.715914,0.39999999999999997,0.07999999999999999,0.7999999999999999,0.5,3.190623862066694
2026-06-04 11:06:51.732437,0.39999999999999997,0.07999999999999999,0.7999999999999999,0.5,3.190623862066694
2026-06-04 11:06:52.732437,0.39999999999999997,0.07999999999999999,0.7999999999999999,0.5,3.190623862066694
2026-06-04 11:06:53.732686,0.39999999999999997,0.07999999999999999,0.7999999999999999,0.5,3.190623862066694
2026-06-04 11:06:54.732686,0.39999999999999997,0.07999999999999999,0.7999999999999999,0.5,3.190623862066694
2026-06-04 11:06:55.733498,0.39999999999999997,0.07999999999999999,0.7999999999999999,0.5,3.190623862066694
2026-06-04 11:06:56.733498,0.39999999999999997,0.07999999999999999,0.7999999999999999,0.5,3.190623862066694
2026-06-04 11:06:57.733498,0.39999999999999997,0.07999999999999999,0.7999999999999999,0.5,3.190623862066694
2026-06-04 11:06:58.733498,0.39999999999999997,0.07999999999999999,0.7999999999999999,0.5,3.190623862066694
2026-06-04 11:06:59.733498,0.39999999999999997,0.07999999999999999,0.7999999999999999,0.5,3.190623862066694
2026-06-04 11:07:00.733498,0.39999999999999997,0.07999999999999999,0.7999999999999999,0.5,3.190623862066694
2026-06-04 11:07:01.733498,0.39999999999999997,0.07999999999999999,0.7999999999999999,0.5,3.190623862066694
2026-06-04 11:07:02.733708,0.39999999999999997,0.07999999999999999,0.7999999999999999,0.5,3.190623862066694
2026-06-04 11:07:03.733708,0.39999999999999997,0.07999999999999999,0.7999999999999999,0.5,3.190623862066694
2026-06-04 11:07:04.733708,0.39999999999999997,0.07999999999999999,0.7999999999999999,0.5,3.190623862066694
2026-06-04 11:07:05.733708,0.39999999999999997,0.07999999999999999,0.7999999999999999,0.5,3.190623862066694
2026-06-04 11:07:06.733708,0.39999999999999997,0.07999999999999999,0.7999999999999999,0.5,3.190623862066694
2026-06-04 11:07:07.733708,0.39999999999999997,0.07999999999999999,0.7999999999999999,0.5,3.190623862066694
2026-06-04 11:07:08.735692,0.39999999999999997,0.07999999999999999,0.7999999999999999,0.5,3.190623862066694
2026-06-04 11:07:09.735898,0.39999999999999997,0.07999999999999999,0.7999999999999999,0.5,3.190623862066694
2026-06-04 11:07:10.749457,0.39999999999999997,0.07999999999999999,0.7999999999999999,0.5,3.190623862066694
2026-06-04 11:07:11.750311,0.39999999999999997,0.07999999999999999,0.7999999999999999,0.5,3.190623862066694
2026-06-04 11:07:12.750311,0.39999999999999997,0.07999999999999999,0.7999999999999999,0.5,3.190623862066694
2026-06-04 11:07:13.750311,0.39999999999999997,0.07999999999999999,0.7999999999999999,0.5,3.190623862066694
2026-06-04 11:07:14.750311,0.39999999999999997,0.07999999999999999,0.7999999999999999,0.5,3.190623862066694
2026-06-04 11:07:15.757406,0.39999999999999997,0.07999999999999999,0.7999999999999999,0.5,3.190623862066694
2026-06-04 11:07:16.757920,0.39999999999999997,0.07999999999999999,0.7999999999999999,0.5,3.190623862066694
2026-06-04 11:07:17.758087,0.39999999999999997,0.07999999999999999,0.7999999999999999,0.5,3.190623862066694
2026-06-04 11:07:18.758088,0.39999999999999997,0.07999999999999999,0.7999999999999999,0.5,3.190623862066694
2026-06-04 11:07:19.762401,0.39999999999999997,0.07999999999999999,0.7999999999999999,0.5,3.190623862066694
2026-06-04 11:07:20.770376,0.39999999999999997,0.07999999999999999,0.7999999999999999,0.5,3.190623862066694
2026-06-04 11:07:21.773575,0.39999999999999997,0.07999999999999999,0.7999999999999999,0.5,3.190623862066694
2026-06-04 11:07:22.773575,0.39999999999999997,0.07999999999999999,0.7999999999999999,0.5,3.190623862066694
2026-06-04 11:07:23.773575,0.39999999999999997,0.07999999999999999,0.7999999999999999,0.5,3.190623862066694
2026-06-04 11:07:24.773575,0.39999999999999997,0.07999999999999999,0.7999999999999999,0.5,3.190623862066694
2026-06-04 11:07:25.773575,0.39999999999999997,0.07999999999999999,0.7999999999999999,0.5,3.190623862066694
2026-06-04 11:07:26.786407,0.39999999999999997,0.07999999999999999,0.7999999999999999,0.5,3.190623862066694
2026-06-04 11:07:27.787712,0.39999999999999997,0.07999999999999999,0.7999999999999999,0.5,3.190623862066694
2026-06-04 11:07:28.797713,0.39999999999999997,0.07999999999999999,0.7999999999999999,0.5,3.190623862066694
2026-06-04 11:07:29.799760,0.39999999999999997,0.07999999999999999,0.7999999999999999,0.5,3.190623862066694
2026-06-04 11:07:30.799760,0.39999999999999997,0.07999999999999999,0.7999999999999999,0.5,3.190623862066694
2026-06-04 11:07:31.799762,0.39999999999999997,0.07999999999999999,0.7999999999999999,0.5,3.190623862066694
2026-06-04 11:07:32.808676,0.39999999999999997,0.07999999999999999,0.7999999999999999,0.5,3.190623862066694
2026-06-04 11:07:33.809011,0.39999999999999997,0.07999999999999999,0.7999999999999999,0.5,3.190623862066694
2026-06-04 11:07:34.809011,0.39999999999999997,0.07999999999999999,0.7999999999999999,0.5,3.190623862066694
2026-06-04 11:07:35.809011,0.39999999999999997,0.07999999999999999,0.7999999999999999,0.5,3.190623862066694
2026-06-04 11:07:36.810257,0.39999999999999997,0.07999999999999999,0.7999999999999999,0.5,3.190623862066694
2026-06-04 11:07:37.810349,0.39999999999999997,0.07999999999999999,0.7999999999999999,0.5,3.190623862066694
2026-06-04 11:07:38.810381,0.39999999999999997,0.07999999999999999,0.7999999999999999,0.5,3.190623862066694
2026-06-04 11:07:39.811142,0.39999999999999997,0.07999999999999999,0.7999999999999999,0.5,3.190623862066694
2026-06-04 11:07:40.811884,0.39999999999999997,0.07999999999999999,0.7999999999999999,0.5,3.190623862066694
2026-06-04 11:07:41.811886,0.39999999999999997,0.07999999999999999,0.7999999999999999,0.5,3.190623862066694
2026-06-04 11:07:42.811886,0.39999999999999997,0.07999999999999999,0.7999999999999999,0.5,3.190623862066694
2026-06-04 11:07:43.811886,0.39999999999999997,0.07999999999999999,0.7999999999999999,0.5,3.190623862066694
2026-06-04 11:07:44.811886,0.39999999999999997,0.07999999999999999,0.7999999999999999,0.5,3.190623862066694
2026-06-04 11:07:45.814068,0.39999999999999997,0.07999999999999999,0.7999999999999999,0.5,3.190623862066694
2026-06-04 11:07:46.814068,0.39999999999999997,0.07999999999999999,0.7999999999999999,0.5,3.190623862066694
2026-06-04 11:07:47.814068,0.39999999999999997,0.07999999999999999,0.7999999999999999,0.5,3.190623862066694
2026-06-04 11:07:48.814068,0.39999999999999997,0.07999999999999999,0.7999999999999999,0.5,3.190623862066694
2026-06-04 11:07:49.845225,0.39999999999999997,0.07999999999999999,0.7999999999999999,0.5,3.190623862066694
2026-06-04 11:07:50.865425,0.39999999999999997,0.07999999999999999,0.7999999999999999,0.5,3.190623862066694
2026-06-04 11:07:51.870719,0.39999999999999997,0.07999999999999999,0.7999999999999999,0.5,3.190623862066694
2026-06-04 11:07:52.870719,0.39999999999999997,0.07999999999999999,0.7999999999999999,0.5,3.190623862066694
2026-06-04 11:07:53.870755,0.39999999999999997,0.07999999999999999,0.7999999999999999,0.5,3.190623862066694
2026-06-04 11:07:54.870755,0.39999999999999997,0.07999999999999999,0.7999999999999999,0.5,3.190623862066694
2026-06-04 11:07:55.870755,0.39999999999999997,0.07999999999999999,0.7999999999999999,0.5,3.190623862066694
2026-06-04 11:07:56.870755,0.39999999999999997,0.07999999999999999,0.7999999999999999,0.5,3.190623862066694
2026-06-04 11:07:57.870755,0.39999999999999997,0.07999999999999999,0.7999999999999999,0.5,3.190623862066694
2026-06-04 11:07:58.870755,0.39999999999999997,0.07999999999999999,0.7999999999999999,0.5,3.190623862066694
2026-06-04 11:07:59.870755,0.39999999999999997,0.07999999999999999,0.7999999999999999,0.5,3.190623862066694
2026-06-04 11:08:00.870755,0.39999999999999997,0.07999999999999999,0.7999999999999999,0.5,3.190623862066694
2026-06-04 11:08:01.870758,0.39999999999999997,0.07999999999999999,0.7999999999999999,0.5,3.190623862066694
2026-06-04 11:08:02.870761,0.39999999999999997,0.07999999999999999,0.7999999999999999,0.5,3.190623862066694
2026-06-04 11:08:03.883294,0.39999999999999997,0.07999999999999999,0.7999999999999999,0.5,3.190623862066694
2026-06-04 11:08:04.888610,0.39999999999999997,0.07999999999999999,0.7999999999999999,0.5,3.190623862066694
2026-06-04 11:08:05.888610,0.39999999999999997,0.07999999999999999,0.7999999999999999,0.5,3.190623862066694
2026-06-04 11:08:06.888642,0.39999999999999997,0.07999999999999999,0.7999999999999999,0.5,3.190623862066694
2026-06-04 11:08:07.888642,0.39999999999999997,0.07999999999999999,0.7999999999999999,0.5,3.190623862066694
2026-06-04 11:08:08.888642,0.39999999999999997,0.07999999999999999,0.7999999999999999,0.5,3.190623862066694
2026-06-04 11:08:09.888642,0.39999999999999997,0.07999999999999999,0.7999999999999999,0.5,3.190623862066694
2026-06-04 11:08:10.888642,0.39999999999999997,0.07999999999999999,0.7999999999999999,0.5,3.190623862066694
2026-06-04 11:08:11.888787,0.39999999999999997,0.07999999999999999,0.7999999999999999,0.5,3.190623862066694
2026-06-04 11:08:12.897974,0.39999999999999997,0.07999999999999999,0.7999999999999999,0.5,3.190623862066694
2026-06-04 11:08:13.897974,0.39999999999999997,0.07999999999999999,0.7999999999999999,0.5,3.190623862066694
2026-06-04 11:08:14.897974,0.39999999999999997,0.07999999999999999,0.7999999999999999,0.5,3.190623862066694
2026-06-04 11:08:15.897974,0.39999999999999997,0.07999999999999999,0.7999999999999999,0.5,3.190623862066694
2026-06-04 11:08:16.897974,0.39999999999999997,0.07999999999999999,0.7999999999999999,0.5,3.190623862066694
2026-06-04 11:08:17.897974,0.39999999999999997,0.07999999999999999,0.7999999999999999,0.5,3.190623862066694
2026-06-04 11:08:18.897974,0.39999999999999997,0.07999999999999999,0.7999999999999999,0.5,3.190623862066694
2026-06-04 11:08:19.897974,0.39999999999999997,0.07999999999999999,0.7999999999999999,0.5,3.190623862066694
2026-06-04 11:08:20.897974,0.39999999999999997,0.07999999999999999,0.7999999999999999,0.5,3.190623862066694
2026-06-04 11:08:21.897974,0.39999999999999997,0.07999999999999999,0.7999999999999999,0.5,3.190623862066694
2026-06-04 11:08:22.899427,0.39999999999999997,0.07999999999999999,0.7999999999999999,0.5,3.190623862066694
2026-06-04 11:08:23.899427,0.39999999999999997,0.07999999999999999,0.7999999999999999,0.5,3.190623862066694
2026-06-04 11:08:24.899427,0.39999999999999997,0.07999999999999999,0.7999999999999999,0.5,3.190623862066694
2026-06-04 11:08:25.904839,0.39999999999999997,0.07999999999999999,0.7999999999999999,0.5,3.190623862066694
2026-06-04 11:08:26.904839,0.39999999999999997,0.07999999999999999,0.7999999999999999,0.5,3.190623862066694
2026-06-04 11:08:27.904840,0.39999999999999997,0.07999999999999999,0.7999999999999999,0.5,3.190623862066694
2026-06-04 11:08:28.904840,0.39999999999999997,0.07999999999999999,0.7999999999999999,0.5,3.190623862066694
2026-06-04 11:08:29.908769,0.39999999999999997,0.07999999999999999,0.7999999999999999,0.5,3.190623862066694
2026-06-04 11:08:30.908769,0.39999999999999997,0.07999999999999999,0.7999999999999999,0.5,3.190623862066694
2026-06-04 11:08:31.908769,0.39999999999999997,0.07999999999999999,0.7999999999999999,0.5,3.190623862066694
2026-06-04 11:08:32.908769,0.39999999999999997,0.07999999999999999,0.7999999999999999,0.5,3.190623862066694
2026-06-04 11:08:33.908769,0.39999999999999997,0.07999999999999999,0.7999999999999999,0.5,3.190623862066694
2026-06-04 11:08:34.908796,0.39999999999999997,0.07999999999999999,0.7999999999999999,0.5,3.190623862066694
2026-06-04 11:08:35.909104,0.39999999999999997,0.07999999999999999,0.7999999999999999,0.5,3.190623862066694
2026-06-04 11:08:36.911601,0.39999999999999997,0.07999999999999999,0.7999999999999999,0.5,3.190623862066694
2026-06-04 11:08:37.911601,0.39999999999999997,0.07999999999999999,0.7999999999999999,0.5,3.190623862066694
2026-06-04 11:08:38.911601,0.39999999999999997,0.07999999999999999,0.7999999999999999,0.5,3.190623862066694
2026-06-04 11:08:39.911601,0.39999999999999997,0.07999999999999999,0.7999999999999999,0.5,3.190623862066694
2026-06-04 11:08:40.911601,0.39999999999999997,0.07999999999999999,0.7999999999999999,0.5,3.190623862066694
2026-06-04 11:08:41.911601,0.39999999999999997,0.07999999999999999,0.7999999999999999,0.5,3.190623862066694
2026-06-04 11:08:42.911601,0.39999999999999997,0.07999999999999999,0.7999999999999999,0.5,3.190623862066694
2026-06-04 11:08:43.911601,0.39999999999999997,0.07999999999999999,0.7999999999999999,0.5,3.190623862066694
2026-06-04 11:08:44.915321,0.39999999999999997,0.07999999999999999,0.7999999999999999,0.5,3.190623862066694
2026-06-04 11:08:45.915321,0.39999999999999997,0.07999999999999999,0.7999999999999999,0.5,3.190623862066694
2026-06-04 11:08:46.915321,0.39999999999999997,0.07999999999999999,0.7999999999999999,0.5,3.190623862066694
2026-06-04 11:08:47.920820,0.39999999999999997,0.07999999999999999,0.7999999999999999,0.5,3.291476132952474
2026-06-04 11:08:48.920822,0.39999999999999997,0.07999999999999999,0.7999999999999999,0.5,3.291476132952474
2026-06-04 11:08:49.920906,0.39999999999999997,0.07999999999999999,0.7999999999999999,0.5,3.291476132952474
2026-06-04 11:08:50.922113,0.39999999999999997,0.07999999999999999,0.7999999999999999,0.5,3.291476132952474
2026-06-04 11:08:51.922457,0.39999999999999997,0.07999999999999999,0.7999999999999999,0.5,3.291476132952474
2026-06-04 11:08:52.923841,0.39999999999999997,0.07999999999999999,0.7999999999999999,0.5,3.291476132952474
2026-06-04 11:08:53.923841,0.39999999999999997,0.07999999999999999,0.7999999999999999,0.5,3.293788436113441
2026-06-04 11:08:58.557130,0.39999999999999997,0.07999999999999999,0.7999999999999999,0.5,3.293788436113441
2026-06-04 11:08:59.574410,0.39999999999999997,0.07999999999999999,0.7999999999999999,0.5,3.293788436113441
2026-06-04 11:09:00.574410,0.39999999999999997,0.07999999999999999,0.7999999999999999,0.5,3.293788436113441
2026-06-04 11:09:01.577469,0.39999999999999997,0.07999999999999999,0.7999999999999999,0.5,3.293788436113441
2026-06-04 11:09:02.595844,0.39999999999999997,0.07999999999999999,0.7999999999999999,0.5,3.293788436113441
2026-06-04 11:09:03.595844,0.39999999999999997,0.07999999999999999,0.7999999999999999,0.5,3.293788436113441
2026-06-04 11:09:04.605624,0.39999999999999997,0.07999999999999999,0.7999999999999999,0.5,3.293788436113441
2026-06-04 11:09:05.606712,0.39999999999999997,0.07999999999999999,0.7999999999999999,0.5,3.293788436113441
2026-06-04 11:09:06.606712,0.39999999999999997,0.07999999999999999,0.7999999999999999,0.5,3.293788436113441
2026-06-04 11:09:07.606712,0.39999999999999997,0.07999999999999999,0.7999999999999999,0.5,3.293788436113441
2026-06-04 11:09:08.606712,0.39999999999999997,0.07999999999999999,0.7999999999999999,0.5,3.293788436113441
2026-06-04 11:09:09.606716,0.39999999999999997,0.07999999999999999,0.7999999999999999,0.5,3.293788436113441
2026-06-04 11:09:10.606716,0.39999999999999997,0.07999999999999999,0.7999999999999999,0.5,3.293788436113441
2026-06-04 11:09:11.606741,0.39999999999999997,0.07999999999999999,0.7999999999999999,0.5,3.293788436113441
2026-06-04 11:09:12.606741,0.39999999999999997,0.07999999999999999,0.7999999999999999,0.5,3.293788436113441
2026-06-04 11:09:13.606741,0.39999999999999997,0.07999999999999999,0.7999999999999999,0.5,3.293788436113441
2026-06-04 11:09:14.620606,0.39999999999999997,0.07999999999999999,0.7999999999999999,0.5,3.293788436113441
2026-06-04 11:09:15.620828,0.39999999999999997,0.07999999999999999,0.7999999999999999,0.5,3.293788436113441
2026-06-04 11:09:16.621020,0.39999999999999997,0.07999999999999999,0.7999999999999999,0.5,3.293788436113441
2026-06-04 11:09:17.623689,0.39999999999999997,0.07999999999999999,0.7999999999999999,0.5,3.293788436113441
2026-06-04 11:09:18.623689,0.39999999999999997,0.07999999999999999,0.7999999999999999,0.5,3.293788436113441
2026-06-04 11:09:19.623689,0.39999999999999997,0.07999999999999999,0.7999999999999999,0.5,3.293788436113441
2026-06-04 11:09:20.623689,0.39999999999999997,0.07999999999999999,0.7999999999999999,0.5,3.293788436113441
2026-06-04 11:09:21.629147,0.39999999999999997,0.07999999999999999,0.7999999999999999,0.5,3.293788436113441
2026-06-04 11:09:22.629147,0.39999999999999997,0.07999999999999999,0.7999999999999999,0.5,3.293788436113441
2026-06-04 11:09:23.629147,0.39999999999999997,0.07999999999999999,0.7999999999999999,0.5,3.293788436113441
2026-06-04 11:09:24.629147,0.39999999999999997,0.07999999999999999,0.7999999999999999,0.5,3.293788436113441
2026-06-04 11:09:25.635012,0.39999999999999997,0.07999999999999999,0.7999999999999999,0.5,3.293788436113441
2026-06-04 11:09:26.635012,0.39999999999999997,0.07999999999999999,0.7999999999999999,0.5,3.293788436113441
2026-06-04 11:09:27.635132,0.39999999999999997,0.07999999999999999,0.7999999999999999,0.5,3.293788436113441
2026-06-04 11:09:28.635132,0.39999999999999997,0.07999999999999999,0.7999999999999999,0.5,3.293788436113441
2026-06-04 11:09:29.635132,0.39999999999999997,0.07999999999999999,0.7999999999999999,0.5,3.293788436113441
2026-06-04 11:09:30.637239,0.39999999999999997,0.07999999999999999,0.7999999999999999,0.5,3.293788436113441
2026-06-04 11:09:31.637239,0.39999999999999997,0.07999999999999999,0.7999999999999999,0.5,3.293788436113441
2026-06-04 11:09:32.644588,0.39999999999999997,0.07999999999999999,0.7999999999999999,0.5,3.293788436113441
2026-06-04 11:09:33.644589,0.39999999999999997,0.07999999999999999,0.7999999999999999,0.5,3.293788436113441
2026-06-04 11:09:34.644589,0.39999999999999997,0.07999999999999999,0.7999999999999999,0.5,3.293788436113441
2026-06-04 11:09:35.644589,0.39999999999999997,0.07999999999999999,0.7999999999999999,0.5,3.293788436113441
2026-06-04 11:09:36.644613,0.39999999999999997,0.07999999999999999,0.7999999999999999,0.5,3.293788436113441
2026-06-04 11:09:37.644613,0.39999999999999997,0.07999999999999999,0.7999999999999999,0.5,3.293788436113441
2026-06-04 11:09:38.644613,0.39999999999999997,0.07999999999999999,0.7999999999999999,0.5,3.293788436113441
2026-06-04 11:09:39.644613,0.39999999999999997,0.07999999999999999,0.7999999999999999,0.5,3.293788436113441
2026-06-04 11:09:40.644613,0.39999999999999997,0.07999999999999999,0.7999999999999999,0.5,3.293788436113441
2026-06-04 11:09:41.644613,0.39999999999999997,0.07999999999999999,0.7999999999999999,0.5,3.293788436113441
2026-06-04 11:09:42.644615,0.39999999999999997,0.07999999999999999,0.7999999999999999,0.5,3.293788436113441
2026-06-04 11:09:43.644615,0.39999999999999997,0.07999999999999999,0.7999999999999999,0.5,3.293788436113441
2026-06-04 11:09:44.644615,0.39999999999999997,0.07999999999999999,0.7999999999999999,0.5,3.293788436113441
2026-06-04 11:09:45.645372,0.39999999999999997,0.07999999999999999,0.7999999999999999,0.5,3.293788436113441
2026-06-04 11:09:46.646491,0.39999999999999997,0.07999999999999999,0.7999999999999999,0.5,3.293788436113441
2026-06-04 11:09:47.650300,0.39999999999999997,0.07999999999999999,0.7999999999999999,0.5,3.293788436113441
2026-06-04 11:09:48.650303,0.39999999999999997,0.07999999999999999,0.7999999999999999,0.5,3.293788436113441
2026-06-04 11:09:49.650303,0.39999999999999997,0.07999999999999999,0.7999999999999999,0.5,3.293788436113441
2026-06-04 11:09:50.650303,0.39999999999999997,0.07999999999999999,0.7999999999999999,0.5,3.293788436113441
2026-06-04 11:09:51.650318,0.39999999999999997,0.07999999999999999,0.7999999999999999,0.5,3.293788436113441
2026-06-04 11:09:52.650567,0.39999999999999997,0.07999999999999999,0.7999999999999999,0.5,3.293788436113441
2026-06-04 11:09:53.650567,0.39999999999999997,0.07999999999999999,0.7999999999999999,0.5,3.293788436113441
2026-06-04 11:09:54.651838,0.39999999999999997,0.07999999999999999,0.7999999999999999,0.5,3.293788436113441
2026-06-04 11:09:55.652327,0.39999999999999997,0.07999999999999999,0.7999999999999999,0.5,3.293788436113441
2026-06-04 11:09:56.652333,0.39999999999999997,0.07999999999999999,0.7999999999999999,0.5,3.293788436113441
2026-06-04 11:09:57.652333,0.39999999999999997,0.07999999999999999,0.7999999999999999,0.5,3.293788436113441
2026-06-04 11:09:58.652333,0.39999999999999997,0.07999999999999999,0.7999999999999999,0.5,3.293788436113441
2026-06-04 11:09:59.652333,0.39999999999999997,0.07999999999999999,0.7999999999999999,0.5,3.293788436113441
2026-06-04 11:10:00.652333,0.39999999999999997,0.07999999999999999,0.7999999999999999,0.5,3.293788436113441
2026-06-04 11:10:01.652337,0.39999999999999997,0.07999999999999999,0.7999999999999999,0.5,3.293788436113441
2026-06-04 11:10:02.652693,0.39999999999999997,0.07999999999999999,0.7999999999999999,0.5,3.293788436113441
2026-06-04 11:10:03.652693,0.39999999999999997,0.07999999999999999,0.7999999999999999,0.5,3.293788436113441
2026-06-04 11:10:04.652693,0.39999999999999997,0.07999999999999999,0.7999999999999999,0.5,3.293788436113441
2026-06-04 11:10:05.652699,0.39999999999999997,0.07999999999999999,0.7999999999999999,0.5,3.293788436113441
2026-06-04 11:10:06.652699,0.39999999999999997,0.07999999999999999,0.7999999999999999,0.5,3.293788436113441
2026-06-04 11:10:07.652699,0.39999999999999997,0.07999999999999999,0.7999999999999999,0.5,3.293788436113441
2026-06-04 11:10:08.652699,0.39999999999999997,0.07999999999999999,0.7999999999999999,0.5,3.293788436113441
2026-06-04 11:10:09.653061,0.39999999999999997,0.07999999999999999,0.7999999999999999,0.5,3.293788436113441
2026-06-04 11:10:10.653061,0.39999999999999997,0.07999999999999999,0.7999999999999999,0.5,3.293788436113441
2026-06-04 11:10:11.653090,0.39999999999999997,0.07999999999999999,0.7999999999999999,0.5,3.293788436113441
2026-06-04 11:10:12.653090,0.39999999999999997,0.07999999999999999,0.7999999999999999,0.5,3.293788436113441
2026-06-04 11:10:13.653098,0.39999999999999997,0.07999999999999999,0.7999999999999999,0.5,3.293788436113441
2026-06-04 11:10:14.653098,0.39999999999999997,0.07999999999999999,0.7999999999999999,0.5,3.293788436113441
2026-06-04 11:10:15.653098,0.39999999999999997,0.07999999999999999,0.7999999999999999,0.5,3.293788436113441
2026-06-04 11:10:16.653098,0.39999999999999997,0.07999999999999999,0.7999999999999999,0.5,3.293788436113441
2026-06-04 11:10:17.653098,0.39999999999999997,0.07999999999999999,0.7999999999999999,0.5,3.293788436113441
2026-06-04 11:10:18.653122,0.39999999999999997,0.07999999999999999,0.7999999999999999,0.5,3.293788436113441
2026-06-04 11:10:19.659627,0.39999999999999997,0.07999999999999999,0.7999999999999999,0.5,3.293788436113441
2026-06-04 11:10:20.659951,0.39999999999999997,0.07999999999999999,0.7999999999999999,0.5,3.293788436113441
2026-06-04 11:10:21.659951,0.39999999999999997,0.07999999999999999,0.7999999999999999,0.5,3.293788436113441
2026-06-04 11:10:22.663401,0.39999999999999997,0.07999999999999999,0.7999999999999999,0.5,3.293788436113441
2026-06-04 11:10:23.663401,0.39999999999999997,0.07999999999999999,0.7999999999999999,0.5,3.293788436113441
2026-06-04 11:10:24.663401,0.39999999999999997,0.07999999999999999,0.7999999999999999,0.5,3.293788436113441
2026-06-04 11:10:25.663401,0.39999999999999997,0.07999999999999999,0.7999999999999999,0.5,3.293788436113441
2026-06-04 11:10:26.663401,0.39999999999999997,0.07999999999999999,0.7999999999999999,0.5,3.293788436113441
2026-06-04 11:10:27.663401,0.39999999999999997,0.07999999999999999,0.7999999999999999,0.5,3.293788436113441
2026-06-04 11:10:28.663401,0.39999999999999997,0.07999999999999999,0.7999999999999999,0.5,3.293788436113441
2026-06-04 11:10:29.663401,0.39999999999999997,0.07999999999999999,0.7999999999999999,0.5,3.293788436113441
2026-06-04 11:10:30.663401,0.39999999999999997,0.07999999999999999,0.7999999999999999,0.5,3.293788436113441
2026-06-04 11:10:31.663401,0.39999999999999997,0.07999999999999999,0.7999999999999999,0.5,3.244568667218722
2026-06-04 11:10:32.663401,0.39999999999999997,0.07999999999999999,0.7999999999999999,0.5,3.244568667218722
2026-06-04 11:10:33.668571,0.39999999999999997,0.07999999999999999,0.7999999999999999,0.5,3.244568667218722
2026-06-04 11:10:34.668997,0.39999999999999997,0.07999999999999999,0.7999999999999999,0.5,3.244568667218722
2026-06-04 11:10:35.668997,0.39999999999999997,0.07999999999999999,0.7999999999999999,0.5,3.244568667218722
2026-06-04 11:10:36.668997,0.39999999999999997,0.07999999999999999,0.7999999999999999,0.5,3.244568667218722
2026-06-04 11:10:37.668997,0.39999999999999997,0.07999999999999999,0.7999999999999999,0.5,3.244568667218722
2026-06-04 11:10:38.668997,0.39999999999999997,0.07999999999999999,0.7999999999999999,0.5,3.244568667218722
2026-06-04 11:10:39.687769,0.39999999999999997,0.07999999999999999,0.7999999999999999,0.5,3.244568667218722
2026-06-04 11:10:40.692976,0.39999999999999997,0.07999999999999999,0.7999999999999999,0.5,3.244568667218722
2026-06-04 11:10:41.705384,0.39999999999999997,0.07999999999999999,0.7999999999999999,0.5,3.1859303960120804
2026-06-04 11:10:42.705389,0.39999999999999997,0.07999999999999999,0.7999999999999999,0.5,3.1859303960120804
2026-06-04 11:10:43.705389,0.39999999999999997,0.07999999999999999,0.7999999999999999,0.5,3.1859303960120804
2026-06-04 11:10:44.707151,0.39999999999999997,0.07999999999999999,0.7999999999999999,0.5,3.1859303960120804
2026-06-04 11:10:45.707151,0.39999999999999997,0.07999999999999999,0.7999999999999999,0.5,3.1859303960120804
2026-06-04 11:10:46.707159,0.39999999999999997,0.07999999999999999,0.7999999999999999,0.5,3.1859303960120804
2026-06-04 11:10:47.708636,0.39999999999999997,0.07999999999999999,0.7999999999999999,0.5,3.1859303960120804
2026-06-04 11:10:48.708636,0.39999999999999997,0.07999999999999999,0.7999999999999999,0.5,3.1859303960120804
2026-06-04 11:10:49.708636,0.39999999999999997,0.07999999999999999,0.7999999999999999,0.5,3.1859303960120804
2026-06-04 11:10:50.712233,0.39999999999999997,0.07999999999999999,0.7999999999999999,0.5,3.1859303960120804
2026-06-04 11:10:51.712233,0.39999999999999997,0.07999999999999999,0.7999999999999999,0.5,3.1859303960120804
2026-06-04 11:10:52.712233,0.39999999999999997,0.07999999999999999,0.7999999999999999,0.5,3.1859303960120804
2026-06-04 11:10:53.712233,0.39999999999999997,0.07999999999999999,0.7999999999999999,0.5,3.1859303960120804
2026-06-04 11:10:54.714110,0.39999999999999997,0.07999999999999999,0.7999999999999999,0.5,3.1859303960120804
2026-06-04 11:10:55.714110,0.39999999999999997,0.07999999999999999,0.7999999999999999,0.5,3.1859303960120804
2026-06-04 11:10:56.714110,0.39999999999999997,0.07999999999999999,0.7999999999999999,0.5,3.1859303960120804
2026-06-04 11:10:57.717813,0.39999999999999997,0.07999999999999999,0.7999999999999999,0.5,3.1859303960120804
2026-06-04 11:10:58.741758,0.39999999999999997,0.07999999999999999,0.7999999999999999,0.5,3.1859303960120804
2026-06-04 11:10:59.742402,0.39999999999999997,0.07999999999999999,0.7999999999999999,0.5,3.1859303960120804
2026-06-04 11:11:00.750541,0.39999999999999997,0.07999999999999999,0.7999999999999999,0.5,3.1859303960120804
2026-06-04 11:11:01.750541,0.39999999999999997,0.07999999999999999,0.7999999999999999,0.5,3.1859303960120804
2026-06-04 11:11:02.758096,0.39999999999999997,0.07999999999999999,0.7999999999999999,0.5,3.1859303960120804
2026-06-04 11:11:03.762831,0.39999999999999997,0.07999999999999999,0.7999999999999999,0.5,3.1859303960120804
2026-06-04 11:11:04.762831,0.39999999999999997,0.07999999999999999,0.7999999999999999,0.5,3.1859303960120804
2026-06-04 11:11:05.762834,0.39999999999999997,0.07999999999999999,0.7999999999999999,0.5,3.1859303960120804
2026-06-04 11:11:06.763629,0.39999999999999997,0.07999999999999999,0.7999999999999999,0.5,3.1859303960120804
2026-06-04 11:11:07.763635,0.39999999999999997,0.07999999999999999,0.7999999999999999,0.5,3.1859303960120804
2026-06-04 11:11:08.763635,0.39999999999999997,0.07999999999999999,0.7999999999999999,0.5,3.1859303960120804
2026-06-04 11:11:09.763707,0.39999999999999997,0.07999999999999999,0.7999999999999999,0.5,3.1859303960120804
2026-06-04 11:11:10.783976,0.39999999999999997,0.07999999999999999,0.7999999999999999,0.5,3.1859303960120804
2026-06-04 11:11:11.783977,0.39999999999999997,0.07999999999999999,0.7999999999999999,0.5,3.1859303960120804
2026-06-04 11:11:12.783977,0.39999999999999997,0.07999999999999999,0.7999999999999999,0.5,3.15145822069498
2026-06-04 11:11:13.783977,0.39999999999999997,0.07999999999999999,0.7999999999999999,0.5,3.15145822069498
2026-06-04 11:11:14.783977,0.39999999999999997,0.07999999999999999,0.7999999999999999,0.5,3.15145822069498
2026-06-04 11:11:15.783977,0.39999999999999997,0.07999999999999999,0.7999999999999999,0.5,3.15145822069498
2026-06-04 11:11:16.783977,0.39999999999999997,0.07999999999999999,0.7999999999999999,0.5,3.15145822069498
2026-06-04 11:11:17.783977,0.39999999999999997,0.07999999999999999,0.7999999999999999,0.5,3.15145822069498
2026-06-04 11:11:18.783977,0.39999999999999997,0.07999999999999999,0.7999999999999999,0.5,3.15145822069498
2026-06-04 11:11:19.783977,0.39999999999999997,0.07999999999999999,0.7999999999999999,0.5,3.15145822069498
2026-06-04 11:11:20.783977,0.39999999999999997,0.07999999999999999,0.7999999999999999,0.5,3.15145822069498
2026-06-04 11:11:21.783977,0.39999999999999997,0.07999999999999999,0.7999999999999999,0.5,3.15145822069498
2026-06-04 11:11:22.783977,0.39999999999999997,0.07999999999999999,0.7999999999999999,0.5,3.15145822069498
2026-06-04 11:11:23.783977,0.39999999999999997,0.07999999999999999,0.7999999999999999,0.5,3.161388151588094
2026-06-04 11:11:24.783977,0.39999999999999997,0.07999999999999999,0.7999999999999999,0.5,3.161388151588094
2026-06-04 11:11:25.783977,0.39999999999999997,0.07999999999999999,0.7999999999999999,0.5,3.161388151588094
2026-06-04 11:11:26.784442,0.39999999999999997,0.07999999999999999,0.7999999999999999,0.5,3.161388151588094
2026-06-04 11:11:27.784442,0.39999999999999997,0.07999999999999999,0.7999999999999999,0.5,3.161388151588094
2026-06-04 11:11:28.784651,0.39999999999999997,0.07999999999999999,0.7999999999999999,0.5,3.161388151588094
2026-06-04 11:11:29.784774,0.39999999999999997,0.07999999999999999,0.7999999999999999,0.5,3.161388151588094
2026-06-04 11:11:30.784774,0.39999999999999997,0.07999999999999999,0.7999999999999999,0.5,3.161388151588094
2026-06-04 11:11:31.784774,0.39999999999999997,0.07999999999999999,0.7999999999999999,0.5,3.161388151588094
2026-06-04 11:11:32.788953,0.39999999999999997,0.07999999999999999,0.7999999999999999,0.5,3.161388151588094
2026-06-04 11:11:33.788953,0.39999999999999997,0.07999999999999999,0.7999999999999999,0.5,3.161388151588094
2026-06-04 11:11:34.790689,0.39999999999999997,0.07999999999999999,0.7999999999999999,0.5,3.161388151588094
2026-06-04 11:11:35.790689,0.39999999999999997,0.07999999999999999,0.7999999999999999,0.5,3.161388151588094
2026-06-04 11:11:36.790689,0.39999999999999997,0.07999999999999999,0.7999999999999999,0.5,3.161388151588094
2026-06-04 11:11:37.791827,0.39999999999999997,0.07999999999999999,0.7999999999999999,0.5,3.161388151588094
2026-06-04 11:11:38.793306,0.39999999999999997,0.07999999999999999,0.7999999999999999,0.5,3.161388151588094
2026-06-04 11:11:39.810290,0.39999999999999997,0.07999999999999999,0.7999999999999999,0.5,3.161388151588094
2026-06-04 11:11:40.810290,0.39999999999999997,0.07999999999999999,0.7999999999999999,0.5,3.161388151588094
2026-06-04 11:11:41.811677,0.39999999999999997,0.07999999999999999,0.7999999999999999,0.5,3.161388151588094
2026-06-04 11:11:42.811677,0.39999999999999997,0.07999999999999999,0.7999999999999999,0.5,3.161388151588094
2026-06-04 11:11:43.811682,0.39999999999999997,0.07999999999999999,0.7999999999999999,0.5,3.161388151588094
2026-06-04 11:11:44.811682,0.39999999999999997,0.07999999999999999,0.7999999999999999,0.5,3.161388151588094
2026-06-04 11:11:45.811682,0.39999999999999997,0.07999999999999999,0.7999999999999999,0.5,3.161388151588094
2026-06-04 11:11:46.811684,0.39999999999999997,0.07999999999999999,0.7999999999999999,0.5,3.161388151588094
2026-06-04 11:11:47.811684,0.39999999999999997,0.07999999999999999,0.7999999999999999,0.5,3.161388151588094
2026-06-04 11:11:48.811684,0.39999999999999997,0.07999999999999999,0.7999999999999999,0.5,3.161388151588094
2026-06-04 11:11:49.811684,0.39999999999999997,0.07999999999999999,0.7999999999999999,0.5,3.161388151588094
2026-06-04 11:11:50.811698,0.39999999999999997,0.07999999999999999,0.7999999999999999,0.5,3.161388151588094
2026-06-04 11:11:51.812800,0.39999999999999997,0.07999999999999999,0.7999999999999999,0.5,3.161388151588094
2026-06-04 11:11:52.816698,0.39999999999999997,0.07999999999999999,0.7999999999999999,0.5,3.161388151588094
2026-06-04 11:11:53.816698,0.39999999999999997,0.07999999999999999,0.7999999999999999,0.5,3.161388151588094
2026-06-04 11:11:54.824325,0.39999999999999997,0.07999999999999999,0.7999999999999999,0.5,3.217393716689385
2026-06-04 11:11:55.888843,0.39999999999999997,0.07999999999999999,0.7999999999999999,0.5,3.217393716689385
2026-06-04 11:11:56.888953,0.39999999999999997,0.07999999999999999,0.7999999999999999,0.5,3.217393716689385
2026-06-04 11:11:57.888953,0.39999999999999997,0.07999999999999999,0.7999999999999999,0.5,3.217393716689385
2026-06-04 11:11:58.888982,0.39999999999999997,0.07999999999999999,0.7999999999999999,0.5,3.217393716689385
2026-06-04 11:11:59.892428,0.39999999999999997,0.07999999999999999,0.7999999999999999,0.5,3.217393716689385
2026-06-04 11:12:00.892428,0.39999999999999997,0.07999999999999999,0.7999999999999999,0.5,3.217393716689385
2026-06-04 11:12:01.892428,0.39999999999999997,0.07999999999999999,0.7999999999999999,0.5,3.217393716689385
2026-06-04 11:12:02.892428,0.39999999999999997,0.07999999999999999,0.7999999999999999,0.5,3.217393716689385
2026-06-04 11:12:03.892428,0.39999999999999997,0.07999999999999999,0.7999999999999999,0.5,3.217393716689385
2026-06-04 11:12:04.892428,0.39999999999999997,0.07999999999999999,0.7999999999999999,0.5,3.175519178845405
2026-06-04 11:12:05.892428,0.39999999999999997,0.07999999999999999,0.7999999999999999,0.5,3.175519178845405
2026-06-04 11:12:06.892428,0.39999999999999997,0.07999999999999999,0.7999999999999999,0.5,3.175519178845405
2026-06-04 11:12:07.892428,0.39999999999999997,0.07999999999999999,0.7999999999999999,0.5,3.175519178845405
2026-06-04 11:12:08.920138,0.39999999999999997,0.07999999999999999,0.7999999999999999,0.5,3.175519178845405
2026-06-04 11:12:09.920138,0.39999999999999997,0.07999999999999999,0.7999999999999999,0.5,3.175519178845405
2026-06-04 11:12:10.920138,0.39999999999999997,0.07999999999999999,0.7999999999999999,0.5,3.175519178845405
2026-06-04 11:12:11.920138,0.39999999999999997,0.07999999999999999,0.7999999999999999,0.5,3.175519178845405
2026-06-04 11:12:12.920138,0.39999999999999997,0.07999999999999999,0.7999999999999999,0.5,3.175519178845405
2026-06-04 11:12:13.920138,0.39999999999999997,0.07999999999999999,0.7999999999999999,0.5,3.175519178845405
2026-06-04 11:12:14.924273,0.39999999999999997,0.07999999999999999,0.7999999999999999,0.5,3.175519178845405
2026-06-04 11:12:15.924273,0.39999999999999997,0.07999999999999999,0.7999999999999999,0.5,3.175519178845405
2026-06-04 11:12:16.928552,0.39999999999999997,0.07999999999999999,0.7999999999999999,0.5,3.175519178845405
2026-06-04 11:12:17.928552,0.39999999999999997,0.07999999999999999,0.7999999999999999,0.5,3.175519178845405
2026-06-04 11:12:18.928646,0.39999999999999997,0.07999999999999999,0.7999999999999999,0.5,3.175519178845405
2026-06-04 11:12:19.940125,0.39999999999999997,0.07999999999999999,0.7999999999999999,0.5,3.175519178845405
2026-06-04 11:12:20.942067,0.39999999999999997,0.07999999999999999,0.7999999999999999,0.5,3.175519178845405
2026-06-04 11:12:21.966478,0.39999999999999997,0.07999999999999999,0.7999999999999999,0.5,3.175519178845405
2026-06-04 11:12:22.966503,0.39999999999999997,0.07999999999999999,0.7999999999999999,0.5,3.175519178845405
2026-06-04 11:12:23.966513,0.39999999999999997,0.07999999999999999,0.7999999999999999,0.5,3.175519178845405
2026-06-04 11:12:24.966513,0.39999999999999997,0.07999999999999999,0.7999999999999999,0.5,3.175519178845405
2026-06-04 11:12:25.966513,0.39999999999999997,0.07999999999999999,0.7999999999999999,0.5,3.175519178845405
2026-06-04 11:12:26.966513,0.39999999999999997,0.07999999999999999,0.7999999999999999,0.5,3.175519178845405
2026-06-04 11:12:27.984472,0.39999999999999997,0.07999999999999999,0.7999999999999999,0.5,3.175519178845405
2026-06-04 11:12:28.985431,0.39999999999999997,0.07999999999999999,0.7999999999999999,0.5,3.175519178845405
2026-06-04 11:12:29.985488,0.39999999999999997,0.07999999999999999,0.7999999999999999,0.5,3.175519178845405
2026-06-04 11:12:30.985488,0.39999999999999997,0.07999999999999999,0.7999999999999999,0.5,3.175519178845405
2026-06-04 11:12:31.985488,0.39999999999999997,0.07999999999999999,0.7999999999999999,0.5,3.175519178845405
2026-06-04 11:12:33.006410,0.39999999999999997,0.07999999999999999,0.7999999999999999,0.5,3.175519178845405
2026-06-04 11:12:34.006410,0.39999999999999997,0.07999999999999999,0.7999999999999999,0.5,3.175519178845405
2026-06-04 11:12:35.006517,0.39999999999999997,0.07999999999999999,0.7999999999999999,0.5,3.175519178845405
2026-06-04 11:12:36.006517,0.39999999999999997,0.07999999999999999,0.7999999999999999,0.5,3.175519178845405
2026-06-04 11:12:37.006517,0.39999999999999997,0.07999999999999999,0.7999999999999999,0.5,3.175519178845405
2026-06-04 11:12:38.007367,0.39999999999999997,0.07999999999999999,0.7999999999999999,0.5,3.175519178845405
2026-06-04 11:12:39.007443,0.39999999999999997,0.07999999999999999,0.7999999999999999,0.5,3.175519178845405
2026-06-04 11:12:40.007443,0.39999999999999997,0.07999999999999999,0.7999999999999999,0.5,3.175519178845405
2026-06-04 11:12:41.007445,0.39999999999999997,0.07999999999999999,0.7999999999999999,0.5,3.175519178845405
2026-06-04 11:12:42.007445,0.39999999999999997,0.07999999999999999,0.7999999999999999,0.5,3.175519178845405
2026-06-04 11:12:43.009601,0.39999999999999997,0.07999999999999999,0.7999999999999999,0.5,3.175519178845405
2026-06-04 11:12:44.015764,0.39999999999999997,0.07999999999999999,0.7999999999999999,0.5,3.175519178845405
2026-06-04 11:12:45.015772,0.39999999999999997,0.07999999999999999,0.7999999999999999,0.5,3.175519178845405
2026-06-04 11:12:46.018679,0.39999999999999997,0.07999999999999999,0.7999999999999999,0.5,3.175519178845405
2026-06-04 11:12:47.018679,0.39999999999999997,0.07999999999999999,0.7999999999999999,0.5,3.175519178845405
2026-06-04 11:12:48.018679,0.39999999999999997,0.07999999999999999,0.7999999999999999,0.5,3.175519178845405
2026-06-04 11:12:49.018679,0.39999999999999997,0.07999999999999999,0.7999999999999999,0.5,3.175519178845405
2026-06-04 11:12:50.018681,0.39999999999999997,0.07999999999999999,0.7999999999999999,0.5,3.175519178845405
2026-06-04 11:12:51.019719,0.39999999999999997,0.07999999999999999,0.7999999999999999,0.5,3.175519178845405
2026-06-04 11:12:52.019719,0.39999999999999997,0.07999999999999999,0.7999999999999999,0.5,3.175519178845405
2026-06-04 11:12:53.019739,0.39999999999999997,0.07999999999999999,0.7999999999999999,0.5,3.175519178845405
2026-06-04 11:12:54.019739,0.39999999999999997,0.07999999999999999,0.7999999999999999,0.5,3.175519178845405
2026-06-04 11:12:55.019739,0.39999999999999997,0.07999999999999999,0.7999999999999999,0.5,3.175519178845405
2026-06-04 11:12:56.019739,0.39999999999999997,0.07999999999999999,0.7999999999999999,0.5,3.175519178845405
2026-06-04 11:12:57.019739,0.39999999999999997,0.07999999999999999,0.7999999999999999,0.5,3.175519178845405
2026-06-04 11:12:58.019978,0.39999999999999997,0.07999999999999999,0.7999999999999999,0.5,3.175519178845405
2026-06-04 11:12:59.019978,0.39999999999999997,0.07999999999999999,0.7999999999999999,0.5,3.175519178845405
2026-06-04 11:13:00.019978,0.39999999999999997,0.07999999999999999,0.7999999999999999,0.5,3.175519178845405
2026-06-04 11:13:01.019986,0.39999999999999997,0.07999999999999999,0.7999999999999999,0.5,3.175519178845405
2026-06-04 11:13:02.020152,0.39999999999999997,0.07999999999999999,0.7999999999999999,0.5,3.175519178845405
2026-06-04 11:13:03.020152,0.39999999999999997,0.07999999999999999,0.7999999999999999,0.5,3.175519178845405
2026-06-04 11:13:04.020159,0.39999999999999997,0.07999999999999999,0.7999999999999999,0.5,3.175519178845405
2026-06-04 11:13:05.027538,0.39999999999999997,0.07999999999999999,0.7999999999999999,0.5,3.175519178845405
2026-06-04 11:13:06.027538,0.39999999999999997,0.07999999999999999,0.7999999999999999,0.5,3.175519178845405
2026-06-04 11:13:07.027538,0.39999999999999997,0.07999999999999999,0.7999999999999999,0.5,3.175519178845405
2026-06-04 11:13:08.027538,0.39999999999999997,0.07999999999999999,0.7999999999999999,0.5,3.175519178845405
2026-06-04 11:13:09.027538,0.39999999999999997,0.07999999999999999,0.7999999999999999,0.5,3.175519178845405
2026-06-04 11:13:10.027538,0.39999999999999997,0.07999999999999999,0.7999999999999999,0.5,3.175519178845405
2026-06-04 11:13:11.031485,0.39999999999999997,0.07999999999999999,0.7999999999999999,0.5,3.175519178845405
2026-06-04 11:13:12.031685,0.39999999999999997,0.07999999999999999,0.7999999999999999,0.5,3.175519178845405
2026-06-04 11:13:13.031685,0.39999999999999997,0.07999999999999999,0.7999999999999999,0.5,3.175519178845405
2026-06-04 11:13:14.031685,0.39999999999999997,0.07999999999999999,0.7999999999999999,0.5,3.175519178845405
2026-06-04 11:13:15.031685,0.39999999999999997,0.07999999999999999,0.7999999999999999,0.5,3.175519178845405
2026-06-04 11:13:16.031690,0.39999999999999997,0.07999999999999999,0.7999999999999999,0.5,3.175519178845405
2026-06-04 11:13:17.032283,0.39999999999999997,0.07999999999999999,0.7999999999999999,0.5,3.175519178845405
2026-06-04 11:13:18.032283,0.39999999999999997,0.07999999999999999,0.7999999999999999,0.5,3.175519178845405
2026-06-04 11:13:19.032283,0.39999999999999997,0.07999999999999999,0.7999999999999999,0.5,3.175519178845405
2026-06-04 11:13:20.032837,0.39999999999999997,0.07999999999999999,0.7999999999999999,0.5,3.175519178845405
2026-06-04 11:13:21.032837,0.39999999999999997,0.07999999999999999,0.7999999999999999,0.5,3.175519178845405
2026-06-04 11:13:22.032837,0.39999999999999997,0.07999999999999999,0.7999999999999999,0.5,3.175519178845405
2026-06-04 11:13:23.032837,0.39999999999999997,0.07999999999999999,0.7999999999999999,0.5,3.175519178845405
2026-06-04 11:13:24.033054,0.39999999999999997,0.07999999999999999,0.7999999999999999,0.5,3.175519178845405
2026-06-04 11:13:25.033054,0.39999999999999997,0.07999999999999999,0.7999999999999999,0.5,3.175519178845405
2026-06-04 11:13:26.033054,0.39999999999999997,0.07999999999999999,0.7999999999999999,0.5,3.175519178845405
2026-06-04 11:13:27.035285,0.39999999999999997,0.07999999999999999,0.7999999999999999,0.5,3.175519178845405
2026-06-04 11:13:28.035285,0.39999999999999997,0.07999999999999999,0.7999999999999999,0.5,3.175519178845405
2026-06-04 11:13:29.035288,0.39999999999999997,0.07999999999999999,0.7999999999999999,0.5,3.175519178845405
2026-06-04 11:13:30.035288,0.39999999999999997,0.07999999999999999,0.7999999999999999,0.5,3.175519178845405
2026-06-04 11:13:31.035288,0.39999999999999997,0.07999999999999999,0.7999999999999999,0.5,3.175519178845405
2026-06-04 11:13:32.036143,0.39999999999999997,0.07999999999999999,0.7999999999999999,0.5,3.175519178845405
2026-06-04 11:13:33.036143,0.39999999999999997,0.07999999999999999,0.7999999999999999,0.5,3.175519178845405
2026-06-04 11:13:34.036143,0.39999999999999997,0.07999999999999999,0.7999999999999999,0.5,3.175519178845405
2026-06-04 11:13:35.036143,0.39999999999999997,0.07999999999999999,0.7999999999999999,0.5,3.175519178845405
2026-06-04 11:13:36.036143,0.39999999999999997,0.07999999999999999,0.7999999999999999,0.5,3.175519178845405
2026-06-04 11:13:37.040270,0.39999999999999997,0.07999999999999999,0.7999999999999999,0.5,3.175519178845405
2026-06-04 11:13:38.040300,0.39999999999999997,0.07999999999999999,0.7999999999999999,0.5,3.175519178845405
2026-06-04 11:13:39.040300,0.39999999999999997,0.07999999999999999,0.7999999999999999,0.5,3.175519178845405
2026-06-04 11:13:40.047848,0.39999999999999997,0.07999999999999999,0.7999999999999999,0.5,3.175519178845405
2026-06-04 11:13:41.059926,0.39999999999999997,0.07999999999999999,0.7999999999999999,0.5,3.175519178845405
2026-06-04 11:13:42.059926,0.39999999999999997,0.07999999999999999,0.7999999999999999,0.5,3.175519178845405
2026-06-04 11:13:43.059928,0.39999999999999997,0.07999999999999999,0.7999999999999999,0.5,3.175519178845405
2026-06-04 11:13:44.059928,0.39999999999999997,0.07999999999999999,0.7999999999999999,0.5,3.175519178845405
2026-06-04 11:13:45.059928,0.39999999999999997,0.07999999999999999,0.7999999999999999,0.5,3.175519178845405
2026-06-04 11:13:46.059931,0.39999999999999997,0.07999999999999999,0.7999999999999999,0.5,3.175519178845405
2026-06-04 11:13:47.059931,0.39999999999999997,0.07999999999999999,0.7999999999999999,0.5,3.175519178845405
2026-06-04 11:13:48.059931,0.39999999999999997,0.07999999999999999,0.7999999999999999,0.5,3.175519178845405
2026-06-04 11:13:49.059931,0.39999999999999997,0.07999999999999999,0.7999999999999999,0.5,3.175519178845405
2026-06-04 11:13:50.064999,0.39999999999999997,0.07999999999999999,0.7999999999999999,0.5,3.175519178845405
2026-06-04 11:13:51.064999,0.39999999999999997,0.07999999999999999,0.7999999999999999,0.5,3.175519178845405
2026-06-04 11:13:52.065077,0.39999999999999997,0.07999999999999999,0.7999999999999999,0.5,3.175519178845405
2026-06-04 11:13:53.065077,0.39999999999999997,0.07999999999999999,0.7999999999999999,0.5,3.175519178845405
2026-06-04 11:13:54.065077,0.39999999999999997,0.07999999999999999,0.7999999999999999,0.5,3.175519178845405
2026-06-04 11:13:55.065077,0.39999999999999997,0.07999999999999999,0.7999999999999999,0.5,3.175519178845405
2026-06-04 11:13:56.065107,0.39999999999999997,0.07999999999999999,0.7999999999999999,0.5,3.175519178845405
2026-06-04 11:13:57.065107,0.39999999999999997,0.07999999999999999,0.7999999999999999,0.5,3.175519178845405
2026-06-04 11:13:58.065111,0.39999999999999997,0.07999999999999999,0.7999999999999999,0.5,3.175519178845405
2026-06-04 11:13:59.065111,0.39999999999999997,0.07999999999999999,0.7999999999999999,0.5,3.175519178845405
2026-06-04 11:14:00.067301,0.39999999999999997,0.07999999999999999,0.7999999999999999,0.5,3.175519178845405
2026-06-04 11:14:01.067301,0.39999999999999997,0.07999999999999999,0.7999999999999999,0.5,3.175519178845405
2026-06-04 11:14:02.067301,0.39999999999999997,0.07999999999999999,0.7999999999999999,0.5,3.175519178845405
2026-06-04 11:14:03.067301,0.39999999999999997,0.07999999999999999,0.7999999999999999,0.5,3.175519178845405
2026-06-04 11:14:04.067301,0.39999999999999997,0.07999999999999999,0.7999999999999999,0.5,3.175519178845405
2026-06-04 11:14:05.067301,0.39999999999999997,0.07999999999999999,0.7999999999999999,0.5,3.175519178845405
2026-06-04 11:14:06.067341,0.39999999999999997,0.07999999999999999,0.7999999999999999,0.5,3.175519178845405
2026-06-04 11:14:07.067341,0.39999999999999997,0.07999999999999999,0.7999999999999999,0.5,3.175519178845405
2026-06-04 11:14:08.067344,0.39999999999999997,0.07999999999999999,0.7999999999999999,0.5,3.102187174968889
2026-06-04 11:14:09.067344,0.39999999999999997,0.07999999999999999,0.7999999999999999,0.5,3.102187174968889
2026-06-04 11:14:10.067344,0.39999999999999997,0.07999999999999999,0.7999999999999999,0.5,3.102187174968889
2026-06-04 11:14:11.067344,0.39999999999999997,0.07999999999999999,0.7999999999999999,0.5,3.102187174968889
2026-06-04 11:14:12.067344,0.39999999999999997,0.07999999999999999,0.7999999999999999,0.5,3.102187174968889
2026-06-04 11:14:13.067344,0.39999999999999997,0.07999999999999999,0.7999999999999999,0.5,3.102187174968889
2026-06-04 11:14:14.074711,0.39999999999999997,0.07999999999999999,0.7999999999999999,0.5,3.102187174968889
2026-06-04 11:14:15.074711,0.39999999999999997,0.07999999999999999,0.7999999999999999,0.5,3.102187174968889
2026-06-04 11:14:16.074711,0.39999999999999997,0.07999999999999999,0.7999999999999999,0.5,3.102187174968889
2026-06-04 11:14:17.077123,0.39999999999999997,0.07999999999999999,0.7999999999999999,0.5,3.102187174968889
2026-06-04 11:14:18.077123,0.39999999999999997,0.07999999999999999,0.7999999999999999,0.5,3.054854330124076
2026-06-04 11:14:19.097582,0.39999999999999997,0.07999999999999999,0.7999999999999999,0.5,3.054854330124076
2026-06-04 11:14:20.099314,0.39999999999999997,0.07999999999999999,0.7999999999999999,0.5,3.054854330124076
2026-06-04 11:14:21.108296,0.39999999999999997,0.07999999999999999,0.7999999999999999,0.5,3.054854330124076
2026-06-04 11:14:22.108296,0.39999999999999997,0.07999999999999999,0.7999999999999999,0.5,3.054854330124076
2026-06-04 11:14:23.108296,0.39999999999999997,0.07999999999999999,0.7999999999999999,0.5,3.054854330124076
2026-06-04 11:14:24.108420,0.39999999999999997,0.07999999999999999,0.7999999999999999,0.5,3.054854330124076
2026-06-04 11:14:25.108420,0.39999999999999997,0.07999999999999999,0.7999999999999999,0.5,3.054854330124076
2026-06-04 11:14:26.108420,0.39999999999999997,0.07999999999999999,0.7999999999999999,0.5,3.054854330124076
2026-06-04 11:14:27.123125,0.39999999999999997,0.07999999999999999,0.7999999999999999,0.5,3.054854330124076
2026-06-04 11:14:28.123141,0.39999999999999997,0.07999999999999999,0.7999999999999999,0.5,3.054854330124076
2026-06-04 11:14:29.125746,0.39999999999999997,0.07999999999999999,0.7999999999999999,0.5,3.054854330124076
2026-06-04 11:14:30.125749,0.39999999999999997,0.07999999999999999,0.7999999999999999,0.5,3.054854330124076
2026-06-04 11:14:31.125749,0.39999999999999997,0.07999999999999999,0.7999999999999999,0.5,3.054854330124076
2026-06-04 11:14:32.125751,0.39999999999999997,0.07999999999999999,0.7999999999999999,0.5,3.054854330124076
2026-06-04 11:14:33.125751,0.39999999999999997,0.07999999999999999,0.7999999999999999,0.5,3.054854330124076
2026-06-04 11:14:34.132306,0.39999999999999997,0.07999999999999999,0.7999999999999999,0.5,3.054854330124076
2026-06-04 11:14:35.133145,0.39999999999999997,0.07999999999999999,0.7999999999999999,0.5,3.054854330124076
2026-06-04 11:14:36.134673,0.39999999999999997,0.07999999999999999,0.7999999999999999,0.5,3.054854330124076
2026-06-04 11:14:37.134673,0.39999999999999997,0.07999999999999999,0.7999999999999999,0.5,3.054854330124076
2026-06-04 11:14:38.134673,0.39999999999999997,0.07999999999999999,0.7999999999999999,0.5,3.054854330124076
2026-06-04 11:14:39.134696,0.39999999999999997,0.07999999999999999,0.7999999999999999,0.5,3.054854330124076
2026-06-04 11:14:40.134696,0.39999999999999997,0.07999999999999999,0.7999999999999999,0.5,3.054854330124076
2026-06-04 11:14:41.134696,0.39999999999999997,0.07999999999999999,0.7999999999999999,0.5,3.054854330124076
2026-06-04 11:14:42.134696,0.39999999999999997,0.07999999999999999,0.7999999999999999,0.5,3.054854330124076
2026-06-04 11:14:43.134704,0.39999999999999997,0.07999999999999999,0.7999999999999999,0.5,3.054854330124076
2026-06-04 11:14:44.134704,0.39999999999999997,0.07999999999999999,0.7999999999999999,0.5,3.054854330124076
2026-06-04 11:14:45.134704,0.39999999999999997,0.07999999999999999,0.7999999999999999,0.5,3.054854330124076
2026-06-04 11:14:46.148415,0.39999999999999997,0.07999999999999999,0.7999999999999999,0.5,3.054854330124076
2026-06-04 11:14:47.148690,0.39999999999999997,0.07999999999999999,0.7999999999999999,0.5,3.054854330124076
2026-06-04 11:14:48.155728,0.39999999999999997,0.07999999999999999,0.7999999999999999,0.5,3.054854330124076
2026-06-04 11:14:49.155878,0.39999999999999997,0.07999999999999999,0.7999999999999999,0.5,3.054854330124076
2026-06-04 11:14:50.155880,0.39999999999999997,0.07999999999999999,0.7999999999999999,0.5,3.054854330124076
2026-06-04 11:14:51.155880,0.39999999999999997,0.07999999999999999,0.7999999999999999,0.5,3.054854330124076
2026-06-04 11:14:52.155880,0.39999999999999997,0.07999999999999999,0.7999999999999999,0.5,3.054854330124076
2026-06-04 11:14:53.155880,0.39999999999999997,0.07999999999999999,0.7999999999999999,0.5,3.054854330124076
2026-06-04 11:14:54.155880,0.39999999999999997,0.07999999999999999,0.7999999999999999,0.5,3.054854330124076
2026-06-04 11:14:55.155942,0.39999999999999997,0.07999999999999999,0.7999999999999999,0.5,3.054854330124076
2026-06-04 11:14:56.158144,0.39999999999999997,0.07999999999999999,0.7999999999999999,0.5,3.054854330124076
2026-06-04 11:14:57.158144,0.39999999999999997,0.07999999999999999,0.7999999999999999,0.5,3.054854330124076
2026-06-04 11:14:58.158144,0.39999999999999997,0.07999999999999999,0.7999999999999999,0.5,3.054854330124076
2026-06-04 11:14:59.158144,0.39999999999999997,0.07999999999999999,0.7999999999999999,0.5,3.054854330124076
2026-06-04 11:15:00.158144,0.39999999999999997,0.07999999999999999,0.7999999999999999,0.5,3.054854330124076
2026-06-04 11:15:01.158144,0.39999999999999997,0.07999999999999999,0.7999999999999999,0.5,3.054854330124076
2026-06-04 11:15:02.158147,0.39999999999999997,0.07999999999999999,0.7999999999999999,0.5,3.054854330124076
2026-06-04 11:15:03.158154,0.39999999999999997,0.07999999999999999,0.7999999999999999,0.5,3.054854330124076
2026-06-04 11:15:04.158157,0.39999999999999997,0.07999999999999999,0.7999999999999999,0.5,3.054854330124076
2026-06-04 11:15:05.158157,0.39999999999999997,0.07999999999999999,0.7999999999999999,0.5,3.054854330124076
2026-06-04 11:15:06.158157,0.39999999999999997,0.07999999999999999,0.7999999999999999,0.5,3.054854330124076
2026-06-04 11:15:07.158157,0.39999999999999997,0.07999999999999999,0.7999999999999999,0.5,3.054854330124076
2026-06-04 11:15:08.161878,0.39999999999999997,0.07999999999999999,0.7999999999999999,0.5,3.054854330124076
2026-06-04 11:15:09.161878,0.39999999999999997,0.07999999999999999,0.7999999999999999,0.5,3.054854330124076
2026-06-04 11:15:10.161881,0.39999999999999997,0.07999999999999999,0.7999999999999999,0.5,3.054854330124076
2026-06-04 11:15:11.161881,0.39999999999999997,0.07999999999999999,0.7999999999999999,0.5,3.054854330124076
2026-06-04 11:15:12.161881,0.39999999999999997,0.07999999999999999,0.7999999999999999,0.5,3.054854330124076
2026-06-04 11:15:13.165094,0.39999999999999997,0.07999999999999999,0.7999999999999999,0.5,3.054854330124076
2026-06-04 11:15:14.166531,0.39999999999999997,0.07999999999999999,0.7999999999999999,0.5,3.054854330124076
2026-06-04 11:15:15.166533,0.39999999999999997,0.07999999999999999,0.7999999999999999,0.5,3.054854330124076
2026-06-04 11:15:16.166533,0.39999999999999997,0.07999999999999999,0.7999999999999999,0.5,3.054854330124076
2026-06-04 11:15:17.166533,0.39999999999999997,0.07999999999999999,0.7999999999999999,0.5,3.054854330124076
2026-06-04 11:15:18.168124,0.39999999999999997,0.07999999999999999,0.7999999999999999,0.5,3.054854330124076
2026-06-04 11:15:19.168124,0.39999999999999997,0.07999999999999999,0.7999999999999999,0.5,3.054854330124076
2026-06-04 11:15:20.173087,0.39999999999999997,0.07999999999999999,0.7999999999999999,0.5,3.054854330124076
2026-06-04 11:15:21.173087,0.39999999999999997,0.07999999999999999,0.7999999999999999,0.5,3.054854330124076
2026-06-04 11:15:22.173087,0.39999999999999997,0.07999999999999999,0.7999999999999999,0.5,3.054854330124076
2026-06-04 11:15:23.181716,0.39999999999999997,0.07999999999999999,0.7999999999999999,0.5,3.054854330124076
2026-06-04 11:15:24.182347,0.39999999999999997,0.07999999999999999,0.7999999999999999,0.5,3.054854330124076
2026-06-04 11:15:25.182347,0.39999999999999997,0.07999999999999999,0.7999999999999999,0.5,3.054854330124076
2026-06-04 11:15:26.182586,0.39999999999999997,0.07999999999999999,0.7999999999999999,0.5,3.054854330124076
2026-06-04 11:15:27.182586,0.39999999999999997,0.07999999999999999,0.7999999999999999,0.5,3.054854330124076
2026-06-04 11:15:28.182586,0.39999999999999997,0.07999999999999999,0.7999999999999999,0.5,3.054854330124076
2026-06-04 11:15:29.182586,0.39999999999999997,0.07999999999999999,0.7999999999999999,0.5,3.054854330124076
2026-06-04 11:15:30.182586,0.39999999999999997,0.07999999999999999,0.7999999999999999,0.5,3.054854330124076
2026-06-04 11:15:31.183436,0.39999999999999997,0.07999999999999999,0.7999999999999999,0.5,3.054854330124076
2026-06-04 11:15:32.183456,0.39999999999999997,0.07999999999999999,0.7999999999999999,0.5,3.054854330124076
2026-06-04 11:15:33.183995,0.39999999999999997,0.07999999999999999,0.7999999999999999,0.5,3.054854330124076
2026-06-04 11:15:34.184006,0.39999999999999997,0.07999999999999999,0.7999999999999999,0.5,3.054854330124076
2026-06-04 11:15:35.187782,0.39999999999999997,0.07999999999999999,0.7999999999999999,0.5,3.054854330124076
2026-06-04 11:15:36.187996,0.39999999999999997,0.07999999999999999,0.7999999999999999,0.5,3.054854330124076
2026-06-04 11:15:37.187996,0.39999999999999997,0.07999999999999999,0.7999999999999999,0.5,3.054854330124076
2026-06-04 11:15:38.187996,0.39999999999999997,0.07999999999999999,0.7999999999999999,0.5,3.054854330124076
2026-06-04 11:15:39.187996,0.39999999999999997,0.07999999999999999,0.7999999999999999,0.5,3.054854330124076
2026-06-04 11:15:40.187996,0.39999999999999997,0.07999999999999999,0.7999999999999999,0.5,3.054854330124076
2026-06-04 11:15:41.187996,0.39999999999999997,0.07999999999999999,0.7999999999999999,0.5,3.054854330124076
2026-06-04 11:15:42.187996,0.39999999999999997,0.07999999999999999,0.7999999999999999,0.5,3.054854330124076
2026-06-04 11:15:43.187996,0.39999999999999997,0.07999999999999999,0.7999999999999999,0.5,3.054854330124076
2026-06-04 11:15:44.188019,0.39999999999999997,0.07999999999999999,0.7999999999999999,0.5,3.054854330124076
2026-06-04 11:15:45.188019,0.39999999999999997,0.07999999999999999,0.7999999999999999,0.5,3.054854330124076
2026-06-04 11:15:46.192298,0.39999999999999997,0.07999999999999999,0.7999999999999999,0.5,3.054854330124076
2026-06-04 11:15:47.192298,0.39999999999999997,0.07999999999999999,0.7999999999999999,0.5,3.054854330124076
2026-06-04 11:15:48.192298,0.39999999999999997,0.07999999999999999,0.7999999999999999,0.5,3.054854330124076
2026-06-04 11:15:49.200980,0.39999999999999997,0.07999999999999999,0.7999999999999999,0.5,3.054854330124076
2026-06-04 11:15:50.204500,0.39999999999999997,0.07999999999999999,0.7999999999999999,0.5,3.054854330124076
2026-06-04 11:15:51.204500,0.39999999999999997,0.07999999999999999,0.7999999999999999,0.5,3.054854330124076
2026-06-04 11:15:52.204556,0.39999999999999997,0.07999999999999999,0.7999999999999999,0.5,3.054854330124076
2026-06-04 11:15:53.204571,0.39999999999999997,0.07999999999999999,0.7999999999999999,0.5,3.054854330124076
2026-06-04 11:15:54.204587,0.39999999999999997,0.07999999999999999,0.7999999999999999,0.5,3.054854330124076
2026-06-04 11:15:55.223284,0.39999999999999997,0.07999999999999999,0.7999999999999999,0.5,3.054854330124076
2026-06-04 11:15:56.223286,0.39999999999999997,0.07999999999999999,0.7999999999999999,0.5,3.054854330124076
2026-06-04 11:15:57.232636,0.39999999999999997,0.07999999999999999,0.7999999999999999,0.5,3.054854330124076
2026-06-04 11:15:58.232687,0.39999999999999997,0.07999999999999999,0.7999999999999999,0.5,3.054854330124076
2026-06-04 11:15:59.232687,0.39999999999999997,0.07999999999999999,0.7999999999999999,0.5,3.054854330124076
2026-06-04 11:16:00.232691,0.39999999999999997,0.07999999999999999,0.7999999999999999,0.5,3.054854330124076
2026-06-04 11:16:01.232691,0.39999999999999997,0.07999999999999999,0.7999999999999999,0.5,3.054854330124076
2026-06-04 11:16:02.232692,0.39999999999999997,0.07999999999999999,0.7999999999999999,0.5,3.054854330124076
2026-06-04 11:16:03.232692,0.39999999999999997,0.07999999999999999,0.7999999999999999,0.5,3.054854330124076
2026-06-04 11:16:04.232692,0.39999999999999997,0.07999999999999999,0.7999999999999999,0.5,3.054854330124076
2026-06-04 11:16:05.232692,0.39999999999999997,0.07999999999999999,0.7999999999999999,0.5,3.054854330124076
2026-06-04 11:16:06.240019,0.39999999999999997,0.07999999999999999,0.7999999999999999,0.5,3.054854330124076
2026-06-04 11:16:07.271701,0.39999999999999997,0.07999999999999999,0.7999999999999999,0.5,3.054854330124076
2026-06-04 11:16:08.271701,0.39999999999999997,0.07999999999999999,0.7999999999999999,0.5,3.054854330124076
2026-06-04 11:16:09.271701,0.39999999999999997,0.07999999999999999,0.7999999999999999,0.5,3.054854330124076
2026-06-04 11:16:10.271701,0.39999999999999997,0.07999999999999999,0.7999999999999999,0.5,3.054854330124076
2026-06-04 11:16:11.271701,0.39999999999999997,0.07999999999999999,0.7999999999999999,0.5,3.054854330124076
2026-06-04 11:16:12.271701,0.39999999999999997,0.07999999999999999,0.7999999999999999,0.5,3.054854330124076
2026-06-04 11:16:13.271701,0.39999999999999997,0.07999999999999999,0.7999999999999999,0.5,3.054854330124076
2026-06-04 11:16:14.271702,0.39999999999999997,0.07999999999999999,0.7999999999999999,0.5,3.054854330124076
2026-06-04 11:16:15.271702,0.39999999999999997,0.07999999999999999,0.7999999999999999,0.5,3.054854330124076
2026-06-04 11:16:16.271702,0.39999999999999997,0.07999999999999999,0.7999999999999999,0.5,3.054854330124076
2026-06-04 11:16:17.271753,0.39999999999999997,0.07999999999999999,0.7999999999999999,0.5,3.054854330124076
2026-06-04 11:16:18.271753,0.39999999999999997,0.07999999999999999,0.7999999999999999,0.5,3.054854330124076
2026-06-04 11:16:19.271753,0.39999999999999997,0.07999999999999999,0.7999999999999999,0.5,3.054854330124076
2026-06-04 11:16:20.271900,0.39999999999999997,0.07999999999999999,0.7999999999999999,0.5,3.054854330124076
2026-06-04 11:16:21.271900,0.39999999999999997,0.07999999999999999,0.7999999999999999,0.5,3.054854330124076
2026-06-04 11:16:22.271900,0.39999999999999997,0.07999999999999999,0.7999999999999999,0.5,3.1272349756404925
2026-06-04 11:16:23.271900,0.39999999999999997,0.07999999999999999,0.7999999999999999,0.5,3.1272349756404925
2026-06-04 11:16:24.271900,0.39999999999999997,0.07999999999999999,0.7999999999999999,0.5,3.1272349756404925
2026-06-04 11:16:25.274074,0.39999999999999997,0.07999999999999999,0.7999999999999999,0.5,3.1272349756404925
2026-06-04 11:16:26.287518,0.39999999999999997,0.07999999999999999,0.7999999999999999,0.5,3.1272349756404925
2026-06-04 11:16:27.287518,0.39999999999999997,0.07999999999999999,0.7999999999999999,0.5,3.1272349756404925
2026-06-04 11:16:28.287519,0.39999999999999997,0.07999999999999999,0.7999999999999999,0.5,3.1272349756404925
2026-06-04 11:16:29.287934,0.39999999999999997,0.07999999999999999,0.7999999999999999,0.5,3.1272349756404925
2026-06-04 11:16:30.287935,0.39999999999999997,0.07999999999999999,0.7999999999999999,0.5,3.1272349756404925
2026-06-04 11:16:31.287935,0.39999999999999997,0.07999999999999999,0.7999999999999999,0.5,3.1272349756404925
2026-06-04 11:16:32.288564,0.39999999999999997,0.07999999999999999,0.7999999999999999,0.5,3.0448031901786057
2026-06-04 11:16:33.288564,0.39999999999999997,0.07999999999999999,0.7999999999999999,0.5,3.0448031901786057
2026-06-04 11:16:34.288569,0.39999999999999997,0.07999999999999999,0.7999999999999999,0.5,3.0448031901786057
2026-06-04 11:16:35.288569,0.39999999999999997,0.07999999999999999,0.7999999999999999,0.5,3.0448031901786057
2026-06-04 11:16:36.288810,0.39999999999999997,0.07999999999999999,0.7999999999999999,0.5,3.0448031901786057
2026-06-04 11:16:37.289180,0.39999999999999997,0.07999999999999999,0.7999999999999999,0.5,3.0448031901786057
2026-06-04 11:16:38.289180,0.39999999999999997,0.07999999999999999,0.7999999999999999,0.5,3.0448031901786057
2026-06-04 11:16:39.289309,0.39999999999999997,0.07999999999999999,0.7999999999999999,0.5,3.0448031901786057
2026-06-04 11:16:40.289309,0.39999999999999997,0.07999999999999999,0.7999999999999999,0.5,3.0448031901786057
2026-06-04 11:16:41.289309,0.39999999999999997,0.07999999999999999,0.7999999999999999,0.5,3.0448031901786057
2026-06-04 11:16:42.289378,0.39999999999999997,0.07999999999999999,0.7999999999999999,0.5,3.0448031901786057
2026-06-04 11:16:43.289378,0.39999999999999997,0.07999999999999999,0.7999999999999999,0.5,3.0448031901786057
2026-06-04 11:16:44.289379,0.39999999999999997,0.07999999999999999,0.7999999999999999,0.5,3.0448031901786057
2026-06-04 11:16:45.304584,0.39999999999999997,0.07999999999999999,0.7999999999999999,0.5,3.0448031901786057
2026-06-04 11:16:46.304584,0.39999999999999997,0.07999999999999999,0.7999999999999999,0.5,3.0448031901786057
2026-06-04 11:16:47.304584,0.39999999999999997,0.07999999999999999,0.7999999999999999,0.5,3.0448031901786057
2026-06-04 11:16:48.304584,0.39999999999999997,0.07999999999999999,0.7999999999999999,0.5,3.0448031901786057
2026-06-04 11:16:49.304585,0.39999999999999997,0.07999999999999999,0.7999999999999999,0.5,3.0448031901786057
2026-06-04 11:16:50.304585,0.39999999999999997,0.07999999999999999,0.7999999999999999,0.5,3.0448031901786057
2026-06-04 11:16:51.304585,0.39999999999999997,0.07999999999999999,0.7999999999999999,0.5,3.0448031901786057
2026-06-04 11:16:52.310609,0.39999999999999997,0.07999999999999999,0.7999999999999999,0.5,3.0448031901786057
2026-06-04 11:16:53.310609,0.39999999999999997,0.07999999999999999,0.7999999999999999,0.5,3.0448031901786057
2026-06-04 11:16:54.310609,0.39999999999999997,0.07999999999999999,0.7999999999999999,0.5,3.0448031901786057
2026-06-04 11:16:55.311912,0.39999999999999997,0.07999999999999999,0.7999999999999999,0.5,3.0448031901786057
2026-06-04 11:16:56.314864,0.39999999999999997,0.07999999999999999,0.7999999999999999,0.5,3.0448031901786057
2026-06-04 11:16:57.337293,0.39999999999999997,0.07999999999999999,0.7999999999999999,0.5,3.0448031901786057
2026-06-04 11:16:58.348361,0.39999999999999997,0.07999999999999999,0.7999999999999999,0.5,3.0448031901786057
2026-06-04 11:16:59.348361,0.39999999999999997,0.07999999999999999,0.7999999999999999,0.5,3.0448031901786057
2026-06-04 11:17:00.348361,0.39999999999999997,0.07999999999999999,0.7999999999999999,0.5,3.0448031901786057
2026-06-04 11:17:01.364431,0.39999999999999997,0.07999999999999999,0.7999999999999999,0.5,3.0448031901786057
2026-06-04 11:17:02.364431,0.39999999999999997,0.07999999999999999,0.7999999999999999,0.5,3.0448031901786057
2026-06-04 11:17:03.373606,0.39999999999999997,0.07999999999999999,0.7999999999999999,0.5,3.0448031901786057
2026-06-04 11:17:04.373606,0.39999999999999997,0.07999999999999999,0.7999999999999999,0.5,3.0448031901786057
2026-06-04 11:17:05.373606,0.39999999999999997,0.07999999999999999,0.7999999999999999,0.5,3.0448031901786057
2026-06-04 11:17:06.373606,0.39999999999999997,0.07999999999999999,0.7999999999999999,0.5,3.0448031901786057
2026-06-04 11:17:07.373612,0.39999999999999997,0.07999999999999999,0.7999999999999999,0.5,3.0448031901786057
2026-06-04 11:17:08.373612,0.39999999999999997,0.07999999999999999,0.7999999999999999,0.5,3.0448031901786057
2026-06-04 11:17:09.373612,0.39999999999999997,0.07999999999999999,0.7999999999999999,0.5,3.0448031901786057
2026-06-04 11:17:10.373612,0.39999999999999997,0.07999999999999999,0.7999999999999999,0.5,3.0448031901786057
2026-06-04 11:17:11.373612,0.39999999999999997,0.07999999999999999,0.7999999999999999,0.5,3.0448031901786057
2026-06-04 11:17:12.374293,0.39999999999999997,0.07999999999999999,0.7999999999999999,0.5,3.0448031901786057
2026-06-04 11:17:13.381402,0.39999999999999997,0.07999999999999999,0.7999999999999999,0.5,3.0448031901786057
2026-06-04 11:17:14.381402,0.39999999999999997,0.07999999999999999,0.7999999999999999,0.5,3.0448031901786057
2026-06-04 11:17:15.381402,0.39999999999999997,0.07999999999999999,0.7999999999999999,0.5,3.0448031901786057
2026-06-04 11:17:16.381402,0.39999999999999997,0.07999999999999999,0.7999999999999999,0.5,3.0448031901786057
2026-06-04 11:17:17.394735,0.39999999999999997,0.07999999999999999,0.7999999999999999,0.5,3.0448031901786057
2026-06-04 11:17:18.394735,0.39999999999999997,0.07999999999999999,0.7999999999999999,0.5,3.0448031901786057
2026-06-04 11:17:19.398907,0.39999999999999997,0.07999999999999999,0.7999999999999999,0.5,3.0448031901786057
2026-06-04 11:17:20.417488,0.39999999999999997,0.07999999999999999,0.7999999999999999,0.5,3.0448031901786057
2026-06-04 11:17:21.422499,0.39999999999999997,0.07999999999999999,0.7999999999999999,0.5,3.0448031901786057
2026-06-04 11:17:22.423541,0.39999999999999997,0.07999999999999999,0.7999999999999999,0.5,3.0448031901786057
2026-06-04 11:17:23.423541,0.39999999999999997,0.07999999999999999,0.7999999999999999,0.5,3.0448031901786057
2026-06-04 11:17:24.423621,0.39999999999999997,0.07999999999999999,0.7999999999999999,0.5,3.0448031901786057
2026-06-04 11:17:25.423621,0.39999999999999997,0.07999999999999999,0.7999999999999999,0.5,3.0448031901786057
2026-06-04 11:17:26.423621,0.39999999999999997,0.07999999999999999,0.7999999999999999,0.5,3.0448031901786057
2026-06-04 11:17:27.423621,0.39999999999999997,0.07999999999999999,0.7999999999999999,0.5,3.0448031901786057
2026-06-04 11:17:28.423881,0.39999999999999997,0.07999999999999999,0.7999999999999999,0.5,3.0448031901786057
2026-06-04 11:17:29.423895,0.39999999999999997,0.07999999999999999,0.7999999999999999,0.5,3.0448031901786057
2026-06-04 11:17:30.423900,0.39999999999999997,0.07999999999999999,0.7999999999999999,0.5,3.0448031901786057
2026-06-04 11:17:31.424273,0.39999999999999997,0.07999999999999999,0.7999999999999999,0.5,3.0448031901786057
2026-06-04 11:17:32.424273,0.39999999999999997,0.07999999999999999,0.7999999999999999,0.5,3.0448031901786057
2026-06-04 11:17:33.424273,0.39999999999999997,0.07999999999999999,0.7999999999999999,0.5,3.0448031901786057
2026-06-04 11:17:34.424273,0.39999999999999997,0.07999999999999999,0.7999999999999999,0.5,3.0448031901786057
2026-06-04 11:17:35.424273,0.39999999999999997,0.07999999999999999,0.7999999999999999,0.5,3.0448031901786057
2026-06-04 11:17:36.424313,0.39999999999999997,0.07999999999999999,0.7999999999999999,0.5,3.0448031901786057
2026-06-04 11:17:37.427172,0.39999999999999997,0.07999999999999999,0.7999999999999999,0.5,3.0448031901786057
2026-06-04 11:17:38.427172,0.39999999999999997,0.07999999999999999,0.7999999999999999,0.5,3.0448031901786057
2026-06-04 11:17:39.434488,0.39999999999999997,0.07999999999999999,0.7999999999999999,0.5,3.0448031901786057
2026-06-04 11:17:40.434488,0.39999999999999997,0.07999999999999999,0.7999999999999999,0.5,3.0448031901786057
2026-06-04 11:17:41.434488,0.39999999999999997,0.07999999999999999,0.7999999999999999,0.5,3.0448031901786057
2026-06-04 11:17:42.434488,0.39999999999999997,0.07999999999999999,0.7999999999999999,0.5,3.0448031901786057
2026-06-04 11:17:43.434488,0.39999999999999997,0.07999999999999999,0.7999999999999999,0.5,3.0448031901786057
2026-06-04 11:17:44.434512,0.39999999999999997,0.07999999999999999,0.7999999999999999,0.5,3.0448031901786057
2026-06-04 11:17:45.434551,0.39999999999999997,0.07999999999999999,0.7999999999999999,0.5,3.0448031901786057
2026-06-04 11:17:46.434551,0.39999999999999997,0.07999999999999999,0.7999999999999999,0.5,3.0448031901786057
2026-06-04 11:17:47.435578,0.39999999999999997,0.07999999999999999,0.7999999999999999,0.5,3.0448031901786057
2026-06-04 11:17:48.435578,0.39999999999999997,0.07999999999999999,0.7999999999999999,0.5,3.0448031901786057
2026-06-04 11:17:49.446649,0.39999999999999997,0.07999999999999999,0.7999999999999999,0.5,3.0448031901786057
2026-06-04 11:17:50.446773,0.39999999999999997,0.07999999999999999,0.7999999999999999,0.5,3.0448031901786057
2026-06-04 11:17:51.446773,0.39999999999999997,0.07999999999999999,0.7999999999999999,0.5,3.0448031901786057
2026-06-04 11:17:52.446777,0.39999999999999997,0.07999999999999999,0.7999999999999999,0.5,3.0448031901786057
2026-06-04 11:17:53.446777,0.39999999999999997,0.07999999999999999,0.7999999999999999,0.5,3.0448031901786057
2026-06-04 11:17:54.446864,0.39999999999999997,0.07999999999999999,0.7999999999999999,0.5,3.0448031901786057
2026-06-04 11:17:55.447903,0.39999999999999997,0.07999999999999999,0.7999999999999999,0.5,3.0448031901786057
2026-06-04 11:17:56.447903,0.39999999999999997,0.07999999999999999,0.7999999999999999,0.5,3.0448031901786057
2026-06-04 11:17:57.462232,0.39999999999999997,0.07999999999999999,0.7999999999999999,0.5,3.0448031901786057
2026-06-04 11:17:58.463125,0.39999999999999997,0.07999999999999999,0.7999999999999999,0.5,3.0448031901786057
2026-06-04 11:17:59.463125,0.39999999999999997,0.07999999999999999,0.7999999999999999,0.5,3.0448031901786057
2026-06-04 11:18:00.463125,0.39999999999999997,0.07999999999999999,0.7999999999999999,0.5,3.0448031901786057
2026-06-04 11:18:01.463125,0.39999999999999997,0.07999999999999999,0.7999999999999999,0.5,3.0448031901786057
2026-06-04 11:18:02.463136,0.39999999999999997,0.07999999999999999,0.7999999999999999,0.5,3.0448031901786057
2026-06-04 11:18:03.463635,0.39999999999999997,0.07999999999999999,0.7999999999999999,0.5,3.0448031901786057
2026-06-04 11:18:04.465700,0.39999999999999997,0.07999999999999999,0.7999999999999999,0.5,3.0448031901786057
2026-06-04 11:18:05.465700,0.39999999999999997,0.07999999999999999,0.7999999999999999,0.5,3.0448031901786057
2026-06-04 11:18:06.466085,0.39999999999999997,0.07999999999999999,0.7999999999999999,0.5,3.0448031901786057
2026-06-04 11:18:07.467376,0.39999999999999997,0.07999999999999999,0.7999999999999999,0.5,3.0448031901786057
2026-06-04 11:18:08.467376,0.39999999999999997,0.07999999999999999,0.7999999999999999,0.5,3.0448031901786057
2026-06-04 11:18:09.467376,0.39999999999999997,0.07999999999999999,0.7999999999999999,0.5,3.0448031901786057
2026-06-04 11:18:10.467731,0.39999999999999997,0.07999999999999999,0.7999999999999999,0.5,3.0448031901786057
2026-06-04 11:18:11.467888,0.39999999999999997,0.07999999999999999,0.7999999999999999,0.5,3.0448031901786057
2026-06-04 11:18:12.467901,0.39999999999999997,0.07999999999999999,0.7999999999999999,0.5,3.0448031901786057
2026-06-04 11:18:13.481532,0.39999999999999997,0.07999999999999999,0.7999999999999999,0.5,3.0448031901786057
2026-06-04 11:18:14.487169,0.39999999999999997,0.07999999999999999,0.7999999999999999,0.5,3.0448031901786057
2026-06-04 11:18:15.487169,0.39999999999999997,0.07999999999999999,0.7999999999999999,0.5,3.0448031901786057
2026-06-04 11:18:16.487169,0.39999999999999997,0.07999999999999999,0.7999999999999999,0.5,3.0448031901786057
2026-06-04 11:18:17.487169,0.39999999999999997,0.07999999999999999,0.7999999999999999,0.5,3.0448031901786057
2026-06-04 11:18:18.487180,0.39999999999999997,0.07999999999999999,0.7999999999999999,0.5,3.0448031901786057
2026-06-04 11:18:19.487188,0.39999999999999997,0.07999999999999999,0.7999999999999999,0.5,3.0448031901786057
2026-06-04 11:18:20.503722,0.39999999999999997,0.07999999999999999,0.7999999999999999,0.5,3.0448031901786057
